model,family,representation,family_representative,epsilon,condition,tau_far10,recall_far10,FAR_far10,TP_far10,FN_far10,FP_far10,TN_far10,tau_far15,recall_far15,FAR_far15,TP_far15,FN_far15,FP_far15,TN_far15,tau_far20,recall_far20,FAR_far20,TP_far20,FN_far20,FP_far20,TN_far20,val_auroc,H15_pass_val,F20_pass_val
AFAC_maxscore,AFAC_optionB,lenet,True,0.000,clean,0.132338,1.0,0.0973,44,0,44,408,0.132338,1.0,0.0973,44,0,44,408,0.132338,1.0,0.0973,44,0,44,408,0.9933,True,True
AFAC_maxscore,AFAC_optionB,lenet,True,0.030,pgd,0.234373,0.3864,0.0907,17,27,41,411,0.181992,0.7045,0.1438,31,13,65,387,0.147881,0.8182,0.1947,36,8,88,364,0.8719,False,True
AFAC_optBminFA,AFAC_optionB,lenet,False,0.000,clean,0.135513,0.9773,0.0597,43,1,27,425,0.135513,0.9773,0.0597,43,1,27,425,0.071542,1.0,0.1549,44,0,70,382,0.9917,True,True
AFAC_optBminFA,AFAC_optionB,lenet,False,0.030,pgd,0.154196,0.4091,0.0996,18,26,45,407,0.124508,0.5909,0.135,26,18,61,391,0.088531,0.7273,0.1814,32,12,82,370,0.8545,False,False
GR1_macroF1,GR1_gairat,lenet,True,0.000,clean,0.280013,1.0,0.0066,44,0,3,449,0.280013,1.0,0.0066,44,0,3,449,0.280013,1.0,0.0066,44,0,3,449,0.9971,True,True
GR1_macroF1,GR1_gairat,lenet,True,0.030,pgd,0.250327,0.3409,0.0841,15,29,38,414,0.148867,0.5909,0.1482,26,18,67,385,0.075261,0.8864,0.1903,39,5,86,366,0.8712,False,True
GR1_lowFA,GR1_gairat,lenet,False,0.000,clean,0.265345,1.0,0.0111,44,0,5,447,0.265345,1.0,0.0111,44,0,5,447,0.265345,1.0,0.0111,44,0,5,447,0.9956,True,True
GR1_lowFA,GR1_gairat,lenet,False,0.030,pgd,0.230682,0.25,0.0951,11,33,43,409,0.15018,0.5,0.146,22,22,66,386,0.071021,0.8636,0.1991,38,6,90,362,0.8597,False,True
GR1_safety,GR1_gairat,lenet,False,0.000,clean,0.341954,0.9773,0.0221,43,1,10,442,0.341954,0.9773,0.0221,43,1,10,442,0.160942,1.0,0.1947,44,0,88,364,0.9907,True,True
GR1_safety,GR1_gairat,lenet,False,0.030,pgd,0.416847,0.2955,0.0575,13,31,26,426,0.342693,0.4545,0.1394,20,24,63,389,0.283442,0.6136,0.1991,27,17,90,362,0.819,False,False
SA1_lowFA,SA1_sat,lenet,True,0.000,clean,0.155429,0.9773,0.0354,43,1,16,436,0.082752,1.0,0.1217,44,0,55,397,0.082752,1.0,0.1217,44,0,55,397,0.9963,True,True
SA1_lowFA,SA1_sat,lenet,True,0.030,pgd,0.124667,0.5227,0.0996,23,21,45,407,0.083365,0.6591,0.1416,29,15,64,388,0.048495,0.8864,0.1881,39,5,85,367,0.8728,False,True
SA1_macroF1,SA1_sat,lenet,False,0.000,clean,0.235277,1.0,0.0243,44,0,11,441,0.235277,1.0,0.0243,44,0,11,441,0.235277,1.0,0.0243,44,0,11,441,0.9972,True,True
SA1_macroF1,SA1_sat,lenet,False,0.030,pgd,0.303597,0.2955,0.0973,13,31,44,408,0.210023,0.5455,0.1416,24,20,64,388,0.151631,0.7727,0.1991,34,10,90,362,0.8537,False,False
SA1_safety,SA1_sat,lenet,False,0.000,clean,0.292254,0.9773,0.0265,43,1,12,440,0.186495,1.0,0.1283,44,0,58,394,0.186495,1.0,0.1283,44,0,58,394,0.9946,True,True
SA1_safety,SA1_sat,lenet,False,0.030,pgd,0.32793,0.2727,0.0996,12,32,45,407,0.280597,0.5,0.146,22,22,66,386,0.248859,0.5909,0.1947,26,18,88,364,0.8213,False,False
ST1_lowFA,ST1_beta3p0,lenet,True,0.000,clean,0.258656,0.9773,0.0088,43,1,4,448,0.102715,1.0,0.1327,44,0,60,392,0.102715,1.0,0.1327,44,0,60,392,0.9947,True,True
ST1_lowFA,ST1_beta3p0,lenet,True,0.030,pgd,0.164256,0.4773,0.0996,21,23,45,407,0.114168,0.6591,0.1482,29,15,67,385,0.090181,0.8409,0.1925,37,7,87,365,0.864,False,True
ST1_macroF1,ST1_beta3p0,lenet,False,0.000,clean,0.251298,1.0,0.0199,44,0,9,443,0.251298,1.0,0.0199,44,0,9,443,0.251298,1.0,0.0199,44,0,9,443,0.9986,True,True
ST1_macroF1,ST1_beta3p0,lenet,False,0.030,pgd,0.237062,0.4545,0.0951,20,24,43,409,0.138328,0.75,0.1482,33,11,67,385,0.127056,0.8182,0.1571,36,8,71,381,0.876,False,True
ST1_safety,ST1_beta3p0,lenet,False,0.000,clean,0.333747,1.0,0.0509,44,0,23,429,0.333747,1.0,0.0509,44,0,23,429,0.333747,1.0,0.0509,44,0,23,429,0.994,True,True
ST1_safety,ST1_beta3p0,lenet,False,0.030,pgd,0.458822,0.2273,0.0841,10,34,38,414,0.402889,0.3864,0.1327,17,27,60,392,0.363943,0.5455,0.1726,24,20,78,374,0.8235,False,False
ST1b6_lowFA,ST1b6_beta6p0,lenet,True,0.000,clean,0.20378,0.9773,0.0243,43,1,11,441,0.070631,1.0,0.1283,44,0,58,394,0.070631,1.0,0.1283,44,0,58,394,0.9938,True,True
ST1b6_lowFA,ST1b6_beta6p0,lenet,True,0.030,pgd,0.174677,0.3636,0.0885,16,28,40,412,0.11127,0.4773,0.1305,21,23,59,393,0.051834,0.9091,0.1903,40,4,86,366,0.869,False,True
ST1b6_macroF1,ST1b6_beta6p0,lenet,False,0.000,clean,0.281141,1.0,0.0354,44,0,16,436,0.281141,1.0,0.0354,44,0,16,436,0.281141,1.0,0.0354,44,0,16,436,0.9933,True,True
ST1b6_macroF1,ST1b6_beta6p0,lenet,False,0.030,pgd,0.339001,0.3182,0.0996,14,30,45,407,0.207561,0.6591,0.1438,29,15,65,387,0.132909,0.8636,0.1991,38,6,90,362,0.869,False,True
ST1b6_safety,ST1b6_beta6p0,lenet,False,0.000,clean,0.34781,1.0,0.031,44,0,14,438,0.34781,1.0,0.031,44,0,14,438,0.34781,1.0,0.031,44,0,14,438,0.9922,True,True
ST1b6_safety,ST1b6_beta6p0,lenet,False,0.030,pgd,0.431076,0.2955,0.0907,13,31,41,411,0.375709,0.5,0.1394,22,22,63,389,0.302194,0.6591,0.1858,29,15,84,368,0.8471,False,False
D14B_seed44,D14_pauc_rank,lenet,True,0.000,clean,0.169901,0.9773,0.0686,43,1,31,421,0.169901,0.9773,0.0686,43,1,31,421,0.103409,1.0,0.1593,44,0,72,380,0.99,True,True
D14B_seed44,D14_pauc_rank,lenet,True,0.030,pgd,0.207571,0.5227,0.0951,23,21,43,409,0.166617,0.6591,0.1482,29,15,67,385,0.138483,0.8182,0.1925,36,8,87,365,0.8732,False,True
D14B_seed43,D14_pauc_rank,lenet,False,0.000,clean,0.170063,0.9773,0.0686,43,1,31,421,0.170063,0.9773,0.0686,43,1,31,421,0.108644,1.0,0.1615,44,0,73,379,0.9891,True,True
D14B_seed43,D14_pauc_rank,lenet,False,0.030,pgd,0.209947,0.5455,0.0973,24,20,44,408,0.174463,0.6818,0.146,30,14,66,386,0.14162,0.8409,0.1903,37,7,86,366,0.8769,False,True
VD_seed42,variantD,lenet,True,0.000,clean,0.571962,0.9773,0.031,43,1,14,438,0.571962,0.9773,0.031,43,1,14,438,0.571962,0.9773,0.031,43,1,14,438,0.9889,True,True
VD_seed42,variantD,lenet,True,0.030,pgd,0.99924,0.0,0.0022,0,44,1,451,0.99924,0.0,0.0022,0,44,1,451,0.99924,0.0,0.0022,0,44,1,451,0.6756,False,False
VD_seed43,variantD,lenet,False,0.000,clean,0.291378,1.0,0.0996,44,0,45,407,0.291378,1.0,0.0996,44,0,45,407,0.291378,1.0,0.0996,44,0,45,407,0.995,True,True
VD_seed43,variantD,lenet,False,0.030,pgd,0.994964,0.0,0.0022,0,44,1,451,0.994964,0.0,0.0022,0,44,1,451,0.994964,0.0,0.0022,0,44,1,451,0.6528,False,False
G1_safety_s44,G1_hardneg,lenet,True,0.000,clean,0.20375,1.0,0.0841,44,0,38,414,0.20375,1.0,0.0841,44,0,38,414,0.20375,1.0,0.0841,44,0,38,414,0.9945,True,True
G1_safety_s44,G1_hardneg,lenet,True,0.030,pgd,0.326796,0.4091,0.0973,18,26,44,408,0.297947,0.5682,0.1394,25,19,63,389,0.206332,0.7273,0.1991,32,12,90,362,0.8518,False,False
G1_lowFA_s42,G1_hardneg,lenet,False,0.000,clean,0.251887,0.9773,0.0111,43,1,5,447,0.251887,0.9773,0.0111,43,1,5,447,0.072538,1.0,0.1615,44,0,73,379,0.9942,True,True
G1_lowFA_s42,G1_hardneg,lenet,False,0.030,pgd,0.164404,0.4773,0.0929,21,23,42,410,0.101316,0.6136,0.1416,27,17,64,388,0.056573,0.8864,0.1991,39,5,90,362,0.8756,False,True
G1_maxrec_s42,G1_hardneg,lenet,False,0.000,clean,0.273851,0.9773,0.0243,43,1,11,441,0.273851,0.9773,0.0243,43,1,11,441,0.273851,0.9773,0.0243,43,1,11,441,0.9924,True,True
G1_maxrec_s42,G1_hardneg,lenet,False,0.030,pgd,0.318273,0.2045,0.0951,9,35,43,409,0.281833,0.4091,0.1482,18,26,67,385,0.252891,0.5227,0.1881,23,21,85,367,0.8079,False,False
BLF_macroF1,BiLSTM_finetune,bilstm,True,0.000,clean,0.182492,1.0,0.0597,44,0,27,425,0.182492,1.0,0.0597,44,0,27,425,0.182492,1.0,0.0597,44,0,27,425,0.994,True,True
BLF_macroF1,BiLSTM_finetune,bilstm,True,0.030,pgd,0.543669,0.0,0.0022,0,44,1,451,0.199468,0.1136,0.1416,5,39,64,388,0.160894,0.25,0.1836,11,33,83,369,0.7257,False,False
BLF_maxrec,BiLSTM_finetune,bilstm,False,0.000,clean,0.231512,1.0,0.0487,44,0,22,430,0.231512,1.0,0.0487,44,0,22,430,0.231512,1.0,0.0487,44,0,22,430,0.9932,True,True
BLF_maxrec,BiLSTM_finetune,bilstm,False,0.030,pgd,0.605073,0.0,0.0022,0,44,1,451,0.260799,0.0909,0.1482,4,40,67,385,0.260799,0.0909,0.1482,4,40,67,385,0.6916,False,False
BLF_safety,BiLSTM_finetune,bilstm,False,0.000,clean,0.16239,1.0,0.0819,44,0,37,415,0.16239,1.0,0.0819,44,0,37,415,0.16239,1.0,0.0819,44,0,37,415,0.9902,True,True
BLF_safety,BiLSTM_finetune,bilstm,False,0.030,pgd,0.279488,0.0227,0.0708,1,43,32,420,0.209772,0.0909,0.1438,4,40,65,387,0.160513,0.2273,0.1903,10,34,86,366,0.7104,False,False
