kind,sample_id,true_class,n_models_hard,n_families_hard,models_hard,families_hard,mean_fall_score_all_models,max_fall_score_all_models,min_fall_score_all_models,interpretation
hard_fall,69,fall,24,9,AFAC_maxscore;AFAC_optBminFA;GR1_macroF1;GR1_lowFA;GR1_safety;SA1_lowFA;SA1_macroF1;SA1_safety;ST1_lowFA;ST1_macroF1;ST1_safety;ST1b6_lowFA;ST1b6_macroF1;ST1b6_safety;D14B_seed44;D14B_seed43;VD_seed42;VD_seed43;G1_safety_s44;G1_lowFA_s42;G1_maxrec_s42;BLF_macroF1;BLF_maxrec;BLF_safety,AFAC_optionB;BiLSTM_finetune;D14_pauc_rank;G1_hardneg;GR1_gairat;SA1_sat;ST1_beta3p0;ST1b6_beta6p0;variantD,0.027591,0.139084,0.000821,universal_hard
hard_fall,70,fall,24,9,AFAC_maxscore;AFAC_optBminFA;GR1_macroF1;GR1_lowFA;GR1_safety;SA1_lowFA;SA1_macroF1;SA1_safety;ST1_lowFA;ST1_macroF1;ST1_safety;ST1b6_lowFA;ST1b6_macroF1;ST1b6_safety;D14B_seed44;D14B_seed43;VD_seed42;VD_seed43;G1_safety_s44;G1_lowFA_s42;G1_maxrec_s42;BLF_macroF1;BLF_maxrec;BLF_safety,AFAC_optionB;BiLSTM_finetune;D14_pauc_rank;G1_hardneg;GR1_gairat;SA1_sat;ST1_beta3p0;ST1b6_beta6p0;variantD,0.100682,0.264874,0.023083,universal_hard
hard_fall,88,fall,24,9,AFAC_maxscore;AFAC_optBminFA;GR1_macroF1;GR1_lowFA;GR1_safety;SA1_lowFA;SA1_macroF1;SA1_safety;ST1_lowFA;ST1_macroF1;ST1_safety;ST1b6_lowFA;ST1b6_macroF1;ST1b6_safety;D14B_seed44;D14B_seed43;VD_seed42;VD_seed43;G1_safety_s44;G1_lowFA_s42;G1_maxrec_s42;BLF_macroF1;BLF_maxrec;BLF_safety,AFAC_optionB;BiLSTM_finetune;D14_pauc_rank;G1_hardneg;GR1_gairat;SA1_sat;ST1_beta3p0;ST1b6_beta6p0;variantD,0.113483,0.250042,0.057807,universal_hard
hard_fall,89,fall,24,9,AFAC_maxscore;AFAC_optBminFA;GR1_macroF1;GR1_lowFA;GR1_safety;SA1_lowFA;SA1_macroF1;SA1_safety;ST1_lowFA;ST1_macroF1;ST1_safety;ST1b6_lowFA;ST1b6_macroF1;ST1b6_safety;D14B_seed44;D14B_seed43;VD_seed42;VD_seed43;G1_safety_s44;G1_lowFA_s42;G1_maxrec_s42;BLF_macroF1;BLF_maxrec;BLF_safety,AFAC_optionB;BiLSTM_finetune;D14_pauc_rank;G1_hardneg;GR1_gairat;SA1_sat;ST1_beta3p0;ST1b6_beta6p0;variantD,0.11923,0.251909,0.016026,universal_hard
hard_fall,94,fall,24,9,AFAC_maxscore;AFAC_optBminFA;GR1_macroF1;GR1_lowFA;GR1_safety;SA1_lowFA;SA1_macroF1;SA1_safety;ST1_lowFA;ST1_macroF1;ST1_safety;ST1b6_lowFA;ST1b6_macroF1;ST1b6_safety;D14B_seed44;D14B_seed43;VD_seed42;VD_seed43;G1_safety_s44;G1_lowFA_s42;G1_maxrec_s42;BLF_macroF1;BLF_maxrec;BLF_safety,AFAC_optionB;BiLSTM_finetune;D14_pauc_rank;G1_hardneg;GR1_gairat;SA1_sat;ST1_beta3p0;ST1b6_beta6p0;variantD,0.093397,0.272377,0.016443,universal_hard
hard_fall,97,fall,24,9,AFAC_maxscore;AFAC_optBminFA;GR1_macroF1;GR1_lowFA;GR1_safety;SA1_lowFA;SA1_macroF1;SA1_safety;ST1_lowFA;ST1_macroF1;ST1_safety;ST1b6_lowFA;ST1b6_macroF1;ST1b6_safety;D14B_seed44;D14B_seed43;VD_seed42;VD_seed43;G1_safety_s44;G1_lowFA_s42;G1_maxrec_s42;BLF_macroF1;BLF_maxrec;BLF_safety,AFAC_optionB;BiLSTM_finetune;D14_pauc_rank;G1_hardneg;GR1_gairat;SA1_sat;ST1_beta3p0;ST1b6_beta6p0;variantD,0.131071,0.231462,0.053912,universal_hard
hard_fall,99,fall,24,9,AFAC_maxscore;AFAC_optBminFA;GR1_macroF1;GR1_lowFA;GR1_safety;SA1_lowFA;SA1_macroF1;SA1_safety;ST1_lowFA;ST1_macroF1;ST1_safety;ST1b6_lowFA;ST1b6_macroF1;ST1b6_safety;D14B_seed44;D14B_seed43;VD_seed42;VD_seed43;G1_safety_s44;G1_lowFA_s42;G1_maxrec_s42;BLF_macroF1;BLF_maxrec;BLF_safety,AFAC_optionB;BiLSTM_finetune;D14_pauc_rank;G1_hardneg;GR1_gairat;SA1_sat;ST1_beta3p0;ST1b6_beta6p0;variantD,0.117631,0.31178,0.034274,universal_hard
hard_fall,103,fall,24,9,AFAC_maxscore;AFAC_optBminFA;GR1_macroF1;GR1_lowFA;GR1_safety;SA1_lowFA;SA1_macroF1;SA1_safety;ST1_lowFA;ST1_macroF1;ST1_safety;ST1b6_lowFA;ST1b6_macroF1;ST1b6_safety;D14B_seed44;D14B_seed43;VD_seed42;VD_seed43;G1_safety_s44;G1_lowFA_s42;G1_maxrec_s42;BLF_macroF1;BLF_maxrec;BLF_safety,AFAC_optionB;BiLSTM_finetune;D14_pauc_rank;G1_hardneg;GR1_gairat;SA1_sat;ST1_beta3p0;ST1b6_beta6p0;variantD,0.123815,0.247152,0.008568,universal_hard
hard_fall,71,fall,23,9,AFAC_optBminFA;GR1_macroF1;GR1_lowFA;GR1_safety;SA1_lowFA;SA1_macroF1;SA1_safety;ST1_lowFA;ST1_macroF1;ST1_safety;ST1b6_lowFA;ST1b6_macroF1;ST1b6_safety;D14B_seed44;D14B_seed43;VD_seed42;VD_seed43;G1_safety_s44;G1_lowFA_s42;G1_maxrec_s42;BLF_macroF1;BLF_maxrec;BLF_safety,AFAC_optionB;BiLSTM_finetune;D14_pauc_rank;G1_hardneg;GR1_gairat;SA1_sat;ST1_beta3p0;ST1b6_beta6p0;variantD,0.144882,0.340779,0.019371,universal_hard
hard_fall,77,fall,23,9,AFAC_maxscore;AFAC_optBminFA;GR1_macroF1;GR1_lowFA;GR1_safety;SA1_macroF1;SA1_safety;ST1_lowFA;ST1_macroF1;ST1_safety;ST1b6_lowFA;ST1b6_macroF1;ST1b6_safety;D14B_seed44;D14B_seed43;VD_seed42;VD_seed43;G1_safety_s44;G1_lowFA_s42;G1_maxrec_s42;BLF_macroF1;BLF_maxrec;BLF_safety,AFAC_optionB;BiLSTM_finetune;D14_pauc_rank;G1_hardneg;GR1_gairat;SA1_sat;ST1_beta3p0;ST1b6_beta6p0;variantD,0.151002,0.275776,0.088305,universal_hard
hard_fall,86,fall,23,9,AFAC_maxscore;AFAC_optBminFA;GR1_macroF1;GR1_lowFA;GR1_safety;SA1_lowFA;SA1_macroF1;SA1_safety;ST1_lowFA;ST1_safety;ST1b6_lowFA;ST1b6_macroF1;ST1b6_safety;D14B_seed44;D14B_seed43;VD_seed42;VD_seed43;G1_safety_s44;G1_lowFA_s42;G1_maxrec_s42;BLF_macroF1;BLF_maxrec;BLF_safety,AFAC_optionB;BiLSTM_finetune;D14_pauc_rank;G1_hardneg;GR1_gairat;SA1_sat;ST1_beta3p0;ST1b6_beta6p0;variantD,0.140749,0.312883,0.051834,universal_hard
hard_fall,75,fall,22,9,AFAC_maxscore;AFAC_optBminFA;GR1_macroF1;GR1_lowFA;GR1_safety;SA1_lowFA;SA1_macroF1;SA1_safety;ST1_lowFA;ST1_macroF1;ST1b6_lowFA;ST1b6_macroF1;D14B_seed44;D14B_seed43;VD_seed42;VD_seed43;G1_safety_s44;G1_lowFA_s42;G1_maxrec_s42;BLF_macroF1;BLF_maxrec;BLF_safety,AFAC_optionB;BiLSTM_finetune;D14_pauc_rank;G1_hardneg;GR1_gairat;SA1_sat;ST1_beta3p0;ST1b6_beta6p0;variantD,0.209421,0.630032,0.034934,universal_hard
hard_fall,78,fall,22,9,AFAC_maxscore;AFAC_optBminFA;GR1_macroF1;GR1_lowFA;GR1_safety;SA1_macroF1;SA1_safety;ST1_macroF1;ST1_safety;ST1b6_lowFA;ST1b6_macroF1;ST1b6_safety;D14B_seed44;D14B_seed43;VD_seed42;VD_seed43;G1_safety_s44;G1_lowFA_s42;G1_maxrec_s42;BLF_macroF1;BLF_maxrec;BLF_safety,AFAC_optionB;BiLSTM_finetune;D14_pauc_rank;G1_hardneg;GR1_gairat;SA1_sat;ST1_beta3p0;ST1b6_beta6p0;variantD,0.206203,0.654505,0.067517,universal_hard
hard_fall,104,fall,22,9,AFAC_maxscore;GR1_macroF1;GR1_lowFA;GR1_safety;SA1_macroF1;SA1_safety;ST1_lowFA;ST1_macroF1;ST1_safety;ST1b6_lowFA;ST1b6_macroF1;ST1b6_safety;D14B_seed44;D14B_seed43;VD_seed42;VD_seed43;G1_safety_s44;G1_lowFA_s42;G1_maxrec_s42;BLF_macroF1;BLF_maxrec;BLF_safety,AFAC_optionB;BiLSTM_finetune;D14_pauc_rank;G1_hardneg;GR1_gairat;SA1_sat;ST1_beta3p0;ST1b6_beta6p0;variantD,0.148209,0.325842,0.00728,universal_hard
hard_fall,109,fall,22,9,AFAC_optBminFA;GR1_macroF1;GR1_lowFA;GR1_safety;SA1_macroF1;SA1_safety;ST1_lowFA;ST1_macroF1;ST1_safety;ST1b6_lowFA;ST1b6_macroF1;ST1b6_safety;D14B_seed44;D14B_seed43;VD_seed42;VD_seed43;G1_safety_s44;G1_lowFA_s42;G1_maxrec_s42;BLF_macroF1;BLF_maxrec;BLF_safety,AFAC_optionB;BiLSTM_finetune;D14_pauc_rank;G1_hardneg;GR1_gairat;SA1_sat;ST1_beta3p0;ST1b6_beta6p0;variantD,0.155368,0.310187,0.054029,universal_hard
hard_fall,80,fall,21,9,AFAC_maxscore;GR1_macroF1;GR1_lowFA;GR1_safety;SA1_lowFA;SA1_macroF1;SA1_safety;ST1_safety;ST1b6_lowFA;ST1b6_macroF1;ST1b6_safety;D14B_seed44;D14B_seed43;VD_seed42;VD_seed43;G1_safety_s44;G1_lowFA_s42;G1_maxrec_s42;BLF_macroF1;BLF_maxrec;BLF_safety,AFAC_optionB;BiLSTM_finetune;D14_pauc_rank;G1_hardneg;GR1_gairat;SA1_sat;ST1_beta3p0;ST1b6_beta6p0;variantD,0.167366,0.37057,0.066488,universal_hard
hard_fall,72,fall,20,9,AFAC_optBminFA;GR1_lowFA;GR1_safety;SA1_lowFA;SA1_macroF1;SA1_safety;ST1_lowFA;ST1_safety;ST1b6_lowFA;ST1b6_safety;D14B_seed44;D14B_seed43;VD_seed42;VD_seed43;G1_safety_s44;G1_lowFA_s42;G1_maxrec_s42;BLF_macroF1;BLF_maxrec;BLF_safety,AFAC_optionB;BiLSTM_finetune;D14_pauc_rank;G1_hardneg;GR1_gairat;SA1_sat;ST1_beta3p0;ST1b6_beta6p0;variantD,0.174498,0.381662,0.050294,universal_hard
hard_fall,91,fall,20,9,AFAC_maxscore;AFAC_optBminFA;GR1_lowFA;GR1_safety;SA1_lowFA;SA1_macroF1;SA1_safety;ST1_lowFA;ST1_macroF1;ST1_safety;ST1b6_lowFA;D14B_seed44;D14B_seed43;VD_seed42;VD_seed43;G1_lowFA_s42;G1_maxrec_s42;BLF_macroF1;BLF_maxrec;BLF_safety,AFAC_optionB;BiLSTM_finetune;D14_pauc_rank;G1_hardneg;GR1_gairat;SA1_sat;ST1_beta3p0;ST1b6_beta6p0;variantD,0.182634,0.403717,0.064941,universal_hard
hard_fall,87,fall,19,9,AFAC_maxscore;AFAC_optBminFA;GR1_macroF1;SA1_lowFA;SA1_macroF1;SA1_safety;ST1_lowFA;ST1_macroF1;ST1_safety;ST1b6_lowFA;D14B_seed44;D14B_seed43;VD_seed42;VD_seed43;G1_safety_s44;G1_maxrec_s42;BLF_macroF1;BLF_maxrec;BLF_safety,AFAC_optionB;BiLSTM_finetune;D14_pauc_rank;G1_hardneg;GR1_gairat;SA1_sat;ST1_beta3p0;ST1b6_beta6p0;variantD,0.188569,0.505429,0.040934,universal_hard
hard_fall,85,fall,17,8,AFAC_optBminFA;GR1_macroF1;GR1_lowFA;GR1_safety;SA1_macroF1;SA1_safety;ST1_lowFA;ST1_macroF1;ST1_safety;ST1b6_macroF1;ST1b6_safety;VD_seed42;VD_seed43;G1_maxrec_s42;BLF_macroF1;BLF_maxrec;BLF_safety,AFAC_optionB;BiLSTM_finetune;G1_hardneg;GR1_gairat;SA1_sat;ST1_beta3p0;ST1b6_beta6p0;variantD,0.215687,0.353068,0.114168,mostly_hard_rescued_by_some_model
hard_fall,106,fall,16,8,AFAC_maxscore;AFAC_optBminFA;GR1_macroF1;SA1_safety;ST1_lowFA;ST1_safety;ST1b6_lowFA;ST1b6_macroF1;ST1b6_safety;VD_seed42;VD_seed43;G1_safety_s44;G1_maxrec_s42;BLF_macroF1;BLF_maxrec;BLF_safety,AFAC_optionB;BiLSTM_finetune;G1_hardneg;GR1_gairat;SA1_sat;ST1_beta3p0;ST1b6_beta6p0;variantD,0.220302,0.44679,0.041613,mostly_hard_rescued_by_some_model
hard_fall,73,fall,19,7,GR1_macroF1;GR1_lowFA;GR1_safety;SA1_macroF1;SA1_safety;ST1_lowFA;ST1_macroF1;ST1_safety;ST1b6_lowFA;ST1b6_macroF1;ST1b6_safety;VD_seed42;VD_seed43;G1_safety_s44;G1_lowFA_s42;G1_maxrec_s42;BLF_macroF1;BLF_maxrec;BLF_safety,BiLSTM_finetune;G1_hardneg;GR1_gairat;SA1_sat;ST1_beta3p0;ST1b6_beta6p0;variantD,0.182509,0.359745,0.065385,mostly_hard_rescued_by_some_model
hard_fall,93,fall,18,7,GR1_macroF1;GR1_lowFA;SA1_lowFA;SA1_macroF1;SA1_safety;ST1_lowFA;ST1_macroF1;ST1_safety;ST1b6_lowFA;ST1b6_macroF1;ST1b6_safety;VD_seed42;VD_seed43;G1_safety_s44;G1_maxrec_s42;BLF_macroF1;BLF_maxrec;BLF_safety,BiLSTM_finetune;G1_hardneg;GR1_gairat;SA1_sat;ST1_beta3p0;ST1b6_beta6p0;variantD,0.196761,0.36618,0.07823,mostly_hard_rescued_by_some_model
hard_fall,68,fall,17,7,GR1_macroF1;GR1_lowFA;GR1_safety;SA1_lowFA;SA1_macroF1;SA1_safety;ST1_safety;ST1b6_lowFA;ST1b6_macroF1;ST1b6_safety;VD_seed42;VD_seed43;G1_safety_s44;G1_maxrec_s42;BLF_macroF1;BLF_maxrec;BLF_safety,BiLSTM_finetune;G1_hardneg;GR1_gairat;SA1_sat;ST1_beta3p0;ST1b6_beta6p0;variantD,0.192953,0.394952,0.061938,mostly_hard_rescued_by_some_model
hard_fall,74,fall,13,7,AFAC_maxscore;AFAC_optBminFA;SA1_lowFA;SA1_safety;ST1_lowFA;ST1_macroF1;ST1b6_lowFA;VD_seed42;VD_seed43;G1_maxrec_s42;BLF_macroF1;BLF_maxrec;BLF_safety,AFAC_optionB;BiLSTM_finetune;G1_hardneg;SA1_sat;ST1_beta3p0;ST1b6_beta6p0;variantD,0.271385,0.677898,0.05247,mostly_hard_rescued_by_some_model
hard_fall,100,fall,10,7,GR1_safety;SA1_safety;ST1_safety;ST1b6_safety;VD_seed42;VD_seed43;G1_maxrec_s42;BLF_macroF1;BLF_maxrec;BLF_safety,BiLSTM_finetune;G1_hardneg;GR1_gairat;SA1_sat;ST1_beta3p0;ST1b6_beta6p0;variantD,0.265456,0.48156,0.16191,model_specific
hard_fall,105,fall,10,7,AFAC_optBminFA;SA1_lowFA;ST1_macroF1;ST1b6_lowFA;VD_seed42;VD_seed43;G1_lowFA_s42;BLF_macroF1;BLF_maxrec;BLF_safety,AFAC_optionB;BiLSTM_finetune;G1_hardneg;SA1_sat;ST1_beta3p0;ST1b6_beta6p0;variantD,0.322989,0.792704,0.043863,model_specific
hard_fall,107,fall,8,7,GR1_safety;SA1_safety;ST1_safety;ST1b6_safety;VD_seed42;VD_seed43;G1_maxrec_s42;BLF_macroF1,BiLSTM_finetune;G1_hardneg;GR1_gairat;SA1_sat;ST1_beta3p0;ST1b6_beta6p0;variantD,0.288614,0.582354,0.161813,model_specific
hard_fall,67,fall,9,6,GR1_safety;ST1_safety;ST1b6_safety;VD_seed42;VD_seed43;G1_maxrec_s42;BLF_macroF1;BLF_maxrec;BLF_safety,BiLSTM_finetune;G1_hardneg;GR1_gairat;ST1_beta3p0;ST1b6_beta6p0;variantD,0.306605,0.649068,0.173078,model_specific
hard_fall,81,fall,9,6,AFAC_optBminFA;SA1_lowFA;ST1b6_lowFA;VD_seed42;VD_seed43;G1_lowFA_s42;BLF_macroF1;BLF_maxrec;BLF_safety,AFAC_optionB;BiLSTM_finetune;G1_hardneg;SA1_sat;ST1b6_beta6p0;variantD,0.338482,0.731596,0.042701,model_specific
hard_fall,102,fall,9,6,GR1_safety;SA1_safety;ST1_safety;VD_seed42;VD_seed43;G1_safety_s44;BLF_macroF1;BLF_maxrec;BLF_safety,BiLSTM_finetune;G1_hardneg;GR1_gairat;SA1_sat;ST1_beta3p0;variantD,0.269168,0.548048,0.102469,model_specific
hard_fall,98,fall,9,5,GR1_lowFA;GR1_safety;ST1_safety;ST1b6_safety;VD_seed42;VD_seed43;BLF_macroF1;BLF_maxrec;BLF_safety,BiLSTM_finetune;GR1_gairat;ST1_beta3p0;ST1b6_beta6p0;variantD,0.268649,0.633387,0.124741,model_specific
hard_fall,76,fall,8,5,GR1_lowFA;ST1_safety;ST1b6_macroF1;VD_seed42;VD_seed43;BLF_macroF1;BLF_maxrec;BLF_safety,BiLSTM_finetune;GR1_gairat;ST1_beta3p0;ST1b6_beta6p0;variantD,0.28199,0.441457,0.088212,model_specific
hard_fall,95,fall,8,5,GR1_safety;ST1_safety;VD_seed42;VD_seed43;G1_maxrec_s42;BLF_macroF1;BLF_maxrec;BLF_safety,BiLSTM_finetune;G1_hardneg;GR1_gairat;ST1_beta3p0;variantD,0.287311,0.623474,0.136392,model_specific
hard_fall,108,fall,8,5,GR1_safety;SA1_safety;VD_seed42;VD_seed43;G1_maxrec_s42;BLF_macroF1;BLF_maxrec;BLF_safety,BiLSTM_finetune;G1_hardneg;GR1_gairat;SA1_sat;variantD,0.288049,0.460876,0.178065,model_specific
hard_fall,79,fall,8,4,GR1_macroF1;GR1_lowFA;ST1_safety;VD_seed42;VD_seed43;BLF_macroF1;BLF_maxrec;BLF_safety,BiLSTM_finetune;GR1_gairat;ST1_beta3p0;variantD,0.264054,0.540437,0.087286,model_specific
hard_fall,82,fall,7,4,AFAC_optBminFA;VD_seed42;VD_seed43;G1_lowFA_s42;BLF_macroF1;BLF_maxrec;BLF_safety,AFAC_optionB;BiLSTM_finetune;G1_hardneg;variantD,0.426691,0.848543,0.031792,model_specific
hard_fall,84,fall,6,3,ST1_safety;VD_seed42;VD_seed43;BLF_macroF1;BLF_maxrec;BLF_safety,BiLSTM_finetune;ST1_beta3p0;variantD,0.273418,0.464761,0.095222,model_specific
hard_fall,90,fall,6,3,GR1_safety;VD_seed42;VD_seed43;BLF_macroF1;BLF_maxrec;BLF_safety,BiLSTM_finetune;GR1_gairat;variantD,0.307262,0.536372,0.160513,model_specific
hard_fall,83,fall,5,2,VD_seed42;VD_seed43;BLF_macroF1;BLF_maxrec;BLF_safety,BiLSTM_finetune;variantD,0.294414,0.488091,0.129621,model_specific
hard_fall,96,fall,5,2,VD_seed42;VD_seed43;BLF_macroF1;BLF_maxrec;BLF_safety,BiLSTM_finetune;variantD,0.467973,0.912317,0.065303,model_specific
hard_fall,101,fall,5,2,VD_seed42;VD_seed43;BLF_macroF1;BLF_maxrec;BLF_safety,BiLSTM_finetune;variantD,0.495688,0.860762,0.125069,model_specific
hard_fall,66,fall,4,2,VD_seed42;VD_seed43;BLF_macroF1;BLF_maxrec,BiLSTM_finetune;variantD,0.411035,0.739622,0.168807,model_specific
hard_fall,92,fall,4,2,VD_seed42;VD_seed43;BLF_macroF1;BLF_maxrec,BiLSTM_finetune;variantD,0.387774,0.761205,0.157916,model_specific
hard_nonfall,440,walk,22,9,AFAC_maxscore;GR1_macroF1;GR1_lowFA;GR1_safety;SA1_lowFA;SA1_macroF1;SA1_safety;ST1_lowFA;ST1_macroF1;ST1_safety;ST1b6_lowFA;ST1b6_macroF1;ST1b6_safety;D14B_seed44;D14B_seed43;VD_seed42;VD_seed43;G1_safety_s44;G1_lowFA_s42;G1_maxrec_s42;BLF_maxrec;BLF_safety,AFAC_optionB;BiLSTM_finetune;D14_pauc_rank;G1_hardneg;GR1_gairat;SA1_sat;ST1_beta3p0;ST1b6_beta6p0;variantD,0.754623,0.99924,0.12713,universal_hard
hard_nonfall,6,lie down,21,8,AFAC_maxscore;AFAC_optBminFA;GR1_macroF1;GR1_lowFA;GR1_safety;SA1_lowFA;SA1_macroF1;SA1_safety;ST1_lowFA;ST1_macroF1;ST1_safety;ST1b6_lowFA;ST1b6_macroF1;ST1b6_safety;D14B_seed44;D14B_seed43;G1_safety_s44;G1_lowFA_s42;G1_maxrec_s42;BLF_maxrec;BLF_safety,AFAC_optionB;BiLSTM_finetune;D14_pauc_rank;G1_hardneg;GR1_gairat;SA1_sat;ST1_beta3p0;ST1b6_beta6p0,0.367755,0.847965,0.192907,mostly_hard_rescued_by_some_model
hard_nonfall,163,run,21,8,AFAC_maxscore;AFAC_optBminFA;GR1_macroF1;GR1_lowFA;GR1_safety;SA1_lowFA;SA1_macroF1;SA1_safety;ST1_lowFA;ST1_macroF1;ST1_safety;ST1b6_lowFA;ST1b6_macroF1;ST1b6_safety;D14B_seed44;D14B_seed43;G1_safety_s44;G1_lowFA_s42;G1_maxrec_s42;BLF_maxrec;BLF_safety,AFAC_optionB;BiLSTM_finetune;D14_pauc_rank;G1_hardneg;GR1_gairat;SA1_sat;ST1_beta3p0;ST1b6_beta6p0,0.413968,0.944047,0.280863,mostly_hard_rescued_by_some_model
hard_nonfall,168,run,21,8,AFAC_maxscore;AFAC_optBminFA;GR1_macroF1;GR1_lowFA;GR1_safety;SA1_lowFA;SA1_macroF1;SA1_safety;ST1_lowFA;ST1_macroF1;ST1_safety;ST1b6_lowFA;ST1b6_macroF1;ST1b6_safety;D14B_seed44;D14B_seed43;G1_safety_s44;G1_lowFA_s42;G1_maxrec_s42;BLF_maxrec;BLF_safety,AFAC_optionB;BiLSTM_finetune;D14_pauc_rank;G1_hardneg;GR1_gairat;SA1_sat;ST1_beta3p0;ST1b6_beta6p0,0.371809,0.94569,0.200284,mostly_hard_rescued_by_some_model
hard_nonfall,169,run,21,8,AFAC_maxscore;AFAC_optBminFA;GR1_macroF1;GR1_lowFA;GR1_safety;SA1_lowFA;SA1_macroF1;SA1_safety;ST1_lowFA;ST1_macroF1;ST1_safety;ST1b6_lowFA;ST1b6_macroF1;ST1b6_safety;D14B_seed44;D14B_seed43;G1_safety_s44;G1_lowFA_s42;G1_maxrec_s42;BLF_maxrec;BLF_safety,AFAC_optionB;BiLSTM_finetune;D14_pauc_rank;G1_hardneg;GR1_gairat;SA1_sat;ST1_beta3p0;ST1b6_beta6p0,0.374024,0.863044,0.186649,mostly_hard_rescued_by_some_model
hard_nonfall,186,run,21,8,AFAC_maxscore;AFAC_optBminFA;GR1_macroF1;GR1_lowFA;GR1_safety;SA1_lowFA;SA1_macroF1;SA1_safety;ST1_lowFA;ST1_macroF1;ST1_safety;ST1b6_lowFA;ST1b6_macroF1;ST1b6_safety;D14B_seed44;D14B_seed43;G1_safety_s44;G1_lowFA_s42;G1_maxrec_s42;BLF_maxrec;BLF_safety,AFAC_optionB;BiLSTM_finetune;D14_pauc_rank;G1_hardneg;GR1_gairat;SA1_sat;ST1_beta3p0;ST1b6_beta6p0,0.403886,0.943149,0.268341,mostly_hard_rescued_by_some_model
hard_nonfall,189,run,21,8,AFAC_maxscore;AFAC_optBminFA;GR1_macroF1;GR1_lowFA;GR1_safety;SA1_lowFA;SA1_macroF1;SA1_safety;ST1_lowFA;ST1_macroF1;ST1_safety;ST1b6_lowFA;ST1b6_macroF1;ST1b6_safety;D14B_seed44;D14B_seed43;G1_safety_s44;G1_lowFA_s42;G1_maxrec_s42;BLF_maxrec;BLF_safety,AFAC_optionB;BiLSTM_finetune;D14_pauc_rank;G1_hardneg;GR1_gairat;SA1_sat;ST1_beta3p0;ST1b6_beta6p0,0.436048,0.962925,0.288912,mostly_hard_rescued_by_some_model
hard_nonfall,197,run,21,8,AFAC_maxscore;AFAC_optBminFA;GR1_macroF1;GR1_lowFA;GR1_safety;SA1_lowFA;SA1_macroF1;SA1_safety;ST1_lowFA;ST1_macroF1;ST1_safety;ST1b6_lowFA;ST1b6_macroF1;ST1b6_safety;D14B_seed44;D14B_seed43;G1_safety_s44;G1_lowFA_s42;G1_maxrec_s42;BLF_maxrec;BLF_safety,AFAC_optionB;BiLSTM_finetune;D14_pauc_rank;G1_hardneg;GR1_gairat;SA1_sat;ST1_beta3p0;ST1b6_beta6p0,0.434458,0.961689,0.285524,mostly_hard_rescued_by_some_model
hard_nonfall,209,run,21,8,AFAC_maxscore;AFAC_optBminFA;GR1_macroF1;GR1_lowFA;GR1_safety;SA1_lowFA;SA1_macroF1;SA1_safety;ST1_lowFA;ST1_macroF1;ST1_safety;ST1b6_lowFA;ST1b6_macroF1;ST1b6_safety;D14B_seed44;D14B_seed43;G1_safety_s44;G1_lowFA_s42;G1_maxrec_s42;BLF_maxrec;BLF_safety,AFAC_optionB;BiLSTM_finetune;D14_pauc_rank;G1_hardneg;GR1_gairat;SA1_sat;ST1_beta3p0;ST1b6_beta6p0,0.421931,0.9494,0.278699,mostly_hard_rescued_by_some_model
hard_nonfall,211,run,21,8,AFAC_maxscore;AFAC_optBminFA;GR1_macroF1;GR1_lowFA;GR1_safety;SA1_lowFA;SA1_macroF1;SA1_safety;ST1_lowFA;ST1_macroF1;ST1_safety;ST1b6_lowFA;ST1b6_macroF1;ST1b6_safety;D14B_seed44;D14B_seed43;G1_safety_s44;G1_lowFA_s42;G1_maxrec_s42;BLF_maxrec;BLF_safety,AFAC_optionB;BiLSTM_finetune;D14_pauc_rank;G1_hardneg;GR1_gairat;SA1_sat;ST1_beta3p0;ST1b6_beta6p0,0.438782,0.962787,0.286826,mostly_hard_rescued_by_some_model
hard_nonfall,212,run,21,8,AFAC_maxscore;AFAC_optBminFA;GR1_macroF1;GR1_lowFA;GR1_safety;SA1_lowFA;SA1_macroF1;SA1_safety;ST1_lowFA;ST1_macroF1;ST1_safety;ST1b6_lowFA;ST1b6_macroF1;ST1b6_safety;D14B_seed44;D14B_seed43;G1_safety_s44;G1_lowFA_s42;G1_maxrec_s42;BLF_maxrec;BLF_safety,AFAC_optionB;BiLSTM_finetune;D14_pauc_rank;G1_hardneg;GR1_gairat;SA1_sat;ST1_beta3p0;ST1b6_beta6p0,0.405437,0.944061,0.253436,mostly_hard_rescued_by_some_model
hard_nonfall,214,run,21,8,AFAC_maxscore;AFAC_optBminFA;GR1_macroF1;GR1_lowFA;GR1_safety;SA1_lowFA;SA1_macroF1;SA1_safety;ST1_lowFA;ST1_macroF1;ST1_safety;ST1b6_lowFA;ST1b6_macroF1;ST1b6_safety;D14B_seed44;D14B_seed43;G1_safety_s44;G1_lowFA_s42;G1_maxrec_s42;BLF_maxrec;BLF_safety,AFAC_optionB;BiLSTM_finetune;D14_pauc_rank;G1_hardneg;GR1_gairat;SA1_sat;ST1_beta3p0;ST1b6_beta6p0,0.380905,0.945561,0.192373,mostly_hard_rescued_by_some_model
hard_nonfall,233,run,21,8,AFAC_maxscore;AFAC_optBminFA;GR1_macroF1;GR1_lowFA;GR1_safety;SA1_lowFA;SA1_macroF1;SA1_safety;ST1_lowFA;ST1_macroF1;ST1_safety;ST1b6_lowFA;ST1b6_macroF1;ST1b6_safety;D14B_seed44;D14B_seed43;G1_safety_s44;G1_lowFA_s42;G1_maxrec_s42;BLF_maxrec;BLF_safety,AFAC_optionB;BiLSTM_finetune;D14_pauc_rank;G1_hardneg;GR1_gairat;SA1_sat;ST1_beta3p0;ST1b6_beta6p0,0.380128,0.920549,0.21729,mostly_hard_rescued_by_some_model
hard_nonfall,235,run,21,8,AFAC_maxscore;AFAC_optBminFA;GR1_macroF1;GR1_lowFA;GR1_safety;SA1_lowFA;SA1_macroF1;SA1_safety;ST1_lowFA;ST1_macroF1;ST1_safety;ST1b6_lowFA;ST1b6_macroF1;ST1b6_safety;D14B_seed44;D14B_seed43;G1_safety_s44;G1_lowFA_s42;G1_maxrec_s42;BLF_maxrec;BLF_safety,AFAC_optionB;BiLSTM_finetune;D14_pauc_rank;G1_hardneg;GR1_gairat;SA1_sat;ST1_beta3p0;ST1b6_beta6p0,0.435969,0.963785,0.291396,mostly_hard_rescued_by_some_model
hard_nonfall,443,walk,21,8,AFAC_maxscore;AFAC_optBminFA;GR1_macroF1;GR1_lowFA;GR1_safety;SA1_lowFA;SA1_macroF1;SA1_safety;ST1_lowFA;ST1_macroF1;ST1_safety;ST1b6_lowFA;ST1b6_macroF1;ST1b6_safety;D14B_seed44;D14B_seed43;G1_safety_s44;G1_lowFA_s42;G1_maxrec_s42;BLF_maxrec;BLF_safety,AFAC_optionB;BiLSTM_finetune;D14_pauc_rank;G1_hardneg;GR1_gairat;SA1_sat;ST1_beta3p0;ST1b6_beta6p0,0.53733,0.992565,0.204728,mostly_hard_rescued_by_some_model
hard_nonfall,227,run,20,8,AFAC_maxscore;AFAC_optBminFA;GR1_macroF1;GR1_lowFA;GR1_safety;SA1_lowFA;SA1_macroF1;SA1_safety;ST1_lowFA;ST1_macroF1;ST1b6_lowFA;ST1b6_macroF1;ST1b6_safety;D14B_seed44;D14B_seed43;G1_safety_s44;G1_lowFA_s42;G1_maxrec_s42;BLF_maxrec;BLF_safety,AFAC_optionB;BiLSTM_finetune;D14_pauc_rank;G1_hardneg;GR1_gairat;SA1_sat;ST1_beta3p0;ST1b6_beta6p0,0.345347,0.867225,0.205917,mostly_hard_rescued_by_some_model
hard_nonfall,441,walk,20,8,AFAC_maxscore;AFAC_optBminFA;GR1_macroF1;GR1_lowFA;GR1_safety;SA1_lowFA;SA1_macroF1;SA1_safety;ST1_lowFA;ST1_macroF1;ST1_safety;ST1b6_lowFA;ST1b6_macroF1;ST1b6_safety;D14B_seed44;D14B_seed43;G1_safety_s44;G1_lowFA_s42;G1_maxrec_s42;BLF_safety,AFAC_optionB;BiLSTM_finetune;D14_pauc_rank;G1_hardneg;GR1_gairat;SA1_sat;ST1_beta3p0;ST1b6_beta6p0,0.533325,0.993072,0.215209,mostly_hard_rescued_by_some_model
hard_nonfall,470,walk,20,8,AFAC_maxscore;AFAC_optBminFA;GR1_macroF1;GR1_lowFA;GR1_safety;SA1_lowFA;SA1_macroF1;SA1_safety;ST1_lowFA;ST1_macroF1;ST1_safety;ST1b6_lowFA;ST1b6_macroF1;ST1b6_safety;D14B_seed44;D14B_seed43;G1_safety_s44;G1_lowFA_s42;G1_maxrec_s42;BLF_maxrec,AFAC_optionB;BiLSTM_finetune;D14_pauc_rank;G1_hardneg;GR1_gairat;SA1_sat;ST1_beta3p0;ST1b6_beta6p0,0.384797,0.989984,0.114723,mostly_hard_rescued_by_some_model
hard_nonfall,255,run,19,8,AFAC_maxscore;AFAC_optBminFA;GR1_macroF1;GR1_lowFA;GR1_safety;SA1_lowFA;SA1_macroF1;SA1_safety;ST1_lowFA;ST1_safety;ST1b6_lowFA;ST1b6_macroF1;ST1b6_safety;D14B_seed44;D14B_seed43;G1_safety_s44;G1_maxrec_s42;BLF_maxrec;BLF_safety,AFAC_optionB;BiLSTM_finetune;D14_pauc_rank;G1_hardneg;GR1_gairat;SA1_sat;ST1_beta3p0;ST1b6_beta6p0,0.368857,0.954731,0.097029,mostly_hard_rescued_by_some_model
hard_nonfall,375,walk,19,8,AFAC_maxscore;AFAC_optBminFA;GR1_macroF1;GR1_safety;SA1_lowFA;SA1_macroF1;SA1_safety;ST1_macroF1;ST1_safety;ST1b6_lowFA;ST1b6_macroF1;ST1b6_safety;D14B_seed44;D14B_seed43;G1_safety_s44;G1_lowFA_s42;G1_maxrec_s42;BLF_maxrec;BLF_safety,AFAC_optionB;BiLSTM_finetune;D14_pauc_rank;G1_hardneg;GR1_gairat;SA1_sat;ST1_beta3p0;ST1b6_beta6p0,0.344925,0.986288,0.155216,mostly_hard_rescued_by_some_model
hard_nonfall,21,lie down,18,8,AFAC_maxscore;GR1_macroF1;GR1_lowFA;GR1_safety;SA1_lowFA;SA1_macroF1;SA1_safety;ST1_lowFA;ST1_macroF1;ST1_safety;ST1b6_macroF1;ST1b6_safety;D14B_seed44;D14B_seed43;G1_safety_s44;G1_maxrec_s42;BLF_maxrec;BLF_safety,AFAC_optionB;BiLSTM_finetune;D14_pauc_rank;G1_hardneg;GR1_gairat;SA1_sat;ST1_beta3p0;ST1b6_beta6p0,0.505491,0.963542,0.03511,mostly_hard_rescued_by_some_model
hard_nonfall,174,run,18,8,AFAC_maxscore;AFAC_optBminFA;GR1_macroF1;GR1_lowFA;GR1_safety;SA1_lowFA;SA1_macroF1;SA1_safety;ST1_lowFA;ST1_macroF1;ST1b6_lowFA;ST1b6_macroF1;D14B_seed44;D14B_seed43;G1_safety_s44;G1_lowFA_s42;BLF_maxrec;BLF_safety,AFAC_optionB;BiLSTM_finetune;D14_pauc_rank;G1_hardneg;GR1_gairat;SA1_sat;ST1_beta3p0;ST1b6_beta6p0,0.313888,0.716499,0.141813,mostly_hard_rescued_by_some_model
hard_nonfall,54,lie down,17,8,AFAC_maxscore;AFAC_optBminFA;GR1_macroF1;GR1_lowFA;SA1_lowFA;SA1_macroF1;SA1_safety;ST1_lowFA;ST1_macroF1;ST1_safety;ST1b6_macroF1;ST1b6_safety;D14B_seed44;D14B_seed43;G1_safety_s44;G1_lowFA_s42;BLF_maxrec,AFAC_optionB;BiLSTM_finetune;D14_pauc_rank;G1_hardneg;GR1_gairat;SA1_sat;ST1_beta3p0;ST1b6_beta6p0,0.321877,0.898916,0.116097,mostly_hard_rescued_by_some_model
hard_nonfall,161,run,17,8,AFAC_optBminFA;GR1_macroF1;GR1_lowFA;GR1_safety;SA1_lowFA;SA1_macroF1;SA1_safety;ST1_lowFA;ST1b6_lowFA;ST1b6_macroF1;ST1b6_safety;D14B_seed44;D14B_seed43;G1_safety_s44;G1_maxrec_s42;BLF_maxrec;BLF_safety,AFAC_optionB;BiLSTM_finetune;D14_pauc_rank;G1_hardneg;GR1_gairat;SA1_sat;ST1_beta3p0;ST1b6_beta6p0,0.326266,0.930392,0.070494,mostly_hard_rescued_by_some_model
hard_nonfall,239,run,17,8,AFAC_maxscore;AFAC_optBminFA;GR1_macroF1;GR1_lowFA;SA1_lowFA;SA1_macroF1;SA1_safety;ST1_lowFA;ST1_macroF1;ST1b6_lowFA;ST1b6_macroF1;D14B_seed44;D14B_seed43;G1_safety_s44;G1_lowFA_s42;BLF_maxrec;BLF_safety,AFAC_optionB;BiLSTM_finetune;D14_pauc_rank;G1_hardneg;GR1_gairat;SA1_sat;ST1_beta3p0;ST1b6_beta6p0,0.312909,0.691865,0.16775,mostly_hard_rescued_by_some_model
hard_nonfall,178,run,15,8,AFAC_maxscore;AFAC_optBminFA;GR1_macroF1;GR1_lowFA;GR1_safety;SA1_lowFA;SA1_safety;ST1_macroF1;ST1b6_lowFA;D14B_seed44;D14B_seed43;G1_safety_s44;G1_lowFA_s42;BLF_maxrec;BLF_safety,AFAC_optionB;BiLSTM_finetune;D14_pauc_rank;G1_hardneg;GR1_gairat;SA1_sat;ST1_beta3p0;ST1b6_beta6p0,0.291301,0.655571,0.135634,mostly_hard_rescued_by_some_model
hard_nonfall,221,run,15,8,AFAC_optBminFA;GR1_lowFA;GR1_safety;SA1_lowFA;SA1_macroF1;SA1_safety;ST1_lowFA;ST1b6_lowFA;ST1b6_macroF1;ST1b6_safety;D14B_seed44;D14B_seed43;G1_safety_s44;G1_maxrec_s42;BLF_maxrec,AFAC_optionB;BiLSTM_finetune;D14_pauc_rank;G1_hardneg;GR1_gairat;SA1_sat;ST1_beta3p0;ST1b6_beta6p0,0.31682,0.935317,0.071958,mostly_hard_rescued_by_some_model
hard_nonfall,476,walk,13,8,AFAC_maxscore;AFAC_optBminFA;GR1_macroF1;GR1_lowFA;SA1_macroF1;SA1_safety;ST1_macroF1;ST1b6_lowFA;ST1b6_macroF1;D14B_seed44;D14B_seed43;G1_lowFA_s42;BLF_safety,AFAC_optionB;BiLSTM_finetune;D14_pauc_rank;G1_hardneg;GR1_gairat;SA1_sat;ST1_beta3p0;ST1b6_beta6p0,0.318096,0.918775,0.072842,mostly_hard_rescued_by_some_model
hard_nonfall,210,run,18,7,AFAC_maxscore;AFAC_optBminFA;GR1_macroF1;GR1_lowFA;SA1_lowFA;SA1_macroF1;SA1_safety;ST1_lowFA;ST1_macroF1;ST1_safety;ST1b6_lowFA;ST1b6_macroF1;ST1b6_safety;D14B_seed44;D14B_seed43;G1_safety_s44;G1_lowFA_s42;G1_maxrec_s42,AFAC_optionB;D14_pauc_rank;G1_hardneg;GR1_gairat;SA1_sat;ST1_beta3p0;ST1b6_beta6p0,0.346533,0.907727,0.050129,mostly_hard_rescued_by_some_model
hard_nonfall,332,stand up,18,7,AFAC_maxscore;AFAC_optBminFA;GR1_macroF1;GR1_lowFA;SA1_lowFA;SA1_macroF1;SA1_safety;ST1_lowFA;ST1_macroF1;ST1_safety;ST1b6_lowFA;ST1b6_macroF1;ST1b6_safety;D14B_seed44;D14B_seed43;G1_safety_s44;G1_lowFA_s42;G1_maxrec_s42,AFAC_optionB;D14_pauc_rank;G1_hardneg;GR1_gairat;SA1_sat;ST1_beta3p0;ST1b6_beta6p0,0.317994,0.957234,0.052102,mostly_hard_rescued_by_some_model
hard_nonfall,368,walk,18,7,AFAC_maxscore;AFAC_optBminFA;GR1_macroF1;GR1_lowFA;GR1_safety;SA1_macroF1;SA1_safety;ST1_lowFA;ST1_macroF1;ST1_safety;ST1b6_lowFA;ST1b6_macroF1;ST1b6_safety;D14B_seed44;D14B_seed43;G1_safety_s44;G1_lowFA_s42;G1_maxrec_s42,AFAC_optionB;D14_pauc_rank;G1_hardneg;GR1_gairat;SA1_sat;ST1_beta3p0;ST1b6_beta6p0,0.494775,0.994527,0.048398,mostly_hard_rescued_by_some_model
hard_nonfall,343,stand up,17,7,AFAC_maxscore;AFAC_optBminFA;GR1_macroF1;GR1_lowFA;SA1_lowFA;SA1_macroF1;SA1_safety;ST1_lowFA;ST1_macroF1;ST1_safety;ST1b6_lowFA;ST1b6_macroF1;ST1b6_safety;D14B_seed44;D14B_seed43;G1_lowFA_s42;G1_maxrec_s42,AFAC_optionB;D14_pauc_rank;G1_hardneg;GR1_gairat;SA1_sat;ST1_beta3p0;ST1b6_beta6p0,0.334753,0.902658,0.085182,mostly_hard_rescued_by_some_model
hard_nonfall,51,lie down,16,7,AFAC_maxscore;AFAC_optBminFA;GR1_macroF1;SA1_lowFA;SA1_macroF1;SA1_safety;ST1_lowFA;ST1_macroF1;ST1_safety;ST1b6_macroF1;ST1b6_safety;D14B_seed44;D14B_seed43;G1_safety_s44;G1_lowFA_s42;G1_maxrec_s42,AFAC_optionB;D14_pauc_rank;G1_hardneg;GR1_gairat;SA1_sat;ST1_beta3p0;ST1b6_beta6p0,0.323659,0.886235,0.118141,mostly_hard_rescued_by_some_model
hard_nonfall,269,run,16,7,AFAC_optBminFA;GR1_macroF1;GR1_lowFA;GR1_safety;SA1_macroF1;SA1_safety;ST1_lowFA;ST1_macroF1;ST1_safety;ST1b6_lowFA;ST1b6_macroF1;ST1b6_safety;D14B_seed44;G1_safety_s44;G1_lowFA_s42;G1_maxrec_s42,AFAC_optionB;D14_pauc_rank;G1_hardneg;GR1_gairat;SA1_sat;ST1_beta3p0;ST1b6_beta6p0,0.327875,0.963066,0.06261,mostly_hard_rescued_by_some_model
hard_nonfall,451,walk,16,7,AFAC_maxscore;AFAC_optBminFA;GR1_macroF1;GR1_lowFA;GR1_safety;ST1_lowFA;ST1_macroF1;ST1_safety;ST1b6_lowFA;ST1b6_macroF1;ST1b6_safety;D14B_seed44;D14B_seed43;G1_safety_s44;BLF_maxrec;BLF_safety,AFAC_optionB;BiLSTM_finetune;D14_pauc_rank;G1_hardneg;GR1_gairat;ST1_beta3p0;ST1b6_beta6p0,0.39731,0.984941,0.089804,mostly_hard_rescued_by_some_model
hard_nonfall,160,run,15,7,AFAC_maxscore;AFAC_optBminFA;GR1_macroF1;GR1_lowFA;GR1_safety;SA1_macroF1;SA1_safety;ST1_lowFA;ST1_macroF1;ST1b6_macroF1;ST1b6_safety;D14B_seed44;D14B_seed43;G1_lowFA_s42;G1_maxrec_s42,AFAC_optionB;D14_pauc_rank;G1_hardneg;GR1_gairat;SA1_sat;ST1_beta3p0;ST1b6_beta6p0,0.323411,0.919893,0.076545,mostly_hard_rescued_by_some_model
hard_nonfall,175,run,14,7,AFAC_maxscore;AFAC_optBminFA;GR1_macroF1;GR1_lowFA;GR1_safety;SA1_lowFA;SA1_macroF1;SA1_safety;ST1_lowFA;ST1b6_macroF1;ST1b6_safety;D14B_seed44;D14B_seed43;G1_safety_s44,AFAC_optionB;D14_pauc_rank;G1_hardneg;GR1_gairat;SA1_sat;ST1_beta3p0;ST1b6_beta6p0,0.353137,0.877676,0.026077,mostly_hard_rescued_by_some_model
hard_nonfall,473,walk,14,7,AFAC_maxscore;GR1_macroF1;GR1_lowFA;GR1_safety;SA1_macroF1;ST1_lowFA;ST1_macroF1;ST1_safety;ST1b6_lowFA;ST1b6_macroF1;ST1b6_safety;D14B_seed44;D14B_seed43;G1_safety_s44,AFAC_optionB;D14_pauc_rank;G1_hardneg;GR1_gairat;SA1_sat;ST1_beta3p0;ST1b6_beta6p0,0.32616,0.977858,0.085494,mostly_hard_rescued_by_some_model
hard_nonfall,119,pickup,13,7,AFAC_maxscore;GR1_macroF1;GR1_safety;SA1_macroF1;SA1_safety;ST1_lowFA;ST1_macroF1;ST1_safety;ST1b6_macroF1;ST1b6_safety;G1_safety_s44;G1_maxrec_s42;BLF_maxrec,AFAC_optionB;BiLSTM_finetune;G1_hardneg;GR1_gairat;SA1_sat;ST1_beta3p0;ST1b6_beta6p0,0.309663,0.941493,0.025887,mostly_hard_rescued_by_some_model
hard_nonfall,360,walk,13,7,AFAC_maxscore;AFAC_optBminFA;SA1_lowFA;SA1_safety;ST1_lowFA;ST1_macroF1;ST1_safety;ST1b6_lowFA;D14B_seed44;G1_safety_s44;G1_lowFA_s42;BLF_maxrec;BLF_safety,AFAC_optionB;BiLSTM_finetune;D14_pauc_rank;G1_hardneg;SA1_sat;ST1_beta3p0;ST1b6_beta6p0,0.321317,0.961162,0.120479,mostly_hard_rescued_by_some_model
hard_nonfall,415,walk,13,7,AFAC_optBminFA;GR1_macroF1;GR1_lowFA;SA1_lowFA;SA1_safety;ST1_macroF1;ST1_safety;ST1b6_lowFA;ST1b6_macroF1;G1_safety_s44;G1_lowFA_s42;BLF_maxrec;BLF_safety,AFAC_optionB;BiLSTM_finetune;G1_hardneg;GR1_gairat;SA1_sat;ST1_beta3p0;ST1b6_beta6p0,0.326372,0.935122,0.153848,mostly_hard_rescued_by_some_model
hard_nonfall,258,run,12,7,AFAC_optBminFA;GR1_macroF1;SA1_lowFA;SA1_macroF1;SA1_safety;ST1_lowFA;ST1_macroF1;ST1b6_lowFA;ST1b6_macroF1;G1_lowFA_s42;BLF_maxrec;BLF_safety,AFAC_optionB;BiLSTM_finetune;G1_hardneg;GR1_gairat;SA1_sat;ST1_beta3p0;ST1b6_beta6p0,0.329814,0.924533,0.156235,mostly_hard_rescued_by_some_model
hard_nonfall,276,run,12,7,AFAC_maxscore;GR1_lowFA;GR1_safety;SA1_lowFA;SA1_macroF1;SA1_safety;ST1_safety;ST1b6_lowFA;ST1b6_macroF1;ST1b6_safety;D14B_seed44;G1_maxrec_s42,AFAC_optionB;D14_pauc_rank;G1_hardneg;GR1_gairat;SA1_sat;ST1_beta3p0;ST1b6_beta6p0,0.289084,0.904134,0.050858,mostly_hard_rescued_by_some_model
hard_nonfall,8,lie down,10,6,GR1_macroF1;GR1_safety;SA1_macroF1;SA1_safety;ST1_lowFA;ST1_safety;ST1b6_safety;G1_safety_s44;G1_maxrec_s42;BLF_safety,BiLSTM_finetune;G1_hardneg;GR1_gairat;SA1_sat;ST1_beta3p0;ST1b6_beta6p0,0.327142,0.9738,0.006167,model_specific
hard_nonfall,52,lie down,10,6,AFAC_maxscore;AFAC_optBminFA;GR1_lowFA;SA1_safety;D14B_seed44;D14B_seed43;G1_safety_s44;G1_maxrec_s42;BLF_maxrec;BLF_safety,AFAC_optionB;BiLSTM_finetune;D14_pauc_rank;G1_hardneg;GR1_gairat;SA1_sat,0.205058,0.884729,0.000109,model_specific
hard_nonfall,273,run,10,6,GR1_macroF1;SA1_lowFA;SA1_macroF1;SA1_safety;ST1_lowFA;ST1_macroF1;ST1b6_lowFA;ST1b6_macroF1;G1_maxrec_s42;BLF_safety,BiLSTM_finetune;G1_hardneg;GR1_gairat;SA1_sat;ST1_beta3p0;ST1b6_beta6p0,0.291297,0.933414,0.103579,model_specific
hard_nonfall,426,walk,10,6,AFAC_maxscore;AFAC_optBminFA;GR1_macroF1;GR1_lowFA;ST1_macroF1;ST1_safety;ST1b6_lowFA;D14B_seed44;D14B_seed43;BLF_maxrec,AFAC_optionB;BiLSTM_finetune;D14_pauc_rank;GR1_gairat;ST1_beta3p0;ST1b6_beta6p0,0.284695,0.886625,0.061722,model_specific
hard_nonfall,484,walk,9,6,AFAC_maxscore;AFAC_optBminFA;SA1_safety;ST1_safety;ST1b6_lowFA;ST1b6_macroF1;G1_safety_s44;BLF_maxrec;BLF_safety,AFAC_optionB;BiLSTM_finetune;G1_hardneg;SA1_sat;ST1_beta3p0;ST1b6_beta6p0,0.31114,0.944609,0.084665,model_specific
hard_nonfall,194,run,8,6,AFAC_optBminFA;GR1_safety;SA1_lowFA;ST1b6_lowFA;D14B_seed44;D14B_seed43;BLF_maxrec;BLF_safety,AFAC_optionB;BiLSTM_finetune;D14_pauc_rank;GR1_gairat;SA1_sat;ST1b6_beta6p0,0.266862,0.804261,0.081324,model_specific
hard_nonfall,325,stand up,12,5,AFAC_maxscore;AFAC_optBminFA;SA1_lowFA;SA1_macroF1;ST1_lowFA;ST1_macroF1;ST1_safety;D14B_seed44;D14B_seed43;G1_safety_s44;G1_lowFA_s42;G1_maxrec_s42,AFAC_optionB;D14_pauc_rank;G1_hardneg;SA1_sat;ST1_beta3p0,0.300284,0.93926,0.036375,mostly_hard_rescued_by_some_model
hard_nonfall,207,run,11,5,GR1_macroF1;GR1_lowFA;GR1_safety;SA1_lowFA;SA1_macroF1;SA1_safety;ST1_lowFA;ST1_macroF1;ST1b6_macroF1;ST1b6_safety;G1_safety_s44,G1_hardneg;GR1_gairat;SA1_sat;ST1_beta3p0;ST1b6_beta6p0,0.256823,0.767288,0.028025,model_specific
hard_nonfall,348,stand up,11,5,AFAC_maxscore;AFAC_optBminFA;ST1_lowFA;ST1_macroF1;ST1_safety;ST1b6_lowFA;ST1b6_macroF1;D14B_seed44;D14B_seed43;G1_lowFA_s42;G1_maxrec_s42,AFAC_optionB;D14_pauc_rank;G1_hardneg;ST1_beta3p0;ST1b6_beta6p0,0.279476,0.924281,0.075018,model_specific
hard_nonfall,270,run,10,5,AFAC_optBminFA;GR1_macroF1;GR1_lowFA;GR1_safety;SA1_macroF1;SA1_safety;ST1_lowFA;ST1_macroF1;G1_safety_s44;G1_maxrec_s42,AFAC_optionB;G1_hardneg;GR1_gairat;SA1_sat;ST1_beta3p0,0.286876,0.922538,0.023874,model_specific
hard_nonfall,196,run,9,5,AFAC_maxscore;AFAC_optBminFA;GR1_lowFA;GR1_safety;ST1_safety;D14B_seed44;D14B_seed43;G1_safety_s44;G1_lowFA_s42,AFAC_optionB;D14_pauc_rank;G1_hardneg;GR1_gairat;ST1_beta3p0,0.266939,0.816201,0.019452,model_specific
hard_nonfall,217,run,9,5,GR1_macroF1;GR1_safety;SA1_lowFA;SA1_macroF1;SA1_safety;ST1_lowFA;ST1_macroF1;ST1b6_safety;G1_safety_s44,G1_hardneg;GR1_gairat;SA1_sat;ST1_beta3p0;ST1b6_beta6p0,0.220129,0.723073,0.014846,model_specific
hard_nonfall,272,run,9,5,GR1_lowFA;SA1_lowFA;SA1_macroF1;SA1_safety;ST1b6_lowFA;G1_safety_s44;G1_maxrec_s42;BLF_maxrec;BLF_safety,BiLSTM_finetune;G1_hardneg;GR1_gairat;SA1_sat;ST1b6_beta6p0,0.287015,0.890691,0.053705,model_specific
hard_nonfall,335,stand up,9,5,AFAC_maxscore;SA1_macroF1;ST1b6_lowFA;ST1b6_macroF1;ST1b6_safety;D14B_seed44;D14B_seed43;G1_safety_s44;G1_lowFA_s42,AFAC_optionB;D14_pauc_rank;G1_hardneg;SA1_sat;ST1b6_beta6p0,0.229884,0.866753,0.004432,model_specific
hard_nonfall,1,lie down,8,5,AFAC_maxscore;SA1_lowFA;SA1_macroF1;ST1b6_safety;G1_safety_s44;G1_lowFA_s42;G1_maxrec_s42;BLF_safety,AFAC_optionB;BiLSTM_finetune;G1_hardneg;SA1_sat;ST1b6_beta6p0,0.268749,0.89096,0.019934,model_specific
hard_nonfall,33,lie down,8,5,AFAC_maxscore;AFAC_optBminFA;ST1_safety;ST1b6_macroF1;ST1b6_safety;D14B_seed44;D14B_seed43;G1_maxrec_s42,AFAC_optionB;D14_pauc_rank;G1_hardneg;ST1_beta3p0;ST1b6_beta6p0,0.238229,0.806194,0.008363,model_specific
hard_nonfall,264,run,7,5,AFAC_maxscore;ST1b6_lowFA;D14B_seed44;D14B_seed43;G1_lowFA_s42;BLF_maxrec;BLF_safety,AFAC_optionB;BiLSTM_finetune;D14_pauc_rank;G1_hardneg;ST1b6_beta6p0,0.244506,0.555323,0.094395,model_specific
hard_nonfall,198,run,6,5,GR1_macroF1;GR1_lowFA;SA1_lowFA;ST1b6_lowFA;G1_safety_s44;BLF_maxrec,BiLSTM_finetune;G1_hardneg;GR1_gairat;SA1_sat;ST1b6_beta6p0,0.253542,0.690415,0.047431,model_specific
hard_nonfall,12,lie down,7,4,GR1_lowFA;GR1_safety;SA1_safety;G1_safety_s44;G1_maxrec_s42;BLF_maxrec;BLF_safety,BiLSTM_finetune;G1_hardneg;GR1_gairat;SA1_sat,0.246374,0.957741,0.003626,model_specific
hard_nonfall,23,lie down,7,4,AFAC_maxscore;ST1_lowFA;ST1_macroF1;ST1_safety;ST1b6_safety;G1_lowFA_s42;G1_maxrec_s42,AFAC_optionB;G1_hardneg;ST1_beta3p0;ST1b6_beta6p0,0.225049,0.65366,0.014671,model_specific
hard_nonfall,321,stand up,7,4,AFAC_optBminFA;SA1_lowFA;ST1_lowFA;ST1_macroF1;G1_safety_s44;G1_lowFA_s42;G1_maxrec_s42,AFAC_optionB;G1_hardneg;SA1_sat;ST1_beta3p0,0.260352,0.954161,0.021541,model_specific
hard_nonfall,61,lie down,6,4,GR1_safety;ST1_lowFA;ST1_safety;ST1b6_safety;G1_lowFA_s42;G1_maxrec_s42,G1_hardneg;GR1_gairat;ST1_beta3p0;ST1b6_beta6p0,0.218021,0.913328,0.00249,model_specific
hard_nonfall,315,sit down,6,4,AFAC_optBminFA;GR1_macroF1;SA1_lowFA;SA1_safety;BLF_maxrec;BLF_safety,AFAC_optionB;BiLSTM_finetune;GR1_gairat;SA1_sat,0.191551,0.481256,0.037723,model_specific
hard_nonfall,327,stand up,6,4,AFAC_optBminFA;GR1_macroF1;SA1_lowFA;ST1_lowFA;ST1_macroF1;ST1_safety,AFAC_optionB;GR1_gairat;SA1_sat;ST1_beta3p0,0.220562,0.831485,0.059197,model_specific
hard_nonfall,412,walk,6,4,GR1_macroF1;GR1_lowFA;ST1_macroF1;ST1b6_macroF1;ST1b6_safety;BLF_safety,BiLSTM_finetune;GR1_gairat;ST1_beta3p0;ST1b6_beta6p0,0.244219,0.932412,0.030372,model_specific
hard_nonfall,428,walk,6,4,GR1_macroF1;GR1_lowFA;ST1_macroF1;ST1b6_macroF1;ST1b6_safety;BLF_safety,BiLSTM_finetune;GR1_gairat;ST1_beta3p0;ST1b6_beta6p0,0.229422,0.841235,0.004795,model_specific
hard_nonfall,11,lie down,5,4,GR1_lowFA;GR1_safety;SA1_safety;G1_maxrec_s42;BLF_safety,BiLSTM_finetune;G1_hardneg;GR1_gairat;SA1_sat,0.257551,0.89072,0.00173,model_specific
hard_nonfall,128,pickup,5,4,AFAC_maxscore;SA1_lowFA;ST1_macroF1;ST1_safety;G1_lowFA_s42,AFAC_optionB;G1_hardneg;SA1_sat;ST1_beta3p0,0.259107,0.929799,0.050862,model_specific
hard_nonfall,450,walk,5,4,GR1_lowFA;GR1_safety;ST1_safety;ST1b6_safety;G1_maxrec_s42,G1_hardneg;GR1_gairat;ST1_beta3p0;ST1b6_beta6p0,0.209792,0.750157,0.004319,model_specific
hard_nonfall,318,sit down,5,3,AFAC_maxscore;ST1b6_macroF1;ST1b6_safety;D14B_seed44;D14B_seed43,AFAC_optionB;D14_pauc_rank;ST1b6_beta6p0,0.257729,0.886724,0.042837,model_specific
hard_nonfall,25,lie down,4,3,AFAC_maxscore;AFAC_optBminFA;ST1b6_safety;G1_lowFA_s42,AFAC_optionB;G1_hardneg;ST1b6_beta6p0,0.086698,0.423857,0.000967,model_specific
hard_nonfall,236,run,4,3,GR1_macroF1;GR1_safety;SA1_lowFA;ST1b6_lowFA,GR1_gairat;SA1_sat;ST1b6_beta6p0,0.22005,0.579861,0.057878,model_specific
hard_nonfall,253,run,4,3,ST1_safety;D14B_seed44;D14B_seed43;G1_maxrec_s42,D14_pauc_rank;G1_hardneg;ST1_beta3p0,0.202931,0.524864,0.039531,model_specific
hard_nonfall,330,stand up,4,3,ST1_safety;ST1b6_macroF1;ST1b6_safety;G1_maxrec_s42,G1_hardneg;ST1_beta3p0;ST1b6_beta6p0,0.088489,0.552277,0.000743,model_specific
hard_nonfall,472,walk,4,3,AFAC_maxscore;GR1_safety;D14B_seed44;D14B_seed43,AFAC_optionB;D14_pauc_rank;GR1_gairat,0.209016,0.763883,0.039712,model_specific
hard_nonfall,206,run,4,2,AFAC_optBminFA;ST1b6_lowFA;ST1b6_macroF1;ST1b6_safety,AFAC_optionB;ST1b6_beta6p0,0.1529,0.964733,0.004029,model_specific
hard_nonfall,277,run,3,2,G1_lowFA_s42;G1_maxrec_s42;BLF_maxrec,BiLSTM_finetune;G1_hardneg,0.209262,0.475916,0.068797,model_specific
hard_nonfall,115,pickup,2,2,GR1_macroF1;ST1_safety,GR1_gairat;ST1_beta3p0,0.214462,0.962058,0.019759,model_specific
hard_nonfall,129,pickup,2,2,SA1_safety;ST1b6_safety,SA1_sat;ST1b6_beta6p0,0.06883,0.692039,0.002092,model_specific
hard_nonfall,153,pickup,2,2,ST1_safety;BLF_maxrec,BiLSTM_finetune;ST1_beta3p0,0.220393,0.958886,0.00773,model_specific
hard_nonfall,262,run,2,2,SA1_macroF1;BLF_safety,BiLSTM_finetune;SA1_sat,0.231323,0.850426,0.050279,model_specific
hard_nonfall,346,stand up,2,2,SA1_lowFA;ST1b6_macroF1,SA1_sat;ST1b6_beta6p0,0.219989,0.97129,0.039267,model_specific
hard_nonfall,377,walk,2,2,GR1_safety;ST1_macroF1,GR1_gairat;ST1_beta3p0,0.246404,0.912893,0.029815,model_specific
hard_nonfall,400,walk,2,2,GR1_safety;BLF_maxrec,BiLSTM_finetune;GR1_gairat,0.145923,0.788193,0.006616,model_specific
hard_nonfall,401,walk,2,2,ST1_safety;ST1b6_safety,ST1_beta3p0;ST1b6_beta6p0,0.161497,0.814397,0.002104,model_specific
hard_nonfall,452,walk,2,2,D14B_seed43;G1_maxrec_s42,D14_pauc_rank;G1_hardneg,0.24508,0.970465,0.036551,model_specific
hard_nonfall,127,pickup,3,1,BLF_macroF1;BLF_maxrec;BLF_safety,BiLSTM_finetune,0.148082,0.871422,0.013037,model_specific
hard_nonfall,30,lie down,2,1,BLF_maxrec;BLF_safety,BiLSTM_finetune,0.093096,0.812838,1.8e-05,model_specific
hard_nonfall,216,run,2,1,BLF_maxrec;BLF_safety,BiLSTM_finetune,0.20152,0.818922,0.022989,model_specific
hard_nonfall,259,run,2,1,BLF_maxrec;BLF_safety,BiLSTM_finetune,0.225125,0.843238,0.029308,model_specific
hard_nonfall,350,walk,2,1,BLF_maxrec;BLF_safety,BiLSTM_finetune,0.183318,0.567235,0.018354,model_specific
hard_nonfall,17,lie down,1,1,AFAC_maxscore,AFAC_optionB,0.079492,0.479372,0.00044,model_specific
hard_nonfall,38,lie down,1,1,BLF_safety,BiLSTM_finetune,0.040513,0.266487,0.000108,model_specific
hard_nonfall,39,lie down,1,1,BLF_maxrec,BiLSTM_finetune,0.055843,0.560491,5.8e-05,model_specific
hard_nonfall,50,lie down,1,1,AFAC_optBminFA,AFAC_optionB,0.12914,0.292462,0.024249,model_specific
hard_nonfall,65,lie down,1,1,SA1_safety,SA1_sat,0.115756,0.442478,0.01927,model_specific
hard_nonfall,117,pickup,1,1,BLF_safety,BiLSTM_finetune,0.055218,0.232745,0.00074,model_specific
hard_nonfall,133,pickup,1,1,BLF_safety,BiLSTM_finetune,0.079597,0.484893,0.003003,model_specific
hard_nonfall,141,pickup,1,1,BLF_safety,BiLSTM_finetune,0.050603,0.259529,0.00189,model_specific
hard_nonfall,151,pickup,1,1,ST1b6_macroF1,ST1b6_beta6p0,0.044759,0.371317,0.000721,model_specific
hard_nonfall,215,run,1,1,ST1_safety,ST1_beta3p0,0.224868,0.935198,0.039809,model_specific
hard_nonfall,229,run,1,1,SA1_macroF1,SA1_sat,0.250926,0.848357,0.048158,model_specific
hard_nonfall,257,run,1,1,ST1_safety,ST1_beta3p0,0.22009,0.948382,0.021819,model_specific
hard_nonfall,307,sit down,1,1,G1_lowFA_s42,G1_hardneg,0.019065,0.14649,6.5e-05,model_specific
hard_nonfall,337,stand up,1,1,SA1_lowFA,SA1_sat,0.210682,0.804199,0.030729,model_specific
hard_nonfall,338,stand up,1,1,BLF_safety,BiLSTM_finetune,0.135472,0.291246,0.046787,model_specific
hard_nonfall,339,stand up,1,1,AFAC_optBminFA,AFAC_optionB,0.15181,0.725895,0.024251,model_specific
hard_nonfall,353,walk,1,1,BLF_maxrec,BiLSTM_finetune,0.115947,0.311255,0.006631,model_specific
hard_nonfall,367,walk,1,1,ST1_macroF1,ST1_beta3p0,0.097708,0.270031,0.015412,model_specific
hard_nonfall,373,walk,1,1,GR1_safety,GR1_gairat,0.180818,0.795958,0.002492,model_specific
hard_nonfall,399,walk,1,1,BLF_maxrec,BiLSTM_finetune,0.061453,0.305562,0.002996,model_specific
hard_nonfall,406,walk,1,1,GR1_macroF1,GR1_gairat,0.124044,0.934059,0.004173,model_specific
hard_nonfall,430,walk,1,1,G1_safety_s44,G1_hardneg,0.220727,0.928448,0.031671,model_specific
