split,sample_id,true_class,model,family,representation,fall_score,predicted_class,below_operating_threshold,operating_threshold_far012,rank_among_falls_desc
val,66,fall,BLF_macroF1,BiLSTM_finetune,bilstm,0.223086,walk,True,0.543669,1
val,66,fall,BLF_maxrec,BiLSTM_finetune,bilstm,0.202611,walk,True,0.293561,7
val,66,fall,VD_seed42,variantD,lenet,0.168807,stand up,True,0.99924,36
val,66,fall,VD_seed43,variantD,lenet,0.722803,fall,True,0.994964,2
val,67,fall,BLF_macroF1,BiLSTM_finetune,bilstm,0.21647,fall,True,0.543669,2
val,67,fall,BLF_maxrec,BiLSTM_finetune,bilstm,0.260799,fall,True,0.293561,4
val,67,fall,BLF_safety,BiLSTM_finetune,bilstm,0.173078,walk,True,0.227623,8
val,67,fall,G1_maxrec_s42,G1_hardneg,lenet,0.284828,fall,True,0.306177,16
val,67,fall,GR1_safety,GR1_gairat,lenet,0.345228,fall,True,0.36618,19
val,67,fall,ST1_safety,ST1_beta3p0,lenet,0.415879,fall,True,0.422517,13
val,67,fall,ST1b6_safety,ST1b6_beta6p0,lenet,0.375709,fall,True,0.393386,22
val,67,fall,VD_seed42,variantD,lenet,0.649068,fall,True,0.99924,4
val,67,fall,VD_seed43,variantD,lenet,0.584145,fall,True,0.994964,7
val,68,fall,BLF_macroF1,BiLSTM_finetune,bilstm,0.085736,lie down,True,0.543669,30
val,68,fall,BLF_maxrec,BiLSTM_finetune,bilstm,0.14266,walk,True,0.293561,20
val,68,fall,BLF_safety,BiLSTM_finetune,bilstm,0.061938,lie down,True,0.227623,36
val,68,fall,G1_maxrec_s42,G1_hardneg,lenet,0.252891,fall,True,0.306177,23
val,68,fall,G1_safety_s44,G1_hardneg,lenet,0.270536,fall,True,0.314376,26
val,68,fall,GR1_lowFA,GR1_gairat,lenet,0.095673,walk,True,0.187872,30
val,68,fall,GR1_macroF1,GR1_gairat,lenet,0.112037,walk,True,0.201419,29
val,68,fall,GR1_safety,GR1_gairat,lenet,0.283442,fall,True,0.36618,27
val,68,fall,SA1_lowFA,SA1_sat,lenet,0.090148,lie down,True,0.104403,26
val,68,fall,SA1_macroF1,SA1_sat,lenet,0.195294,walk,True,0.259205,27
val,68,fall,SA1_safety,SA1_sat,lenet,0.24965,fall,True,0.310699,25
val,68,fall,ST1_safety,ST1_beta3p0,lenet,0.394952,fall,True,0.422517,18
val,68,fall,ST1b6_lowFA,ST1b6_beta6p0,lenet,0.085098,run,True,0.153511,26
val,68,fall,ST1b6_macroF1,ST1b6_beta6p0,lenet,0.178119,lie down,True,0.289528,32
val,68,fall,ST1b6_safety,ST1b6_beta6p0,lenet,0.278717,fall,True,0.393386,30
val,68,fall,VD_seed42,variantD,lenet,0.25295,stand up,True,0.99924,28
val,68,fall,VD_seed43,variantD,lenet,0.239065,lie down,True,0.994964,29
val,69,fall,AFAC_maxscore,AFAC_optionB,lenet,0.010157,pickup,True,0.200578,44
val,69,fall,AFAC_optBminFA,AFAC_optionB,lenet,0.002748,pickup,True,0.143261,44
val,69,fall,BLF_macroF1,BiLSTM_finetune,bilstm,0.09173,walk,True,0.543669,27
val,69,fall,BLF_maxrec,BiLSTM_finetune,bilstm,0.098774,walk,True,0.293561,37
val,69,fall,BLF_safety,BiLSTM_finetune,bilstm,0.139084,walk,True,0.227623,14
val,69,fall,D14B_seed43,D14_pauc_rank,lenet,0.013631,walk,True,0.200217,44
val,69,fall,D14B_seed44,D14_pauc_rank,lenet,0.011563,walk,True,0.191555,44
val,69,fall,G1_lowFA_s42,G1_hardneg,lenet,0.002258,pickup,True,0.144991,44
val,69,fall,G1_maxrec_s42,G1_hardneg,lenet,0.016145,run,True,0.306177,44
val,69,fall,G1_safety_s44,G1_hardneg,lenet,0.024458,walk,True,0.314376,44
val,69,fall,GR1_lowFA,GR1_gairat,lenet,0.019063,pickup,True,0.187872,44
val,69,fall,GR1_macroF1,GR1_gairat,lenet,0.050557,walk,True,0.201419,43
val,69,fall,GR1_safety,GR1_gairat,lenet,0.009509,walk,True,0.36618,44
val,69,fall,SA1_lowFA,SA1_sat,lenet,0.005456,walk,True,0.104403,44
val,69,fall,SA1_macroF1,SA1_sat,lenet,0.01661,walk,True,0.259205,44
val,69,fall,SA1_safety,SA1_sat,lenet,0.03946,walk,True,0.310699,44
val,69,fall,ST1_lowFA,ST1_beta3p0,lenet,0.003023,walk,True,0.157616,44
val,69,fall,ST1_macroF1,ST1_beta3p0,lenet,0.016869,walk,True,0.190872,44
val,69,fall,ST1_safety,ST1_beta3p0,lenet,0.01535,walk,True,0.422517,44
val,69,fall,ST1b6_lowFA,ST1b6_beta6p0,lenet,0.00562,walk,True,0.153511,44
val,69,fall,ST1b6_macroF1,ST1b6_beta6p0,lenet,0.035598,walk,True,0.289528,44
val,69,fall,ST1b6_safety,ST1b6_beta6p0,lenet,0.029122,walk,True,0.393386,44
val,69,fall,VD_seed42,variantD,lenet,0.000821,walk,True,0.99924,44
val,69,fall,VD_seed43,variantD,lenet,0.004572,walk,True,0.994964,44
val,70,fall,AFAC_maxscore,AFAC_optionB,lenet,0.050171,lie down,True,0.200578,43
val,70,fall,AFAC_optBminFA,AFAC_optionB,lenet,0.027258,lie down,True,0.143261,43
val,70,fall,BLF_macroF1,BiLSTM_finetune,bilstm,0.060598,walk,True,0.543669,37
val,70,fall,BLF_maxrec,BiLSTM_finetune,bilstm,0.061642,walk,True,0.293561,41
val,70,fall,BLF_safety,BiLSTM_finetune,bilstm,0.094425,walk,True,0.227623,23
val,70,fall,D14B_seed43,D14_pauc_rank,lenet,0.051606,lie down,True,0.200217,43
val,70,fall,D14B_seed44,D14_pauc_rank,lenet,0.04676,lie down,True,0.191555,43
val,70,fall,G1_lowFA_s42,G1_hardneg,lenet,0.032249,lie down,True,0.144991,42
val,70,fall,G1_maxrec_s42,G1_hardneg,lenet,0.096306,stand up,True,0.306177,43
val,70,fall,G1_safety_s44,G1_hardneg,lenet,0.140365,run,True,0.314376,41
val,70,fall,GR1_lowFA,GR1_gairat,lenet,0.085944,walk,True,0.187872,33
val,70,fall,GR1_macroF1,GR1_gairat,lenet,0.169181,walk,True,0.201419,23
val,70,fall,GR1_safety,GR1_gairat,lenet,0.07945,walk,True,0.36618,43
val,70,fall,SA1_lowFA,SA1_sat,lenet,0.023083,lie down,True,0.104403,43
val,70,fall,SA1_macroF1,SA1_sat,lenet,0.073726,run,True,0.259205,43
val,70,fall,SA1_safety,SA1_sat,lenet,0.110261,lie down,True,0.310699,43
val,70,fall,ST1_lowFA,ST1_beta3p0,lenet,0.025699,lie down,True,0.157616,43
val,70,fall,ST1_macroF1,ST1_beta3p0,lenet,0.160135,walk,True,0.190872,28
val,70,fall,ST1_safety,ST1_beta3p0,lenet,0.162327,stand up,True,0.422517,42
val,70,fall,ST1b6_lowFA,ST1b6_beta6p0,lenet,0.063721,walk,True,0.153511,36
val,70,fall,ST1b6_macroF1,ST1b6_beta6p0,lenet,0.242239,walk,True,0.289528,25
val,70,fall,ST1b6_safety,ST1b6_beta6p0,lenet,0.264874,fall,True,0.393386,31
val,70,fall,VD_seed42,variantD,lenet,0.108802,walk,True,0.99924,39
val,70,fall,VD_seed43,variantD,lenet,0.185539,walk,True,0.994964,35
val,71,fall,AFAC_optBminFA,AFAC_optionB,lenet,0.088531,run,True,0.143261,32
val,71,fall,BLF_macroF1,BiLSTM_finetune,bilstm,0.054721,walk,True,0.543669,38
val,71,fall,BLF_maxrec,BiLSTM_finetune,bilstm,0.096952,walk,True,0.293561,38
val,71,fall,BLF_safety,BiLSTM_finetune,bilstm,0.019371,run,True,0.227623,41
val,71,fall,D14B_seed43,D14_pauc_rank,lenet,0.163838,run,True,0.200217,31
val,71,fall,D14B_seed44,D14_pauc_rank,lenet,0.158195,run,True,0.191555,31
val,71,fall,G1_lowFA_s42,G1_hardneg,lenet,0.082368,walk,True,0.144991,33
val,71,fall,G1_maxrec_s42,G1_hardneg,lenet,0.22221,run,True,0.306177,27
val,71,fall,G1_safety_s44,G1_hardneg,lenet,0.206461,run,True,0.314376,31
val,71,fall,GR1_lowFA,GR1_gairat,lenet,0.061052,walk,True,0.187872,39
val,71,fall,GR1_macroF1,GR1_gairat,lenet,0.076107,walk,True,0.201419,37
val,71,fall,GR1_safety,GR1_gairat,lenet,0.26556,fall,True,0.36618,28
val,71,fall,SA1_lowFA,SA1_sat,lenet,0.083365,walk,True,0.104403,29
val,71,fall,SA1_macroF1,SA1_sat,lenet,0.113875,pickup,True,0.259205,39
val,71,fall,SA1_safety,SA1_sat,lenet,0.189591,walk,True,0.310699,35
val,71,fall,ST1_lowFA,ST1_beta3p0,lenet,0.095071,walk,True,0.157616,35
val,71,fall,ST1_macroF1,ST1_beta3p0,lenet,0.083812,walk,True,0.190872,39
val,71,fall,ST1_safety,ST1_beta3p0,lenet,0.258628,pickup,True,0.422517,36
val,71,fall,ST1b6_lowFA,ST1b6_beta6p0,lenet,0.053353,run,True,0.153511,39
val,71,fall,ST1b6_macroF1,ST1b6_beta6p0,lenet,0.14652,walk,True,0.289528,37
val,71,fall,ST1b6_safety,ST1b6_beta6p0,lenet,0.25569,fall,True,0.393386,32
val,71,fall,VD_seed42,variantD,lenet,0.340779,fall,True,0.99924,23
val,71,fall,VD_seed43,variantD,lenet,0.151524,walk,True,0.994964,39
val,72,fall,AFAC_optBminFA,AFAC_optionB,lenet,0.104829,pickup,True,0.143261,29
val,72,fall,BLF_macroF1,BiLSTM_finetune,bilstm,0.099103,walk,True,0.543669,26
val,72,fall,BLF_maxrec,BiLSTM_finetune,bilstm,0.100762,walk,True,0.293561,35
val,72,fall,BLF_safety,BiLSTM_finetune,bilstm,0.141349,sit down,True,0.227623,13
val,72,fall,D14B_seed43,D14_pauc_rank,lenet,0.16273,walk,True,0.200217,32
val,72,fall,D14B_seed44,D14_pauc_rank,lenet,0.162946,walk,True,0.191555,30
val,72,fall,G1_lowFA_s42,G1_hardneg,lenet,0.050294,walk,True,0.144991,40
val,72,fall,G1_maxrec_s42,G1_hardneg,lenet,0.167809,lie down,True,0.306177,37
val,72,fall,G1_safety_s44,G1_hardneg,lenet,0.312759,fall,True,0.314376,22
val,72,fall,GR1_lowFA,GR1_gairat,lenet,0.142251,walk,True,0.187872,24
val,72,fall,GR1_safety,GR1_gairat,lenet,0.127844,walk,True,0.36618,41
val,72,fall,SA1_lowFA,SA1_sat,lenet,0.05426,walk,True,0.104403,37
val,72,fall,SA1_macroF1,SA1_sat,lenet,0.169562,walk,True,0.259205,29
val,72,fall,SA1_safety,SA1_sat,lenet,0.158591,walk,True,0.310699,40
val,72,fall,ST1_lowFA,ST1_beta3p0,lenet,0.090181,walk,True,0.157616,37
val,72,fall,ST1_safety,ST1_beta3p0,lenet,0.301955,walk,True,0.422517,32
val,72,fall,ST1b6_lowFA,ST1b6_beta6p0,lenet,0.07736,walk,True,0.153511,28
val,72,fall,ST1b6_safety,ST1b6_beta6p0,lenet,0.302194,walk,True,0.393386,29
val,72,fall,VD_seed42,variantD,lenet,0.055957,walk,True,0.99924,42
val,72,fall,VD_seed43,variantD,lenet,0.196955,walk,True,0.994964,32
val,73,fall,BLF_macroF1,BiLSTM_finetune,bilstm,0.085812,walk,True,0.543669,29
val,73,fall,BLF_maxrec,BiLSTM_finetune,bilstm,0.147541,walk,True,0.293561,18
val,73,fall,BLF_safety,BiLSTM_finetune,bilstm,0.065385,walk,True,0.227623,34
val,73,fall,G1_lowFA_s42,G1_hardneg,lenet,0.112786,walk,True,0.144991,25
val,73,fall,G1_maxrec_s42,G1_hardneg,lenet,0.197897,fall,True,0.306177,32
val,73,fall,G1_safety_s44,G1_hardneg,lenet,0.222514,fall,True,0.314376,30
val,73,fall,GR1_lowFA,GR1_gairat,lenet,0.109081,walk,True,0.187872,27
val,73,fall,GR1_macroF1,GR1_gairat,lenet,0.086618,walk,True,0.201419,33
val,73,fall,GR1_safety,GR1_gairat,lenet,0.20348,fall,True,0.36618,35
val,73,fall,SA1_macroF1,SA1_sat,lenet,0.168764,sit down,True,0.259205,30
val,73,fall,SA1_safety,SA1_sat,lenet,0.221597,fall,True,0.310699,28
val,73,fall,ST1_lowFA,ST1_beta3p0,lenet,0.116103,walk,True,0.157616,28
val,73,fall,ST1_macroF1,ST1_beta3p0,lenet,0.176148,walk,True,0.190872,24
val,73,fall,ST1_safety,ST1_beta3p0,lenet,0.289533,fall,True,0.422517,33
val,73,fall,ST1b6_lowFA,ST1b6_beta6p0,lenet,0.121418,walk,True,0.153511,19
val,73,fall,ST1b6_macroF1,ST1b6_beta6p0,lenet,0.207561,fall,True,0.289528,29
val,73,fall,ST1b6_safety,ST1b6_beta6p0,lenet,0.2349,walk,True,0.393386,34
val,73,fall,VD_seed42,variantD,lenet,0.359745,fall,True,0.99924,22
val,73,fall,VD_seed43,variantD,lenet,0.29756,fall,True,0.994964,20
val,74,fall,AFAC_maxscore,AFAC_optionB,lenet,0.187576,walk,True,0.200578,30
val,74,fall,AFAC_optBminFA,AFAC_optionB,lenet,0.074268,walk,True,0.143261,33
val,74,fall,BLF_macroF1,BiLSTM_finetune,bilstm,0.05247,pickup,True,0.543669,39
val,74,fall,BLF_maxrec,BiLSTM_finetune,bilstm,0.105848,stand up,True,0.293561,31
val,74,fall,BLF_safety,BiLSTM_finetune,bilstm,0.067162,stand up,True,0.227623,32
val,74,fall,G1_maxrec_s42,G1_hardneg,lenet,0.242318,walk,True,0.306177,24
val,74,fall,SA1_lowFA,SA1_sat,lenet,0.083632,walk,True,0.104403,28
val,74,fall,SA1_safety,SA1_sat,lenet,0.290631,fall,True,0.310699,21
val,74,fall,ST1_lowFA,ST1_beta3p0,lenet,0.137387,walk,True,0.157616,24
val,74,fall,ST1_macroF1,ST1_beta3p0,lenet,0.137058,walk,True,0.190872,34
val,74,fall,ST1b6_lowFA,ST1b6_beta6p0,lenet,0.101325,walk,True,0.153511,22
val,74,fall,VD_seed42,variantD,lenet,0.497215,fall,True,0.99924,14
val,74,fall,VD_seed43,variantD,lenet,0.677898,fall,True,0.994964,4
val,75,fall,AFAC_maxscore,AFAC_optionB,lenet,0.148466,walk,True,0.200578,35
val,75,fall,AFAC_optBminFA,AFAC_optionB,lenet,0.04492,run,True,0.143261,39
val,75,fall,BLF_macroF1,BiLSTM_finetune,bilstm,0.126276,walk,True,0.543669,15
val,75,fall,BLF_maxrec,BiLSTM_finetune,bilstm,0.0573,walk,True,0.293561,42
val,75,fall,BLF_safety,BiLSTM_finetune,bilstm,0.209772,fall,True,0.227623,4
val,75,fall,D14B_seed43,D14_pauc_rank,lenet,0.143274,walk,True,0.200217,36
val,75,fall,D14B_seed44,D14_pauc_rank,lenet,0.118147,walk,True,0.191555,39
val,75,fall,G1_lowFA_s42,G1_hardneg,lenet,0.115585,walk,True,0.144991,24
val,75,fall,G1_maxrec_s42,G1_hardneg,lenet,0.205372,walk,True,0.306177,31
val,75,fall,G1_safety_s44,G1_hardneg,lenet,0.155016,run,True,0.314376,38
val,75,fall,GR1_lowFA,GR1_gairat,lenet,0.079567,run,True,0.187872,35
val,75,fall,GR1_macroF1,GR1_gairat,lenet,0.172744,walk,True,0.201419,22
val,75,fall,GR1_safety,GR1_gairat,lenet,0.328003,run,True,0.36618,22
val,75,fall,SA1_lowFA,SA1_sat,lenet,0.034934,walk,True,0.104403,41
val,75,fall,SA1_macroF1,SA1_sat,lenet,0.164007,walk,True,0.259205,32
val,75,fall,SA1_safety,SA1_sat,lenet,0.258194,walk,True,0.310699,24
val,75,fall,ST1_lowFA,ST1_beta3p0,lenet,0.139699,run,True,0.157616,23
val,75,fall,ST1_macroF1,ST1_beta3p0,lenet,0.062727,walk,True,0.190872,43
val,75,fall,ST1b6_lowFA,ST1b6_beta6p0,lenet,0.040177,walk,True,0.153511,41
val,75,fall,ST1b6_macroF1,ST1b6_beta6p0,lenet,0.232621,walk,True,0.289528,26
val,75,fall,VD_seed42,variantD,lenet,0.610764,fall,True,0.99924,7
val,75,fall,VD_seed43,variantD,lenet,0.630032,fall,True,0.994964,5
val,76,fall,BLF_macroF1,BiLSTM_finetune,bilstm,0.112377,run,True,0.543669,22
val,76,fall,BLF_maxrec,BiLSTM_finetune,bilstm,0.140428,run,True,0.293561,23
val,76,fall,BLF_safety,BiLSTM_finetune,bilstm,0.088212,run,True,0.227623,27
val,76,fall,GR1_lowFA,GR1_gairat,lenet,0.166914,walk,True,0.187872,20
val,76,fall,ST1_safety,ST1_beta3p0,lenet,0.402889,fall,True,0.422517,17
val,76,fall,ST1b6_macroF1,ST1b6_beta6p0,lenet,0.279909,walk,True,0.289528,23
val,76,fall,VD_seed42,variantD,lenet,0.441457,fall,True,0.99924,20
val,76,fall,VD_seed43,variantD,lenet,0.432767,fall,True,0.994964,13
val,77,fall,AFAC_maxscore,AFAC_optionB,lenet,0.1877,fall,True,0.200578,29
val,77,fall,AFAC_optBminFA,AFAC_optionB,lenet,0.129867,stand up,True,0.143261,24
val,77,fall,BLF_macroF1,BiLSTM_finetune,bilstm,0.105627,lie down,True,0.543669,24
val,77,fall,BLF_maxrec,BiLSTM_finetune,bilstm,0.163393,walk,True,0.293561,15
val,77,fall,BLF_safety,BiLSTM_finetune,bilstm,0.090592,walk,True,0.227623,25
val,77,fall,D14B_seed43,D14_pauc_rank,lenet,0.186809,walk,True,0.200217,27
val,77,fall,D14B_seed44,D14_pauc_rank,lenet,0.185018,walk,True,0.191555,26
val,77,fall,G1_lowFA_s42,G1_hardneg,lenet,0.088908,stand up,True,0.144991,30
val,77,fall,G1_maxrec_s42,G1_hardneg,lenet,0.166284,stand up,True,0.306177,38
val,77,fall,G1_safety_s44,G1_hardneg,lenet,0.190367,fall,True,0.314376,33
val,77,fall,GR1_lowFA,GR1_gairat,lenet,0.090916,stand up,True,0.187872,31
val,77,fall,GR1_macroF1,GR1_gairat,lenet,0.088305,walk,True,0.201419,32
val,77,fall,GR1_safety,GR1_gairat,lenet,0.174972,walk,True,0.36618,37
val,77,fall,SA1_macroF1,SA1_sat,lenet,0.186325,sit down,True,0.259205,28
val,77,fall,SA1_safety,SA1_sat,lenet,0.207511,fall,True,0.310699,31
val,77,fall,ST1_lowFA,ST1_beta3p0,lenet,0.098522,sit down,True,0.157616,33
val,77,fall,ST1_macroF1,ST1_beta3p0,lenet,0.130545,stand up,True,0.190872,35
val,77,fall,ST1_safety,ST1_beta3p0,lenet,0.275776,fall,True,0.422517,34
val,77,fall,ST1b6_lowFA,ST1b6_beta6p0,lenet,0.09582,stand up,True,0.153511,23
val,77,fall,ST1b6_macroF1,ST1b6_beta6p0,lenet,0.15574,stand up,True,0.289528,36
val,77,fall,ST1b6_safety,ST1b6_beta6p0,lenet,0.185535,walk,True,0.393386,40
val,77,fall,VD_seed42,variantD,lenet,0.123699,stand up,True,0.99924,38
val,77,fall,VD_seed43,variantD,lenet,0.18517,stand up,True,0.994964,36
val,78,fall,AFAC_maxscore,AFAC_optionB,lenet,0.147881,run,True,0.200578,36
val,78,fall,AFAC_optBminFA,AFAC_optionB,lenet,0.099565,run,True,0.143261,30
val,78,fall,BLF_macroF1,BiLSTM_finetune,bilstm,0.088014,walk,True,0.543669,28
val,78,fall,BLF_maxrec,BiLSTM_finetune,bilstm,0.146998,walk,True,0.293561,19
val,78,fall,BLF_safety,BiLSTM_finetune,bilstm,0.089022,walk,True,0.227623,26
val,78,fall,D14B_seed43,D14_pauc_rank,lenet,0.159192,run,True,0.200217,33
val,78,fall,D14B_seed44,D14_pauc_rank,lenet,0.157299,run,True,0.191555,32
val,78,fall,G1_lowFA_s42,G1_hardneg,lenet,0.109621,run,True,0.144991,26
val,78,fall,G1_maxrec_s42,G1_hardneg,lenet,0.260205,fall,True,0.306177,21
val,78,fall,G1_safety_s44,G1_hardneg,lenet,0.236218,run,True,0.314376,27
val,78,fall,GR1_lowFA,GR1_gairat,lenet,0.104167,run,True,0.187872,28
val,78,fall,GR1_macroF1,GR1_gairat,lenet,0.149477,run,True,0.201419,25
val,78,fall,GR1_safety,GR1_gairat,lenet,0.325366,fall,True,0.36618,23
val,78,fall,SA1_macroF1,SA1_sat,lenet,0.224975,run,True,0.259205,22
val,78,fall,SA1_safety,SA1_sat,lenet,0.248859,run,True,0.310699,26
val,78,fall,ST1_macroF1,ST1_beta3p0,lenet,0.14089,run,True,0.190872,32
val,78,fall,ST1_safety,ST1_beta3p0,lenet,0.310491,run,True,0.422517,30
val,78,fall,ST1b6_lowFA,ST1b6_beta6p0,lenet,0.067517,run,True,0.153511,32
val,78,fall,ST1b6_macroF1,ST1b6_beta6p0,lenet,0.207866,run,True,0.289528,28
val,78,fall,ST1b6_safety,ST1b6_beta6p0,lenet,0.317001,fall,True,0.393386,26
val,78,fall,VD_seed42,variantD,lenet,0.654505,fall,True,0.99924,3
val,78,fall,VD_seed43,variantD,lenet,0.401209,fall,True,0.994964,16
val,79,fall,BLF_macroF1,BiLSTM_finetune,bilstm,0.119865,run,True,0.543669,19
val,79,fall,BLF_maxrec,BiLSTM_finetune,bilstm,0.140115,run,True,0.293561,24
val,79,fall,BLF_safety,BiLSTM_finetune,bilstm,0.087286,run,True,0.227623,29
val,79,fall,GR1_lowFA,GR1_gairat,lenet,0.156846,run,True,0.187872,21
val,79,fall,GR1_macroF1,GR1_gairat,lenet,0.165535,run,True,0.201419,24
val,79,fall,ST1_safety,ST1_beta3p0,lenet,0.383392,run,True,0.422517,20
val,79,fall,VD_seed42,variantD,lenet,0.540437,fall,True,0.99924,11
val,79,fall,VD_seed43,variantD,lenet,0.265536,run,True,0.994964,22
val,80,fall,AFAC_maxscore,AFAC_optionB,lenet,0.176868,fall,True,0.200578,32
val,80,fall,BLF_macroF1,BiLSTM_finetune,bilstm,0.078739,lie down,True,0.543669,31
val,80,fall,BLF_maxrec,BiLSTM_finetune,bilstm,0.130663,walk,True,0.293561,27
val,80,fall,BLF_safety,BiLSTM_finetune,bilstm,0.066488,lie down,True,0.227623,33
val,80,fall,D14B_seed43,D14_pauc_rank,lenet,0.188634,fall,True,0.200217,26
val,80,fall,D14B_seed44,D14_pauc_rank,lenet,0.18038,walk,True,0.191555,27
val,80,fall,G1_lowFA_s42,G1_hardneg,lenet,0.091082,lie down,True,0.144991,29
val,80,fall,G1_maxrec_s42,G1_hardneg,lenet,0.217152,fall,True,0.306177,28
val,80,fall,G1_safety_s44,G1_hardneg,lenet,0.224763,fall,True,0.314376,29
val,80,fall,GR1_lowFA,GR1_gairat,lenet,0.113811,walk,True,0.187872,26
val,80,fall,GR1_macroF1,GR1_gairat,lenet,0.080463,lie down,True,0.201419,35
val,80,fall,GR1_safety,GR1_gairat,lenet,0.206259,fall,True,0.36618,34
val,80,fall,SA1_lowFA,SA1_sat,lenet,0.07243,walk,True,0.104403,31
val,80,fall,SA1_macroF1,SA1_sat,lenet,0.151631,walk,True,0.259205,34
val,80,fall,SA1_safety,SA1_sat,lenet,0.197402,fall,True,0.310699,34
val,80,fall,ST1_safety,ST1_beta3p0,lenet,0.37057,fall,True,0.422517,22
val,80,fall,ST1b6_lowFA,ST1b6_beta6p0,lenet,0.06938,walk,True,0.153511,30
val,80,fall,ST1b6_macroF1,ST1b6_beta6p0,lenet,0.178086,lie down,True,0.289528,33
val,80,fall,ST1b6_safety,ST1b6_beta6p0,lenet,0.234498,fall,True,0.393386,35
val,80,fall,VD_seed42,variantD,lenet,0.241771,stand up,True,0.99924,31
val,80,fall,VD_seed43,variantD,lenet,0.243016,lie down,True,0.994964,27
val,81,fall,AFAC_optBminFA,AFAC_optionB,lenet,0.04775,lie down,True,0.143261,37
val,81,fall,BLF_macroF1,BiLSTM_finetune,bilstm,0.1367,stand up,True,0.543669,12
val,81,fall,BLF_maxrec,BiLSTM_finetune,bilstm,0.185419,walk,True,0.293561,10
val,81,fall,BLF_safety,BiLSTM_finetune,bilstm,0.144644,stand up,True,0.227623,12
val,81,fall,G1_lowFA_s42,G1_hardneg,lenet,0.042701,lie down,True,0.144991,41
val,81,fall,SA1_lowFA,SA1_sat,lenet,0.068774,lie down,True,0.104403,33
val,81,fall,ST1b6_lowFA,ST1b6_beta6p0,lenet,0.065431,lie down,True,0.153511,34
val,81,fall,VD_seed42,variantD,lenet,0.731596,fall,True,0.99924,1
val,81,fall,VD_seed43,variantD,lenet,0.622288,fall,True,0.994964,6
val,82,fall,AFAC_optBminFA,AFAC_optionB,lenet,0.031792,lie down,True,0.143261,42
val,82,fall,BLF_macroF1,BiLSTM_finetune,bilstm,0.099862,pickup,True,0.543669,25
val,82,fall,BLF_maxrec,BiLSTM_finetune,bilstm,0.169367,walk,True,0.293561,14
val,82,fall,BLF_safety,BiLSTM_finetune,bilstm,0.116002,lie down,True,0.227623,20
val,82,fall,G1_lowFA_s42,G1_hardneg,lenet,0.069745,lie down,True,0.144991,35
val,82,fall,VD_seed42,variantD,lenet,0.564652,fall,True,0.99924,9
val,82,fall,VD_seed43,variantD,lenet,0.68403,fall,True,0.994964,3
val,83,fall,BLF_macroF1,BiLSTM_finetune,bilstm,0.16398,walk,True,0.543669,9
val,83,fall,BLF_maxrec,BiLSTM_finetune,bilstm,0.183199,run,True,0.293561,12
val,83,fall,BLF_safety,BiLSTM_finetune,bilstm,0.129621,run,True,0.227623,18
val,83,fall,VD_seed42,variantD,lenet,0.488091,fall,True,0.99924,15
val,83,fall,VD_seed43,variantD,lenet,0.193778,lie down,True,0.994964,34
val,84,fall,BLF_macroF1,BiLSTM_finetune,bilstm,0.114763,run,True,0.543669,21
val,84,fall,BLF_maxrec,BiLSTM_finetune,bilstm,0.136207,run,True,0.293561,25
val,84,fall,BLF_safety,BiLSTM_finetune,bilstm,0.095222,run,True,0.227623,22
val,84,fall,ST1_safety,ST1_beta3p0,lenet,0.376218,run,True,0.422517,21
val,84,fall,VD_seed42,variantD,lenet,0.464761,fall,True,0.99924,17
val,84,fall,VD_seed43,variantD,lenet,0.258416,run,True,0.994964,25
val,85,fall,AFAC_optBminFA,AFAC_optionB,lenet,0.13961,run,True,0.143261,22
val,85,fall,BLF_macroF1,BiLSTM_finetune,bilstm,0.160894,run,True,0.543669,11
val,85,fall,BLF_maxrec,BiLSTM_finetune,bilstm,0.183919,run,True,0.293561,11
val,85,fall,BLF_safety,BiLSTM_finetune,bilstm,0.134597,run,True,0.227623,17
val,85,fall,G1_maxrec_s42,G1_hardneg,lenet,0.255776,run,True,0.306177,22
val,85,fall,GR1_lowFA,GR1_gairat,lenet,0.123222,run,True,0.187872,25
val,85,fall,GR1_macroF1,GR1_gairat,lenet,0.132435,run,True,0.201419,27
val,85,fall,GR1_safety,GR1_gairat,lenet,0.353068,fall,True,0.36618,17
val,85,fall,SA1_macroF1,SA1_sat,lenet,0.216781,run,True,0.259205,23
val,85,fall,SA1_safety,SA1_sat,lenet,0.292212,run,True,0.310699,19
val,85,fall,ST1_lowFA,ST1_beta3p0,lenet,0.114168,run,True,0.157616,29
val,85,fall,ST1_macroF1,ST1_beta3p0,lenet,0.138328,run,True,0.190872,33
val,85,fall,ST1_safety,ST1_beta3p0,lenet,0.341864,run,True,0.422517,26
val,85,fall,ST1b6_macroF1,ST1b6_beta6p0,lenet,0.224459,run,True,0.289528,27
val,85,fall,ST1b6_safety,ST1b6_beta6p0,lenet,0.336493,run,True,0.393386,25
val,85,fall,VD_seed42,variantD,lenet,0.30009,walk,True,0.99924,27
val,85,fall,VD_seed43,variantD,lenet,0.171199,run,True,0.994964,38
val,86,fall,AFAC_maxscore,AFAC_optionB,lenet,0.140881,walk,True,0.200578,37
val,86,fall,AFAC_optBminFA,AFAC_optionB,lenet,0.107539,walk,True,0.143261,28
val,86,fall,BLF_macroF1,BiLSTM_finetune,bilstm,0.074871,lie down,True,0.543669,33
val,86,fall,BLF_maxrec,BiLSTM_finetune,bilstm,0.110576,walk,True,0.293561,30
val,86,fall,BLF_safety,BiLSTM_finetune,bilstm,0.055348,walk,True,0.227623,37
val,86,fall,D14B_seed43,D14_pauc_rank,lenet,0.174463,walk,True,0.200217,30
val,86,fall,D14B_seed44,D14_pauc_rank,lenet,0.166617,walk,True,0.191555,29
val,86,fall,G1_lowFA_s42,G1_hardneg,lenet,0.056573,lie down,True,0.144991,39
val,86,fall,G1_maxrec_s42,G1_hardneg,lenet,0.17163,walk,True,0.306177,36
val,86,fall,G1_safety_s44,G1_hardneg,lenet,0.174678,walk,True,0.314376,36
val,86,fall,GR1_lowFA,GR1_gairat,lenet,0.07928,walk,True,0.187872,36
val,86,fall,GR1_macroF1,GR1_gairat,lenet,0.057145,lie down,True,0.201419,41
val,86,fall,GR1_safety,GR1_gairat,lenet,0.16767,walk,True,0.36618,39
val,86,fall,SA1_lowFA,SA1_sat,lenet,0.063566,run,True,0.104403,35
val,86,fall,SA1_macroF1,SA1_sat,lenet,0.12593,walk,True,0.259205,38
val,86,fall,SA1_safety,SA1_sat,lenet,0.175403,walk,True,0.310699,38
val,86,fall,ST1_lowFA,ST1_beta3p0,lenet,0.099106,walk,True,0.157616,32
val,86,fall,ST1_safety,ST1_beta3p0,lenet,0.250887,pickup,True,0.422517,37
val,86,fall,ST1b6_lowFA,ST1b6_beta6p0,lenet,0.051834,walk,True,0.153511,40
val,86,fall,ST1b6_macroF1,ST1b6_beta6p0,lenet,0.132909,walk,True,0.289528,38
val,86,fall,ST1b6_safety,ST1b6_beta6p0,lenet,0.172745,walk,True,0.393386,42
val,86,fall,VD_seed42,variantD,lenet,0.312883,stand up,True,0.99924,24
val,86,fall,VD_seed43,variantD,lenet,0.26457,fall,True,0.994964,23
val,87,fall,AFAC_maxscore,AFAC_optionB,lenet,0.113023,walk,True,0.200578,39
val,87,fall,AFAC_optBminFA,AFAC_optionB,lenet,0.04564,walk,True,0.143261,38
val,87,fall,BLF_macroF1,BiLSTM_finetune,bilstm,0.118499,lie down,True,0.543669,20
val,87,fall,BLF_maxrec,BiLSTM_finetune,bilstm,0.103264,walk,True,0.293561,33
val,87,fall,BLF_safety,BiLSTM_finetune,bilstm,0.128476,lie down,True,0.227623,19
val,87,fall,D14B_seed43,D14_pauc_rank,lenet,0.174568,walk,True,0.200217,29
val,87,fall,D14B_seed44,D14_pauc_rank,lenet,0.147532,walk,True,0.191555,35
val,87,fall,G1_maxrec_s42,G1_hardneg,lenet,0.235952,stand up,True,0.306177,26
val,87,fall,G1_safety_s44,G1_hardneg,lenet,0.183553,walk,True,0.314376,34
val,87,fall,GR1_macroF1,GR1_gairat,lenet,0.111241,walk,True,0.201419,30
val,87,fall,SA1_lowFA,SA1_sat,lenet,0.040934,walk,True,0.104403,40
val,87,fall,SA1_macroF1,SA1_sat,lenet,0.163865,walk,True,0.259205,33
val,87,fall,SA1_safety,SA1_sat,lenet,0.179265,walk,True,0.310699,37
val,87,fall,ST1_lowFA,ST1_beta3p0,lenet,0.051514,walk,True,0.157616,40
val,87,fall,ST1_macroF1,ST1_beta3p0,lenet,0.065113,walk,True,0.190872,42
val,87,fall,ST1_safety,ST1_beta3p0,lenet,0.402979,fall,True,0.422517,16
val,87,fall,ST1b6_lowFA,ST1b6_beta6p0,lenet,0.064636,walk,True,0.153511,35
val,87,fall,VD_seed42,variantD,lenet,0.303891,walk,True,0.99924,25
val,87,fall,VD_seed43,variantD,lenet,0.311264,walk,True,0.994964,19
val,88,fall,AFAC_maxscore,AFAC_optionB,lenet,0.090372,run,True,0.200578,41
val,88,fall,AFAC_optBminFA,AFAC_optionB,lenet,0.065825,run,True,0.143261,35
val,88,fall,BLF_macroF1,BiLSTM_finetune,bilstm,0.07616,run,True,0.543669,32
val,88,fall,BLF_maxrec,BiLSTM_finetune,bilstm,0.098973,run,True,0.293561,36
val,88,fall,BLF_safety,BiLSTM_finetune,bilstm,0.064092,run,True,0.227623,35
val,88,fall,D14B_seed43,D14_pauc_rank,lenet,0.115684,run,True,0.200217,40
val,88,fall,D14B_seed44,D14_pauc_rank,lenet,0.107979,run,True,0.191555,40
val,88,fall,G1_lowFA_s42,G1_hardneg,lenet,0.122286,run,True,0.144991,23
val,88,fall,G1_maxrec_s42,G1_hardneg,lenet,0.15885,run,True,0.306177,39
val,88,fall,G1_safety_s44,G1_hardneg,lenet,0.155312,run,True,0.314376,37
val,88,fall,GR1_lowFA,GR1_gairat,lenet,0.057807,run,True,0.187872,40
val,88,fall,GR1_macroF1,GR1_gairat,lenet,0.065497,run,True,0.201419,40
val,88,fall,GR1_safety,GR1_gairat,lenet,0.250042,run,True,0.36618,30
val,88,fall,SA1_lowFA,SA1_sat,lenet,0.092002,run,True,0.104403,25
val,88,fall,SA1_macroF1,SA1_sat,lenet,0.137421,run,True,0.259205,36
val,88,fall,SA1_safety,SA1_sat,lenet,0.198925,run,True,0.310699,33
val,88,fall,ST1_lowFA,ST1_beta3p0,lenet,0.070002,run,True,0.157616,39
val,88,fall,ST1_macroF1,ST1_beta3p0,lenet,0.097859,run,True,0.190872,38
val,88,fall,ST1_safety,ST1_beta3p0,lenet,0.205521,run,True,0.422517,41
val,88,fall,ST1b6_lowFA,ST1b6_beta6p0,lenet,0.059754,run,True,0.153511,37
val,88,fall,ST1b6_macroF1,ST1b6_beta6p0,lenet,0.074425,walk,True,0.289528,42
val,88,fall,ST1b6_safety,ST1b6_beta6p0,lenet,0.207678,run,True,0.393386,38
val,88,fall,VD_seed42,variantD,lenet,0.083708,walk,True,0.99924,40
val,88,fall,VD_seed43,variantD,lenet,0.067411,run,True,0.994964,42
val,89,fall,AFAC_maxscore,AFAC_optionB,lenet,0.175653,walk,True,0.200578,33
val,89,fall,AFAC_optBminFA,AFAC_optionB,lenet,0.072502,run,True,0.143261,34
val,89,fall,BLF_macroF1,BiLSTM_finetune,bilstm,0.046464,walk,True,0.543669,41
val,89,fall,BLF_maxrec,BiLSTM_finetune,bilstm,0.089595,run,True,0.293561,39
val,89,fall,BLF_safety,BiLSTM_finetune,bilstm,0.016026,run,True,0.227623,42
val,89,fall,D14B_seed43,D14_pauc_rank,lenet,0.154553,run,True,0.200217,34
val,89,fall,D14B_seed44,D14_pauc_rank,lenet,0.147787,run,True,0.191555,34
val,89,fall,G1_lowFA_s42,G1_hardneg,lenet,0.067583,walk,True,0.144991,36
val,89,fall,G1_maxrec_s42,G1_hardneg,lenet,0.194413,run,True,0.306177,33
val,89,fall,G1_safety_s44,G1_hardneg,lenet,0.181776,run,True,0.314376,35
val,89,fall,GR1_lowFA,GR1_gairat,lenet,0.050827,walk,True,0.187872,42
val,89,fall,GR1_macroF1,GR1_gairat,lenet,0.055768,walk,True,0.201419,42
val,89,fall,GR1_safety,GR1_gairat,lenet,0.251909,fall,True,0.36618,29
val,89,fall,SA1_lowFA,SA1_sat,lenet,0.048692,walk,True,0.104403,38
val,89,fall,SA1_macroF1,SA1_sat,lenet,0.096574,walk,True,0.259205,40
val,89,fall,SA1_safety,SA1_sat,lenet,0.157815,walk,True,0.310699,41
val,89,fall,ST1_lowFA,ST1_beta3p0,lenet,0.091936,run,True,0.157616,36
val,89,fall,ST1_macroF1,ST1_beta3p0,lenet,0.070321,walk,True,0.190872,40
val,89,fall,ST1_safety,ST1_beta3p0,lenet,0.242916,run,True,0.422517,39
val,89,fall,ST1b6_lowFA,ST1b6_beta6p0,lenet,0.036655,run,True,0.153511,42
val,89,fall,ST1b6_macroF1,ST1b6_beta6p0,lenet,0.114923,walk,True,0.289528,40
val,89,fall,ST1b6_safety,ST1b6_beta6p0,lenet,0.212031,walk,True,0.393386,37
val,89,fall,VD_seed42,variantD,lenet,0.191629,walk,True,0.99924,33
val,89,fall,VD_seed43,variantD,lenet,0.093172,walk,True,0.994964,41
val,90,fall,BLF_macroF1,BiLSTM_finetune,bilstm,0.208239,walk,True,0.543669,4
val,90,fall,BLF_maxrec,BiLSTM_finetune,bilstm,0.2697,fall,True,0.293561,3
val,90,fall,BLF_safety,BiLSTM_finetune,bilstm,0.160513,walk,True,0.227623,10
val,90,fall,GR1_safety,GR1_gairat,lenet,0.342693,fall,True,0.36618,20
val,90,fall,VD_seed42,variantD,lenet,0.536372,fall,True,0.99924,12
val,90,fall,VD_seed43,variantD,lenet,0.481248,fall,True,0.994964,11
val,91,fall,AFAC_maxscore,AFAC_optionB,lenet,0.170908,walk,True,0.200578,34
val,91,fall,AFAC_optBminFA,AFAC_optionB,lenet,0.095689,lie down,True,0.143261,31
val,91,fall,BLF_macroF1,BiLSTM_finetune,bilstm,0.125339,walk,True,0.543669,16
val,91,fall,BLF_maxrec,BiLSTM_finetune,bilstm,0.127333,walk,True,0.293561,29
val,91,fall,BLF_safety,BiLSTM_finetune,bilstm,0.175229,stand up,True,0.227623,7
val,91,fall,D14B_seed43,D14_pauc_rank,lenet,0.15195,walk,True,0.200217,35
val,91,fall,D14B_seed44,D14_pauc_rank,lenet,0.148967,walk,True,0.191555,33
val,91,fall,G1_lowFA_s42,G1_hardneg,lenet,0.093005,walk,True,0.144991,28
val,91,fall,G1_maxrec_s42,G1_hardneg,lenet,0.21134,fall,True,0.306177,29
val,91,fall,GR1_lowFA,GR1_gairat,lenet,0.142886,walk,True,0.187872,23
val,91,fall,GR1_safety,GR1_gairat,lenet,0.183994,walk,True,0.36618,36
val,91,fall,SA1_lowFA,SA1_sat,lenet,0.064941,lie down,True,0.104403,34
val,91,fall,SA1_macroF1,SA1_sat,lenet,0.210023,walk,True,0.259205,24
val,91,fall,SA1_safety,SA1_sat,lenet,0.21305,fall,True,0.310699,30
val,91,fall,ST1_lowFA,ST1_beta3p0,lenet,0.076515,lie down,True,0.157616,38
val,91,fall,ST1_macroF1,ST1_beta3p0,lenet,0.161954,walk,True,0.190872,27
val,91,fall,ST1_safety,ST1_beta3p0,lenet,0.317249,fall,True,0.422517,29
val,91,fall,ST1b6_lowFA,ST1b6_beta6p0,lenet,0.094906,walk,True,0.153511,24
val,91,fall,VD_seed42,variantD,lenet,0.071497,stand up,True,0.99924,41
val,91,fall,VD_seed43,variantD,lenet,0.208087,walk,True,0.994964,31
val,92,fall,BLF_macroF1,BiLSTM_finetune,bilstm,0.162637,walk,True,0.543669,10
val,92,fall,BLF_maxrec,BiLSTM_finetune,bilstm,0.157916,walk,True,0.293561,17
val,92,fall,VD_seed42,variantD,lenet,0.242307,walk,True,0.99924,30
val,92,fall,VD_seed43,variantD,lenet,0.423108,walk,True,0.994964,15
val,93,fall,BLF_macroF1,BiLSTM_finetune,bilstm,0.111451,walk,True,0.543669,23
val,93,fall,BLF_maxrec,BiLSTM_finetune,bilstm,0.15996,run,True,0.293561,16
val,93,fall,BLF_safety,BiLSTM_finetune,bilstm,0.094124,run,True,0.227623,24
val,93,fall,G1_maxrec_s42,G1_hardneg,lenet,0.2608,run,True,0.306177,20
val,93,fall,G1_safety_s44,G1_hardneg,lenet,0.297947,fall,True,0.314376,25
val,93,fall,GR1_lowFA,GR1_gairat,lenet,0.081473,run,True,0.187872,34
val,93,fall,GR1_macroF1,GR1_gairat,lenet,0.095275,run,True,0.201419,31
val,93,fall,SA1_lowFA,SA1_sat,lenet,0.08614,run,True,0.104403,27
val,93,fall,SA1_macroF1,SA1_sat,lenet,0.197978,run,True,0.259205,26
val,93,fall,SA1_safety,SA1_sat,lenet,0.273276,run,True,0.310699,23
val,93,fall,ST1_lowFA,ST1_beta3p0,lenet,0.106032,run,True,0.157616,30
val,93,fall,ST1_macroF1,ST1_beta3p0,lenet,0.14867,run,True,0.190872,30
val,93,fall,ST1_safety,ST1_beta3p0,lenet,0.342523,run,True,0.422517,25
val,93,fall,ST1b6_lowFA,ST1b6_beta6p0,lenet,0.07823,run,True,0.153511,27
val,93,fall,ST1b6_macroF1,ST1b6_beta6p0,lenet,0.196052,walk,True,0.289528,31
val,93,fall,ST1b6_safety,ST1b6_beta6p0,lenet,0.345404,fall,True,0.393386,24
val,93,fall,VD_seed42,variantD,lenet,0.301096,walk,True,0.99924,26
val,93,fall,VD_seed43,variantD,lenet,0.17304,run,True,0.994964,37
val,94,fall,AFAC_maxscore,AFAC_optionB,lenet,0.072591,lie down,True,0.200578,42
val,94,fall,AFAC_optBminFA,AFAC_optionB,lenet,0.035717,walk,True,0.143261,41
val,94,fall,BLF_macroF1,BiLSTM_finetune,bilstm,0.050196,lie down,True,0.543669,40
val,94,fall,BLF_maxrec,BiLSTM_finetune,bilstm,0.08029,walk,True,0.293561,40
val,94,fall,BLF_safety,BiLSTM_finetune,bilstm,0.044595,lie down,True,0.227623,40
val,94,fall,D14B_seed43,D14_pauc_rank,lenet,0.095704,walk,True,0.200217,42
val,94,fall,D14B_seed44,D14_pauc_rank,lenet,0.101338,walk,True,0.191555,41
val,94,fall,G1_lowFA_s42,G1_hardneg,lenet,0.028079,walk,True,0.144991,43
val,94,fall,G1_maxrec_s42,G1_hardneg,lenet,0.147164,walk,True,0.306177,40
val,94,fall,G1_safety_s44,G1_hardneg,lenet,0.1061,walk,True,0.314376,42
val,94,fall,GR1_lowFA,GR1_gairat,lenet,0.030013,walk,True,0.187872,43
val,94,fall,GR1_macroF1,GR1_gairat,lenet,0.02217,walk,True,0.201419,44
val,94,fall,GR1_safety,GR1_gairat,lenet,0.149577,walk,True,0.36618,40
val,94,fall,SA1_lowFA,SA1_sat,lenet,0.029794,walk,True,0.104403,42
val,94,fall,SA1_macroF1,SA1_sat,lenet,0.076886,walk,True,0.259205,42
val,94,fall,SA1_safety,SA1_sat,lenet,0.124221,walk,True,0.310699,42
val,94,fall,ST1_lowFA,ST1_beta3p0,lenet,0.047402,lie down,True,0.157616,41
val,94,fall,ST1_macroF1,ST1_beta3p0,lenet,0.069146,lie down,True,0.190872,41
val,94,fall,ST1_safety,ST1_beta3p0,lenet,0.272377,fall,True,0.422517,35
val,94,fall,ST1b6_lowFA,ST1b6_beta6p0,lenet,0.016443,walk,True,0.153511,43
val,94,fall,ST1b6_macroF1,ST1b6_beta6p0,lenet,0.054403,walk,True,0.289528,43
val,94,fall,ST1b6_safety,ST1b6_beta6p0,lenet,0.111205,walk,True,0.393386,43
val,94,fall,VD_seed42,variantD,lenet,0.24545,stand up,True,0.99924,29
val,94,fall,VD_seed43,variantD,lenet,0.230661,walk,True,0.994964,30
val,95,fall,BLF_macroF1,BiLSTM_finetune,bilstm,0.166686,run,True,0.543669,8
val,95,fall,BLF_maxrec,BiLSTM_finetune,bilstm,0.195573,run,True,0.293561,8
val,95,fall,BLF_safety,BiLSTM_finetune,bilstm,0.155067,run,True,0.227623,11
val,95,fall,G1_maxrec_s42,G1_hardneg,lenet,0.281871,fall,True,0.306177,17
val,95,fall,GR1_safety,GR1_gairat,lenet,0.355817,fall,True,0.36618,16
val,95,fall,ST1_safety,ST1_beta3p0,lenet,0.363943,run,True,0.422517,24
val,95,fall,VD_seed42,variantD,lenet,0.623474,fall,True,0.99924,6
val,95,fall,VD_seed43,variantD,lenet,0.296306,run,True,0.994964,21
val,96,fall,BLF_macroF1,BiLSTM_finetune,bilstm,0.065303,lie down,True,0.543669,35
val,96,fall,BLF_maxrec,BiLSTM_finetune,bilstm,0.127914,walk,True,0.293561,28
val,96,fall,BLF_safety,BiLSTM_finetune,bilstm,0.077565,lie down,True,0.227623,31
val,96,fall,VD_seed42,variantD,lenet,0.453707,fall,True,0.99924,18
val,96,fall,VD_seed43,variantD,lenet,0.7357,fall,True,0.994964,1
val,97,fall,AFAC_maxscore,AFAC_optionB,lenet,0.097702,run,True,0.200578,40
val,97,fall,AFAC_optBminFA,AFAC_optionB,lenet,0.061625,run,True,0.143261,36
val,97,fall,BLF_macroF1,BiLSTM_finetune,bilstm,0.122999,run,True,0.543669,18
val,97,fall,BLF_maxrec,BiLSTM_finetune,bilstm,0.141041,run,True,0.293561,21
val,97,fall,BLF_safety,BiLSTM_finetune,bilstm,0.087339,run,True,0.227623,28
val,97,fall,D14B_seed43,D14_pauc_rank,lenet,0.127659,run,True,0.200217,39
val,97,fall,D14B_seed44,D14_pauc_rank,lenet,0.123771,run,True,0.191555,38
val,97,fall,G1_lowFA_s42,G1_hardneg,lenet,0.074359,run,True,0.144991,34
val,97,fall,G1_maxrec_s42,G1_hardneg,lenet,0.205923,run,True,0.306177,30
val,97,fall,G1_safety_s44,G1_hardneg,lenet,0.146039,run,True,0.314376,40
val,97,fall,GR1_lowFA,GR1_gairat,lenet,0.071021,run,True,0.187872,38
val,97,fall,GR1_macroF1,GR1_gairat,lenet,0.082655,run,True,0.201419,34
val,97,fall,GR1_safety,GR1_gairat,lenet,0.219973,run,True,0.36618,32
val,97,fall,SA1_lowFA,SA1_sat,lenet,0.071787,run,True,0.104403,32
val,97,fall,SA1_macroF1,SA1_sat,lenet,0.146083,run,True,0.259205,35
val,97,fall,SA1_safety,SA1_sat,lenet,0.18476,run,True,0.310699,36
val,97,fall,ST1_lowFA,ST1_beta3p0,lenet,0.130571,run,True,0.157616,25
val,97,fall,ST1_macroF1,ST1_beta3p0,lenet,0.10221,run,True,0.190872,37
val,97,fall,ST1_safety,ST1_beta3p0,lenet,0.231462,run,True,0.422517,40
val,97,fall,ST1b6_lowFA,ST1b6_beta6p0,lenet,0.053912,run,True,0.153511,38
val,97,fall,ST1b6_macroF1,ST1b6_beta6p0,lenet,0.15794,run,True,0.289528,35
val,97,fall,ST1b6_safety,ST1b6_beta6p0,lenet,0.215281,run,True,0.393386,36
val,97,fall,VD_seed42,variantD,lenet,0.185189,run,True,0.99924,34
val,97,fall,VD_seed43,variantD,lenet,0.104393,run,True,0.994964,40
val,98,fall,BLF_macroF1,BiLSTM_finetune,bilstm,0.191687,run,True,0.543669,6
val,98,fall,BLF_maxrec,BiLSTM_finetune,bilstm,0.210317,run,True,0.293561,5
val,98,fall,BLF_safety,BiLSTM_finetune,bilstm,0.134712,run,True,0.227623,16
val,98,fall,GR1_lowFA,GR1_gairat,lenet,0.15018,run,True,0.187872,22
val,98,fall,GR1_safety,GR1_gairat,lenet,0.331236,fall,True,0.36618,21
val,98,fall,ST1_safety,ST1_beta3p0,lenet,0.364627,fall,True,0.422517,23
val,98,fall,ST1b6_safety,ST1b6_beta6p0,lenet,0.378828,fall,True,0.393386,21
val,98,fall,VD_seed42,variantD,lenet,0.633387,fall,True,0.99924,5
val,98,fall,VD_seed43,variantD,lenet,0.581607,fall,True,0.994964,8
val,99,fall,AFAC_maxscore,AFAC_optionB,lenet,0.193834,walk,True,0.200578,28
val,99,fall,AFAC_optBminFA,AFAC_optionB,lenet,0.136959,pickup,True,0.143261,23
val,99,fall,BLF_macroF1,BiLSTM_finetune,bilstm,0.133014,walk,True,0.543669,13
val,99,fall,BLF_maxrec,BiLSTM_finetune,bilstm,0.131086,walk,True,0.293561,26
val,99,fall,BLF_safety,BiLSTM_finetune,bilstm,0.188778,sit down,True,0.227623,5
val,99,fall,D14B_seed43,D14_pauc_rank,lenet,0.097729,walk,True,0.200217,41
val,99,fall,D14B_seed44,D14_pauc_rank,lenet,0.09699,walk,True,0.191555,42
val,99,fall,G1_lowFA_s42,G1_hardneg,lenet,0.085434,walk,True,0.144991,32
val,99,fall,G1_maxrec_s42,G1_hardneg,lenet,0.111866,walk,True,0.306177,42
val,99,fall,G1_safety_s44,G1_hardneg,lenet,0.077092,walk,True,0.314376,43
val,99,fall,GR1_lowFA,GR1_gairat,lenet,0.056154,walk,True,0.187872,41
val,99,fall,GR1_macroF1,GR1_gairat,lenet,0.075261,walk,True,0.201419,39
val,99,fall,GR1_safety,GR1_gairat,lenet,0.090759,walk,True,0.36618,42
val,99,fall,SA1_lowFA,SA1_sat,lenet,0.055332,walk,True,0.104403,36
val,99,fall,SA1_macroF1,SA1_sat,lenet,0.091207,walk,True,0.259205,41
val,99,fall,SA1_safety,SA1_sat,lenet,0.214767,walk,True,0.310699,29
val,99,fall,ST1_lowFA,ST1_beta3p0,lenet,0.038209,walk,True,0.157616,42
val,99,fall,ST1_macroF1,ST1_beta3p0,lenet,0.147315,walk,True,0.190872,31
val,99,fall,ST1_safety,ST1_beta3p0,lenet,0.118849,walk,True,0.422517,43
val,99,fall,ST1b6_lowFA,ST1b6_beta6p0,lenet,0.088897,walk,True,0.153511,25
val,99,fall,ST1b6_macroF1,ST1b6_beta6p0,lenet,0.196439,walk,True,0.289528,30
val,99,fall,ST1b6_safety,ST1b6_beta6p0,lenet,0.31178,walk,True,0.393386,27
val,99,fall,VD_seed42,variantD,lenet,0.034274,walk,True,0.99924,43
val,99,fall,VD_seed43,variantD,lenet,0.051107,walk,True,0.994964,43
val,100,fall,BLF_macroF1,BiLSTM_finetune,bilstm,0.178342,run,True,0.543669,7
val,100,fall,BLF_maxrec,BiLSTM_finetune,bilstm,0.205816,run,True,0.293561,6
val,100,fall,BLF_safety,BiLSTM_finetune,bilstm,0.16191,run,True,0.227623,9
val,100,fall,G1_maxrec_s42,G1_hardneg,lenet,0.265869,run,True,0.306177,19
val,100,fall,GR1_safety,GR1_gairat,lenet,0.314452,run,True,0.36618,24
val,100,fall,SA1_safety,SA1_sat,lenet,0.300865,fall,True,0.310699,18
val,100,fall,ST1_safety,ST1_beta3p0,lenet,0.337143,run,True,0.422517,27
val,100,fall,ST1b6_safety,ST1b6_beta6p0,lenet,0.354531,fall,True,0.393386,23
val,100,fall,VD_seed42,variantD,lenet,0.48156,run,True,0.99924,16
val,100,fall,VD_seed43,variantD,lenet,0.367036,run,True,0.994964,17
val,101,fall,BLF_macroF1,BiLSTM_finetune,bilstm,0.125069,stand up,True,0.543669,17
val,101,fall,BLF_maxrec,BiLSTM_finetune,bilstm,0.172636,walk,True,0.293561,13
val,101,fall,BLF_safety,BiLSTM_finetune,bilstm,0.137229,lie down,True,0.227623,15
val,101,fall,VD_seed42,variantD,lenet,0.66997,fall,True,0.99924,2
val,101,fall,VD_seed43,variantD,lenet,0.573387,fall,True,0.994964,9
val,102,fall,BLF_macroF1,BiLSTM_finetune,bilstm,0.13172,walk,True,0.543669,14
val,102,fall,BLF_maxrec,BiLSTM_finetune,bilstm,0.193387,walk,True,0.293561,9
val,102,fall,BLF_safety,BiLSTM_finetune,bilstm,0.102469,walk,True,0.227623,21
val,102,fall,G1_safety_s44,G1_hardneg,lenet,0.305777,fall,True,0.314376,23
val,102,fall,GR1_safety,GR1_gairat,lenet,0.306108,fall,True,0.36618,25
val,102,fall,SA1_safety,SA1_sat,lenet,0.280597,fall,True,0.310699,22
val,102,fall,ST1_safety,ST1_beta3p0,lenet,0.413008,fall,True,0.422517,15
val,102,fall,VD_seed42,variantD,lenet,0.548048,fall,True,0.99924,10
val,102,fall,VD_seed43,variantD,lenet,0.429639,fall,True,0.994964,14
val,103,fall,AFAC_maxscore,AFAC_optionB,lenet,0.121095,lie down,True,0.200578,38
val,103,fall,AFAC_optBminFA,AFAC_optionB,lenet,0.111845,lie down,True,0.143261,27
val,103,fall,BLF_macroF1,BiLSTM_finetune,bilstm,0.01646,walk,True,0.543669,43
val,103,fall,BLF_maxrec,BiLSTM_finetune,bilstm,0.042614,walk,True,0.293561,43
val,103,fall,BLF_safety,BiLSTM_finetune,bilstm,0.008568,walk,True,0.227623,43
val,103,fall,D14B_seed43,D14_pauc_rank,lenet,0.128812,walk,True,0.200217,38
val,103,fall,D14B_seed44,D14_pauc_rank,lenet,0.128581,walk,True,0.191555,37
val,103,fall,G1_lowFA_s42,G1_hardneg,lenet,0.064912,lie down,True,0.144991,37
val,103,fall,G1_maxrec_s42,G1_hardneg,lenet,0.14383,lie down,True,0.306177,41
val,103,fall,G1_safety_s44,G1_hardneg,lenet,0.146166,stand up,True,0.314376,39
val,103,fall,GR1_lowFA,GR1_gairat,lenet,0.078927,walk,True,0.187872,37
val,103,fall,GR1_macroF1,GR1_gairat,lenet,0.076789,walk,True,0.201419,36
val,103,fall,GR1_safety,GR1_gairat,lenet,0.21445,fall,True,0.36618,33
val,103,fall,SA1_lowFA,SA1_sat,lenet,0.072824,lie down,True,0.104403,30
val,103,fall,SA1_macroF1,SA1_sat,lenet,0.128883,lie down,True,0.259205,37
val,103,fall,SA1_safety,SA1_sat,lenet,0.169759,lie down,True,0.310699,39
val,103,fall,ST1_lowFA,ST1_beta3p0,lenet,0.130081,walk,True,0.157616,26
val,103,fall,ST1_macroF1,ST1_beta3p0,lenet,0.168749,walk,True,0.190872,25
val,103,fall,ST1_safety,ST1_beta3p0,lenet,0.247152,fall,True,0.422517,38
val,103,fall,ST1b6_lowFA,ST1b6_beta6p0,lenet,0.066612,walk,True,0.153511,33
val,103,fall,ST1b6_macroF1,ST1b6_beta6p0,lenet,0.089807,walk,True,0.289528,41
val,103,fall,ST1b6_safety,ST1b6_beta6p0,lenet,0.2062,walk,True,0.393386,39
val,103,fall,VD_seed42,variantD,lenet,0.169054,stand up,True,0.99924,35
val,103,fall,VD_seed43,variantD,lenet,0.239389,stand up,True,0.994964,28
val,104,fall,AFAC_maxscore,AFAC_optionB,lenet,0.181992,walk,True,0.200578,31
val,104,fall,BLF_macroF1,BiLSTM_finetune,bilstm,0.010976,walk,True,0.543669,44
val,104,fall,BLF_maxrec,BiLSTM_finetune,bilstm,0.03146,run,True,0.293561,44
val,104,fall,BLF_safety,BiLSTM_finetune,bilstm,0.00728,walk,True,0.227623,44
val,104,fall,D14B_seed43,D14_pauc_rank,lenet,0.14162,run,True,0.200217,37
val,104,fall,D14B_seed44,D14_pauc_rank,lenet,0.138483,run,True,0.191555,36
val,104,fall,G1_lowFA_s42,G1_hardneg,lenet,0.101316,stand up,True,0.144991,27
val,104,fall,G1_maxrec_s42,G1_hardneg,lenet,0.185176,stand up,True,0.306177,35
val,104,fall,G1_safety_s44,G1_hardneg,lenet,0.206332,stand up,True,0.314376,32
val,104,fall,GR1_lowFA,GR1_gairat,lenet,0.096662,stand up,True,0.187872,29
val,104,fall,GR1_macroF1,GR1_gairat,lenet,0.116836,stand up,True,0.201419,28
val,104,fall,GR1_safety,GR1_gairat,lenet,0.230362,stand up,True,0.36618,31
val,104,fall,SA1_macroF1,SA1_sat,lenet,0.168352,stand up,True,0.259205,31
val,104,fall,SA1_safety,SA1_sat,lenet,0.201704,fall,True,0.310699,32
val,104,fall,ST1_lowFA,ST1_beta3p0,lenet,0.121446,stand up,True,0.157616,27
val,104,fall,ST1_macroF1,ST1_beta3p0,lenet,0.127056,walk,True,0.190872,36
val,104,fall,ST1_safety,ST1_beta3p0,lenet,0.325842,fall,True,0.422517,28
val,104,fall,ST1b6_lowFA,ST1b6_beta6p0,lenet,0.071778,walk,True,0.153511,29
val,104,fall,ST1b6_macroF1,ST1b6_beta6p0,lenet,0.117308,walk,True,0.289528,39
val,104,fall,ST1b6_safety,ST1b6_beta6p0,lenet,0.236903,walk,True,0.393386,33
val,104,fall,VD_seed42,variantD,lenet,0.151904,stand up,True,0.99924,37
val,104,fall,VD_seed43,variantD,lenet,0.261939,stand up,True,0.994964,24
val,105,fall,AFAC_optBminFA,AFAC_optionB,lenet,0.043863,lie down,True,0.143261,40
val,105,fall,BLF_macroF1,BiLSTM_finetune,bilstm,0.064944,pickup,True,0.543669,36
val,105,fall,BLF_maxrec,BiLSTM_finetune,bilstm,0.140493,walk,True,0.293561,22
val,105,fall,BLF_safety,BiLSTM_finetune,bilstm,0.083757,lie down,True,0.227623,30
val,105,fall,G1_lowFA_s42,G1_hardneg,lenet,0.058202,lie down,True,0.144991,38
val,105,fall,SA1_lowFA,SA1_sat,lenet,0.048495,walk,True,0.104403,39
val,105,fall,ST1_macroF1,ST1_beta3p0,lenet,0.15577,walk,True,0.190872,29
val,105,fall,ST1b6_lowFA,ST1b6_beta6p0,lenet,0.11127,walk,True,0.153511,21
val,105,fall,VD_seed42,variantD,lenet,0.512801,fall,True,0.99924,13
val,105,fall,VD_seed43,variantD,lenet,0.35615,lie down,True,0.994964,18
val,106,fall,AFAC_maxscore,AFAC_optionB,lenet,0.196943,fall,True,0.200578,27
val,106,fall,AFAC_optBminFA,AFAC_optionB,lenet,0.124508,run,True,0.143261,26
val,106,fall,BLF_macroF1,BiLSTM_finetune,bilstm,0.041613,lie down,True,0.543669,42
val,106,fall,BLF_maxrec,BiLSTM_finetune,bilstm,0.104132,walk,True,0.293561,32
val,106,fall,BLF_safety,BiLSTM_finetune,bilstm,0.050487,lie down,True,0.227623,39
val,106,fall,G1_maxrec_s42,G1_hardneg,lenet,0.237503,fall,True,0.306177,25
val,106,fall,G1_safety_s44,G1_hardneg,lenet,0.301044,fall,True,0.314376,24
val,106,fall,GR1_macroF1,GR1_gairat,lenet,0.148867,lie down,True,0.201419,26
val,106,fall,SA1_safety,SA1_sat,lenet,0.30509,fall,True,0.310699,17
val,106,fall,ST1_lowFA,ST1_beta3p0,lenet,0.095393,lie down,True,0.157616,34
val,106,fall,ST1_safety,ST1_beta3p0,lenet,0.41508,fall,True,0.422517,14
val,106,fall,ST1b6_lowFA,ST1b6_beta6p0,lenet,0.111616,pickup,True,0.153511,20
val,106,fall,ST1b6_macroF1,ST1b6_beta6p0,lenet,0.246307,lie down,True,0.289528,24
val,106,fall,ST1b6_safety,ST1b6_beta6p0,lenet,0.306724,fall,True,0.393386,28
val,106,fall,VD_seed42,variantD,lenet,0.44679,fall,True,0.99924,19
val,106,fall,VD_seed43,variantD,lenet,0.245203,fall,True,0.994964,26
val,107,fall,BLF_macroF1,BiLSTM_finetune,bilstm,0.213841,pickup,True,0.543669,3
val,107,fall,G1_maxrec_s42,G1_hardneg,lenet,0.281833,fall,True,0.306177,18
val,107,fall,GR1_safety,GR1_gairat,lenet,0.347822,fall,True,0.36618,18
val,107,fall,SA1_safety,SA1_sat,lenet,0.306213,fall,True,0.310699,16
val,107,fall,ST1_safety,ST1_beta3p0,lenet,0.387084,fall,True,0.422517,19
val,107,fall,ST1b6_safety,ST1b6_beta6p0,lenet,0.384769,fall,True,0.393386,20
val,107,fall,VD_seed42,variantD,lenet,0.582354,fall,True,0.99924,8
val,107,fall,VD_seed43,variantD,lenet,0.500981,fall,True,0.994964,10
val,108,fall,BLF_macroF1,BiLSTM_finetune,bilstm,0.199468,fall,True,0.543669,5
val,108,fall,BLF_maxrec,BiLSTM_finetune,bilstm,0.280598,fall,True,0.293561,2
val,108,fall,BLF_safety,BiLSTM_finetune,bilstm,0.178065,walk,True,0.227623,6
val,108,fall,G1_maxrec_s42,G1_hardneg,lenet,0.298638,fall,True,0.306177,15
val,108,fall,GR1_safety,GR1_gairat,lenet,0.293253,fall,True,0.36618,26
val,108,fall,SA1_safety,SA1_sat,lenet,0.290872,fall,True,0.310699,20
val,108,fall,VD_seed42,variantD,lenet,0.425436,stand up,True,0.99924,21
val,108,fall,VD_seed43,variantD,lenet,0.450301,fall,True,0.994964,12
val,109,fall,AFAC_optBminFA,AFAC_optionB,lenet,0.125025,stand up,True,0.143261,25
val,109,fall,BLF_macroF1,BiLSTM_finetune,bilstm,0.065674,lie down,True,0.543669,34
val,109,fall,BLF_maxrec,BiLSTM_finetune,bilstm,0.101047,walk,True,0.293561,34
val,109,fall,BLF_safety,BiLSTM_finetune,bilstm,0.054029,lie down,True,0.227623,38
val,109,fall,D14B_seed43,D14_pauc_rank,lenet,0.183815,walk,True,0.200217,28
val,109,fall,D14B_seed44,D14_pauc_rank,lenet,0.178691,walk,True,0.191555,28
val,109,fall,G1_lowFA_s42,G1_hardneg,lenet,0.086986,lie down,True,0.144991,31
val,109,fall,G1_maxrec_s42,G1_hardneg,lenet,0.194074,fall,True,0.306177,34
val,109,fall,G1_safety_s44,G1_hardneg,lenet,0.232495,fall,True,0.314376,28
val,109,fall,GR1_lowFA,GR1_gairat,lenet,0.087526,stand up,True,0.187872,32
val,109,fall,GR1_macroF1,GR1_gairat,lenet,0.075734,walk,True,0.201419,38
val,109,fall,GR1_safety,GR1_gairat,lenet,0.173841,stand up,True,0.36618,38
val,109,fall,SA1_macroF1,SA1_sat,lenet,0.198966,fall,True,0.259205,25
val,109,fall,SA1_safety,SA1_sat,lenet,0.24593,fall,True,0.310699,27
val,109,fall,ST1_lowFA,ST1_beta3p0,lenet,0.103003,stand up,True,0.157616,31
val,109,fall,ST1_macroF1,ST1_beta3p0,lenet,0.16794,stand up,True,0.190872,26
val,109,fall,ST1_safety,ST1_beta3p0,lenet,0.310187,fall,True,0.422517,31
val,109,fall,ST1b6_lowFA,ST1b6_beta6p0,lenet,0.068311,stand up,True,0.153511,31
val,109,fall,ST1b6_macroF1,ST1b6_beta6p0,lenet,0.15915,lie down,True,0.289528,34
val,109,fall,ST1b6_safety,ST1b6_beta6p0,lenet,0.183398,stand up,True,0.393386,41
val,109,fall,VD_seed42,variantD,lenet,0.195165,stand up,True,0.99924,32
val,109,fall,VD_seed43,variantD,lenet,0.195105,stand up,True,0.994964,33
