model,family,representation,family_representative,far_cap,tau,TP,FN,FP,TN,recall,FAR,val_pgd_auroc
AFAC_maxscore,AFAC_optionB,lenet,True,0.1,0.234373,17,27,41,411,0.3864,0.0907,0.8719
AFAC_maxscore,AFAC_optionB,lenet,True,0.12,0.200578,26,18,54,398,0.5909,0.1195,0.8719
AFAC_maxscore,AFAC_optionB,lenet,True,0.15,0.181992,31,13,65,387,0.7045,0.1438,0.8719
AFAC_optBminFA,AFAC_optionB,lenet,False,0.1,0.154196,18,26,45,407,0.4091,0.0996,0.8545
AFAC_optBminFA,AFAC_optionB,lenet,False,0.12,0.143261,21,23,54,398,0.4773,0.1195,0.8545
AFAC_optBminFA,AFAC_optionB,lenet,False,0.15,0.124508,26,18,61,391,0.5909,0.135,0.8545
GR1_macroF1,GR1_gairat,lenet,True,0.1,0.250327,15,29,38,414,0.3409,0.0841,0.8712
GR1_macroF1,GR1_gairat,lenet,True,0.12,0.201419,21,23,54,398,0.4773,0.1195,0.8712
GR1_macroF1,GR1_gairat,lenet,True,0.15,0.148867,26,18,67,385,0.5909,0.1482,0.8712
GR1_lowFA,GR1_gairat,lenet,False,0.1,0.230682,11,33,43,409,0.25,0.0951,0.8597
GR1_lowFA,GR1_gairat,lenet,False,0.12,0.187872,19,25,50,402,0.4318,0.1106,0.8597
GR1_lowFA,GR1_gairat,lenet,False,0.15,0.15018,22,22,66,386,0.5,0.146,0.8597
GR1_safety,GR1_gairat,lenet,False,0.1,0.416847,13,31,26,426,0.2955,0.0575,0.819
GR1_safety,GR1_gairat,lenet,False,0.12,0.36618,15,29,48,404,0.3409,0.1062,0.819
GR1_safety,GR1_gairat,lenet,False,0.15,0.342693,20,24,63,389,0.4545,0.1394,0.819
SA1_lowFA,SA1_sat,lenet,True,0.1,0.124667,23,21,45,407,0.5227,0.0996,0.8728
SA1_lowFA,SA1_sat,lenet,True,0.12,0.104403,24,20,51,401,0.5455,0.1128,0.8728
SA1_lowFA,SA1_sat,lenet,True,0.15,0.083365,29,15,64,388,0.6591,0.1416,0.8728
SA1_macroF1,SA1_sat,lenet,False,0.1,0.303597,13,31,44,408,0.2955,0.0973,0.8537
SA1_macroF1,SA1_sat,lenet,False,0.12,0.259205,21,23,50,402,0.4773,0.1106,0.8537
SA1_macroF1,SA1_sat,lenet,False,0.15,0.210023,24,20,64,388,0.5455,0.1416,0.8537
SA1_safety,SA1_sat,lenet,False,0.1,0.32793,12,32,45,407,0.2727,0.0996,0.8213
SA1_safety,SA1_sat,lenet,False,0.12,0.310699,15,29,54,398,0.3409,0.1195,0.8213
SA1_safety,SA1_sat,lenet,False,0.15,0.280597,22,22,66,386,0.5,0.146,0.8213
ST1_lowFA,ST1_beta3p0,lenet,True,0.1,0.164256,21,23,45,407,0.4773,0.0996,0.864
ST1_lowFA,ST1_beta3p0,lenet,True,0.12,0.157616,22,22,49,403,0.5,0.1084,0.864
ST1_lowFA,ST1_beta3p0,lenet,True,0.15,0.114168,29,15,67,385,0.6591,0.1482,0.864
ST1_macroF1,ST1_beta3p0,lenet,False,0.1,0.237062,20,24,43,409,0.4545,0.0951,0.876
ST1_macroF1,ST1_beta3p0,lenet,False,0.12,0.190872,23,21,53,399,0.5227,0.1173,0.876
ST1_macroF1,ST1_beta3p0,lenet,False,0.15,0.138328,33,11,67,385,0.75,0.1482,0.876
ST1_safety,ST1_beta3p0,lenet,False,0.1,0.458822,10,34,38,414,0.2273,0.0841,0.8235
ST1_safety,ST1_beta3p0,lenet,False,0.12,0.422517,12,32,52,400,0.2727,0.115,0.8235
ST1_safety,ST1_beta3p0,lenet,False,0.15,0.402889,17,27,60,392,0.3864,0.1327,0.8235
ST1b6_lowFA,ST1b6_beta6p0,lenet,True,0.1,0.174677,16,28,40,412,0.3636,0.0885,0.869
ST1b6_lowFA,ST1b6_beta6p0,lenet,True,0.12,0.153511,18,26,48,404,0.4091,0.1062,0.869
ST1b6_lowFA,ST1b6_beta6p0,lenet,True,0.15,0.11127,21,23,59,393,0.4773,0.1305,0.869
ST1b6_macroF1,ST1b6_beta6p0,lenet,False,0.1,0.339001,14,30,45,407,0.3182,0.0996,0.869
ST1b6_macroF1,ST1b6_beta6p0,lenet,False,0.12,0.289528,22,22,54,398,0.5,0.1195,0.869
ST1b6_macroF1,ST1b6_beta6p0,lenet,False,0.15,0.207561,29,15,65,387,0.6591,0.1438,0.869
ST1b6_safety,ST1b6_beta6p0,lenet,False,0.1,0.431076,13,31,41,411,0.2955,0.0907,0.8471
ST1b6_safety,ST1b6_beta6p0,lenet,False,0.12,0.393386,19,25,53,399,0.4318,0.1173,0.8471
ST1b6_safety,ST1b6_beta6p0,lenet,False,0.15,0.375709,22,22,63,389,0.5,0.1394,0.8471
D14B_seed44,D14_pauc_rank,lenet,True,0.1,0.207571,23,21,43,409,0.5227,0.0951,0.8732
D14B_seed44,D14_pauc_rank,lenet,True,0.12,0.191555,25,19,52,400,0.5682,0.115,0.8732
D14B_seed44,D14_pauc_rank,lenet,True,0.15,0.166617,29,15,67,385,0.6591,0.1482,0.8732
D14B_seed43,D14_pauc_rank,lenet,False,0.1,0.209947,24,20,44,408,0.5455,0.0973,0.8769
D14B_seed43,D14_pauc_rank,lenet,False,0.12,0.200217,25,19,50,402,0.5682,0.1106,0.8769
D14B_seed43,D14_pauc_rank,lenet,False,0.15,0.174463,30,14,66,386,0.6818,0.146,0.8769
VD_seed42,variantD,lenet,True,0.1,0.99924,0,44,1,451,0.0,0.0022,0.6756
VD_seed42,variantD,lenet,True,0.12,0.99924,0,44,1,451,0.0,0.0022,0.6756
VD_seed42,variantD,lenet,True,0.15,0.99924,0,44,1,451,0.0,0.0022,0.6756
VD_seed43,variantD,lenet,False,0.1,0.994964,0,44,1,451,0.0,0.0022,0.6528
VD_seed43,variantD,lenet,False,0.12,0.994964,0,44,1,451,0.0,0.0022,0.6528
VD_seed43,variantD,lenet,False,0.15,0.994964,0,44,1,451,0.0,0.0022,0.6528
G1_safety_s44,G1_hardneg,lenet,True,0.1,0.326796,18,26,44,408,0.4091,0.0973,0.8518
G1_safety_s44,G1_hardneg,lenet,True,0.12,0.314376,21,23,53,399,0.4773,0.1173,0.8518
G1_safety_s44,G1_hardneg,lenet,True,0.15,0.297947,25,19,63,389,0.5682,0.1394,0.8518
G1_lowFA_s42,G1_hardneg,lenet,False,0.1,0.164404,21,23,42,410,0.4773,0.0929,0.8756
G1_lowFA_s42,G1_hardneg,lenet,False,0.12,0.144991,22,22,47,405,0.5,0.104,0.8756
G1_lowFA_s42,G1_hardneg,lenet,False,0.15,0.101316,27,17,64,388,0.6136,0.1416,0.8756
G1_maxrec_s42,G1_hardneg,lenet,False,0.1,0.318273,9,35,43,409,0.2045,0.0951,0.8079
G1_maxrec_s42,G1_hardneg,lenet,False,0.12,0.306177,14,30,51,401,0.3182,0.1128,0.8079
G1_maxrec_s42,G1_hardneg,lenet,False,0.15,0.281833,18,26,67,385,0.4091,0.1482,0.8079
BLF_macroF1,BiLSTM_finetune,bilstm,True,0.1,0.543669,0,44,1,451,0.0,0.0022,0.7257
BLF_macroF1,BiLSTM_finetune,bilstm,True,0.12,0.543669,0,44,1,451,0.0,0.0022,0.7257
BLF_macroF1,BiLSTM_finetune,bilstm,True,0.15,0.199468,5,39,64,388,0.1136,0.1416,0.7257
BLF_maxrec,BiLSTM_finetune,bilstm,False,0.1,0.605073,0,44,1,451,0.0,0.0022,0.6916
BLF_maxrec,BiLSTM_finetune,bilstm,False,0.12,0.293561,1,43,51,401,0.0227,0.1128,0.6916
BLF_maxrec,BiLSTM_finetune,bilstm,False,0.15,0.260799,4,40,67,385,0.0909,0.1482,0.6916
BLF_safety,BiLSTM_finetune,bilstm,False,0.1,0.279488,1,43,32,420,0.0227,0.0708,0.7104
BLF_safety,BiLSTM_finetune,bilstm,False,0.12,0.227623,3,41,53,399,0.0682,0.1173,0.7104
BLF_safety,BiLSTM_finetune,bilstm,False,0.15,0.209772,4,40,65,387,0.0909,0.1438,0.7104
