effect,contrast,checkpoint,epsilon,metric,n_seeds,mean_diff,median_diff,sd_diff,min_diff,max_diff,n_positive,n_negative,per_seed
floor,V10-V00,last,0.015,test_pgd_pauroc_far020,2,0.0786324786324788,0.0786324786324788,0.01709401709401681,0.061538461538461986,0.09572649572649561,2,0,42:+0.0615;43:+0.0957
floor,V10-V00,last,0.015,test_pgd_auroc,2,0.015421245421245455,0.015421245421245455,0.000891330891330866,0.01452991452991459,0.01631257631257632,2,0,42:+0.0145;43:+0.0163
floor,V10-V00,last,0.015,test_recall,2,0.011111111111111127,0.011111111111111127,0.011111111111111127,0.0,0.022222222222222254,1,0,42:+0.0222;43:+0.0000
floor,V10-V00,last,0.015,test_FAR,2,-0.002197802197802204,-0.002197802197802204,0.004395604395604394,-0.006593406593406598,0.00219780219780219,1,1,42:-0.0066;43:+0.0022
floor,V10-V00,last,0.015,val_pgd_pauroc_far020,2,0.006637168141592986,0.006637168141592986,0.023582059533387212,-0.016944891391794226,0.030219227674980198,1,1,42:-0.0169;43:+0.0302
floor,V10-V00,last,0.015,val_pgd_auroc,2,-0.002564360418342737,-0.002564360418342737,0.0017095736122284544,-0.0042739340305711915,-0.0008547868061142827,0,2,42:-0.0009;43:-0.0043
floor,V10-V00,last,0.015,val_sel_recall,2,0.022727272727272707,0.022727272727272707,0.045454545454545414,-0.022727272727272707,0.06818181818181812,1,1,42:+0.0682;43:-0.0227
floor,V10-V00,last,0.015,test_pgd_cohens_d,2,0.31532894273559897,0.31532894273559897,0.32454816955623755,-0.009219226820638582,0.6398771122918365,1,1,42:-0.0092;43:+0.6399
floor,V10-V00,last,0.015,test_clean_recall_at_tau,2,-5.551115123125783e-17,-5.551115123125783e-17,0.0222222222222222,-0.022222222222222254,0.022222222222222143,1,1,42:+0.0222;43:-0.0222
floor,V10-V00,last,0.015,test_pgd_argmax_acc7,2,-0.015999999999999986,-0.015999999999999986,0.00799999999999998,-0.023999999999999966,-0.008000000000000007,0,2,42:-0.0080;43:-0.0240
floor,V11-V01,last,0.015,test_pgd_pauroc_far020,2,0.11452991452991407,0.11452991452991407,0.0073260073260072445,0.10720390720390682,0.12185592185592131,2,0,42:+0.1219;43:+0.1072
floor,V11-V01,last,0.015,test_pgd_auroc,2,0.02757020757020756,0.02757020757020756,0.0014896214896215065,0.026080586080586055,0.029059829059829068,2,0,42:+0.0291;43:+0.0261
floor,V11-V01,last,0.015,test_recall,2,0.1333333333333333,0.1333333333333333,0.022222222222222254,0.11111111111111105,0.15555555555555556,2,0,42:+0.1111;43:+0.1556
floor,V11-V01,last,0.015,test_FAR,2,-0.004395604395604394,-0.004395604395604394,0.01758241758241759,-0.021978021978021983,0.013186813186813195,1,1,42:-0.0220;43:+0.0132
floor,V11-V01,last,0.015,val_pgd_pauroc_far020,2,0.10094026548672547,0.10094026548672547,0.02204847144006411,0.07889179404666136,0.12298873692678958,2,0,42:+0.1230;43:+0.0789
floor,V11-V01,last,0.015,val_pgd_auroc,2,0.025593322606596913,0.025593322606596913,0.0014581657280772764,0.024135156878519637,0.02705148833467419,2,0,42:+0.0271;43:+0.0241
floor,V11-V01,last,0.015,val_sel_recall,2,0.10227272727272724,0.10227272727272724,0.034090909090909116,0.06818181818181812,0.13636363636363635,2,0,42:+0.1364;43:+0.0682
floor,V11-V01,last,0.015,test_pgd_cohens_d,2,0.17210810417212052,0.17210810417212052,0.13462419061878317,0.037483913553337356,0.3067322947909037,2,0,42:+0.3067;43:+0.0375
floor,V11-V01,last,0.015,test_clean_recall_at_tau,2,0.04444444444444445,0.04444444444444445,0.02222222222222231,0.022222222222222143,0.06666666666666676,2,0,42:+0.0222;43:+0.0667
floor,V11-V01,last,0.015,test_pgd_argmax_acc7,2,0.024999999999999967,0.024999999999999967,0.007000000000000006,0.01799999999999996,0.03199999999999997,2,0,42:+0.0320;43:+0.0180
adaptive,V01-V00,last,0.015,test_pgd_pauroc_far020,2,-0.04871794871794871,-0.04871794871794871,0.016239316239316015,-0.06495726495726473,-0.032478632478632696,0,2,42:-0.0650;43:-0.0325
adaptive,V01-V00,last,0.015,test_pgd_auroc,2,-0.012234432234432213,-0.012234432234432213,0.0008547008547008517,-0.013089133089133065,-0.011379731379731362,0,2,42:-0.0131;43:-0.0114
adaptive,V01-V00,last,0.015,test_recall,2,-0.05555555555555558,-0.05555555555555558,0.011111111111111072,-0.06666666666666665,-0.04444444444444451,0,2,42:-0.0667;43:-0.0444
adaptive,V01-V00,last,0.015,test_FAR,2,0.013186813186813182,0.013186813186813182,0.002197802197802204,0.010989010989010978,0.015384615384615385,2,0,42:+0.0154;43:+0.0110
adaptive,V01-V00,last,0.015,val_pgd_pauroc_far020,2,-0.05576226870474649,-0.05576226870474649,0.03720836685438439,-0.09297063555913088,-0.018553901850362098,0,2,42:-0.0930;43:-0.0186
adaptive,V01-V00,last,0.015,val_pgd_auroc,2,-0.01558728881737731,-0.01558728881737731,0.0045253419147224805,-0.02011263073209979,-0.011061946902654829,0,2,42:-0.0201;43:-0.0111
adaptive,V01-V00,last,0.015,val_sel_recall,2,-0.06818181818181818,-0.06818181818181818,0.022727272727272763,-0.09090909090909094,-0.045454545454545414,0,2,42:-0.0909;43:-0.0455
adaptive,V01-V00,last,0.015,test_pgd_cohens_d,2,0.09965178298279131,0.09965178298279131,0.3367065672743975,-0.2370547842916062,0.43635835025718883,1,1,42:-0.2371;43:+0.4364
adaptive,V01-V00,last,0.015,test_clean_recall_at_tau,2,-0.03333333333333338,-0.03333333333333338,0.03333333333333338,-0.06666666666666676,0.0,0,1,42:+0.0000;43:-0.0667
adaptive,V01-V00,last,0.015,test_pgd_argmax_acc7,2,-0.021999999999999964,-0.021999999999999964,0.016000000000000014,-0.03799999999999998,-0.00599999999999995,0,2,42:-0.0380;43:-0.0060
adaptive,V11-V10,last,0.015,test_pgd_pauroc_far020,2,-0.012820512820513441,-0.012820512820513441,0.00818070818070804,-0.02100122100122148,-0.0046398046398054005,0,2,42:-0.0046;43:-0.0210
adaptive,V11-V10,last,0.015,test_pgd_auroc,2,-8.547008547010737e-05,-8.547008547010737e-05,0.0015262515262515208,-0.0016117216117216282,0.0014407814407814135,1,1,42:+0.0014;43:-0.0016
adaptive,V11-V10,last,0.015,test_recall,2,0.0666666666666666,0.0666666666666666,0.04444444444444445,0.022222222222222143,0.11111111111111105,2,0,42:+0.0222;43:+0.1111
adaptive,V11-V10,last,0.015,test_FAR,2,0.010989010989010992,0.010989010989010992,0.010989010989010992,0.0,0.021978021978021983,1,0,42:+0.0000;43:+0.0220
adaptive,V11-V10,last,0.015,val_pgd_pauroc_far020,2,0.03854082864038599,0.03854082864038599,0.008422164119066933,0.03011866452131906,0.046962992759452926,2,0,42:+0.0470;43:+0.0301
adaptive,V11-V10,last,0.015,val_pgd_auroc,2,0.012570394207562341,0.012570394207562341,0.0047767497988736585,0.0077936444086886825,0.017347144006436,2,0,42:+0.0078;43:+0.0173
adaptive,V11-V10,last,0.015,val_sel_recall,2,0.011363636363636354,0.011363636363636354,0.03409090909090906,-0.022727272727272707,0.045454545454545414,1,1,42:-0.0227;43:+0.0455
adaptive,V11-V10,last,0.015,test_pgd_cohens_d,2,-0.04356905558068713,-0.04356905558068713,0.1224657929006232,-0.16603484848131034,0.07889673731993607,1,1,42:+0.0789;43:-0.1660
adaptive,V11-V10,last,0.015,test_clean_recall_at_tau,2,0.011111111111111127,0.011111111111111127,0.011111111111111127,0.0,0.022222222222222254,1,0,42:+0.0000;43:+0.0222
adaptive,V11-V10,last,0.015,test_pgd_argmax_acc7,2,0.01899999999999999,0.01899999999999999,0.016999999999999987,0.0020000000000000018,0.035999999999999976,2,0,42:+0.0020;43:+0.0360
floor,V10-V00,last,0.03,test_pgd_pauroc_far020,2,0.010989010989010936,0.010989010989010936,0.017094017094017186,-0.00610500610500625,0.028083028083028122,1,1,42:+0.0281;43:-0.0061
floor,V10-V00,last,0.03,test_pgd_auroc,2,0.0010500610500610574,0.0010500610500610574,0.011843711843711857,-0.0107936507936508,0.012893772893772915,1,1,42:+0.0129;43:-0.0108
floor,V10-V00,last,0.03,test_recall,2,-0.0777777777777778,-0.0777777777777778,0.05555555555555555,-0.13333333333333336,-0.022222222222222254,0,2,42:-0.1333;43:-0.0222
floor,V10-V00,last,0.03,test_FAR,2,-0.01978021978021978,-0.01978021978021978,0.004395604395604394,-0.024175824175824173,-0.015384615384615385,0,2,42:-0.0242;43:-0.0154
floor,V10-V00,last,0.03,val_pgd_pauroc_far020,2,-0.02320494770716,-0.02320494770716,0.005053298471440065,-0.028258246178600066,-0.018151649235719935,0,2,42:-0.0182;43:-0.0283
floor,V10-V00,last,0.03,val_pgd_auroc,2,-0.013224054706355626,-0.013224054706355626,0.010961383748994413,-0.02418543845535004,-0.0022626709573612125,0,2,42:-0.0023;43:-0.0242
floor,V10-V00,last,0.03,val_sel_recall,2,-0.06818181818181815,-0.06818181818181815,2.7755575615628914e-17,-0.06818181818181818,-0.06818181818181812,0,2,42:-0.0682;43:-0.0682
floor,V10-V00,last,0.03,test_pgd_cohens_d,2,0.10195685231802576,0.10195685231802576,0.0606702590561522,0.04128659326187356,0.16262711137417796,2,0,42:+0.0413;43:+0.1626
floor,V10-V00,last,0.03,test_clean_recall_at_tau,2,-0.055555555555555636,-0.055555555555555636,0.011111111111111127,-0.06666666666666676,-0.04444444444444451,0,2,42:-0.0444;43:-0.0667
floor,V10-V00,last,0.03,test_pgd_argmax_acc7,2,-0.02600000000000001,-0.02600000000000001,0.009999999999999995,-0.036000000000000004,-0.016000000000000014,0,2,42:-0.0160;43:-0.0360
floor,V11-V01,last,0.03,test_pgd_pauroc_far020,2,0.08412698412698408,0.08412698412698408,0.004273504273504342,0.07985347985347974,0.08840048840048842,2,0,42:+0.0799;43:+0.0884
floor,V11-V01,last,0.03,test_pgd_auroc,2,0.03548229548229548,0.03548229548229548,0.0026617826617826856,0.03282051282051279,0.038144078144078164,2,0,42:+0.0328;43:+0.0381
floor,V11-V01,last,0.03,test_recall,2,0.1,0.1,0.05555555555555555,0.04444444444444445,0.15555555555555556,2,0,42:+0.0444;43:+0.1556
floor,V11-V01,last,0.03,test_FAR,2,-0.004395604395604394,-0.004395604395604394,0.010989010989010992,-0.015384615384615385,0.006593406593406598,1,1,42:+0.0066;43:-0.0154
floor,V11-V01,last,0.03,val_pgd_pauroc_far020,2,0.04035096540627511,0.04035096540627511,0.00369569589702326,0.03665526950925185,0.04404666130329837,2,0,42:+0.0367;43:+0.0440
floor,V11-V01,last,0.03,val_pgd_auroc,2,0.02315466613032985,0.02315466613032985,0.002840909090909116,0.020313757039420732,0.025995575221238965,2,0,42:+0.0203;43:+0.0260
floor,V11-V01,last,0.03,val_sel_recall,2,0.0681818181818182,0.0681818181818182,2.7755575615628914e-17,0.06818181818181818,0.06818181818181823,2,0,42:+0.0682;43:+0.0682
floor,V11-V01,last,0.03,test_pgd_cohens_d,2,0.13840634319488399,0.13840634319488399,0.0149150898716498,0.12349125332323418,0.15332143306653379,2,0,42:+0.1533;43:+0.1235
floor,V11-V01,last,0.03,test_clean_recall_at_tau,2,0.07777777777777783,0.07777777777777783,0.011111111111111072,0.06666666666666676,0.0888888888888889,2,0,42:+0.0889;43:+0.0667
floor,V11-V01,last,0.03,test_pgd_argmax_acc7,2,-0.04999999999999999,-0.04999999999999999,0.0020000000000000018,-0.05199999999999999,-0.04799999999999999,0,2,42:-0.0480;43:-0.0520
adaptive,V01-V00,last,0.03,test_pgd_pauroc_far020,2,0.000488400488400445,0.000488400488400445,0.011477411477411367,-0.010989010989010922,0.011965811965811812,1,1,42:-0.0110;43:+0.0120
adaptive,V01-V00,last,0.03,test_pgd_auroc,2,-0.003736263736263734,-0.003736263736263734,0.00031746031746032743,-0.0040537240537240615,-0.0034188034188034067,0,2,42:-0.0034;43:-0.0041
adaptive,V01-V00,last,0.03,test_recall,2,-0.06666666666666668,-0.06666666666666668,0.022222222222222227,-0.0888888888888889,-0.04444444444444445,0,2,42:-0.0444;43:-0.0889
adaptive,V01-V00,last,0.03,test_FAR,2,-0.013186813186813182,-0.013186813186813182,0.002197802197802204,-0.015384615384615385,-0.010989010989010978,0,2,42:-0.0154;43:-0.0110
adaptive,V01-V00,last,0.03,val_pgd_pauroc_far020,2,0.027026347546259127,0.027026347546259127,0.006511464199517397,0.02051488334674173,0.033537811745776525,2,0,42:+0.0205;43:+0.0335
adaptive,V01-V00,last,0.03,val_pgd_auroc,2,-0.0023380933226065936,-0.0023380933226065936,0.0014330249396621308,-0.0037711182622687245,-0.0009050683829444628,0,2,42:-0.0009;43:-0.0038
adaptive,V01-V00,last,0.03,val_sel_recall,2,-0.022727272727272707,-0.022727272727272707,0.0,-0.022727272727272707,-0.022727272727272707,0,2,42:-0.0227;43:-0.0227
adaptive,V01-V00,last,0.03,test_pgd_cohens_d,2,0.07871051313001332,0.07871051313001332,0.08690532460738176,-0.008194811477368447,0.16561583773739508,1,1,42:-0.0082;43:+0.1656
adaptive,V01-V00,last,0.03,test_clean_recall_at_tau,2,-0.07777777777777783,-0.07777777777777783,0.011111111111111072,-0.0888888888888889,-0.06666666666666676,0,2,42:-0.0889;43:-0.0667
adaptive,V01-V00,last,0.03,test_pgd_argmax_acc7,2,-0.0050000000000000044,-0.0050000000000000044,0.013000000000000012,-0.018000000000000016,0.008000000000000007,1,1,42:+0.0080;43:-0.0180
adaptive,V11-V10,last,0.03,test_pgd_pauroc_far020,2,0.07362637362637359,0.07362637362637359,0.032844932844932895,0.04078144078144069,0.10647130647130648,2,0,42:+0.0408;43:+0.1065
adaptive,V11-V10,last,0.03,test_pgd_auroc,2,0.030695970695970687,0.030695970695970687,0.014188034188034215,0.01650793650793647,0.0448840048840049,2,0,42:+0.0165;43:+0.0449
adaptive,V11-V10,last,0.03,test_recall,2,0.11111111111111113,0.11111111111111113,0.022222222222222227,0.0888888888888889,0.13333333333333336,2,0,42:+0.1333;43:+0.0889
adaptive,V11-V10,last,0.03,test_FAR,2,0.002197802197802204,0.002197802197802204,0.013186813186813182,-0.010989010989010978,0.015384615384615385,1,1,42:+0.0154;43:-0.0110
adaptive,V11-V10,last,0.03,val_pgd_pauroc_far020,2,0.09058226065969424,0.09058226065969424,0.015260458567980723,0.07532180209171352,0.10584271922767496,2,0,42:+0.0753;43:+0.1058
adaptive,V11-V10,last,0.03,val_pgd_auroc,2,0.03404062751407888,0.03404062751407888,0.012369267900241399,0.021671359613837482,0.04640989541432028,2,0,42:+0.0217;43:+0.0464
adaptive,V11-V10,last,0.03,val_sel_recall,2,0.11363636363636365,0.11363636363636365,0.0,0.11363636363636365,0.11363636363636365,2,0,42:+0.1136;43:+0.1136
adaptive,V11-V10,last,0.03,test_pgd_cohens_d,2,0.11516000400687154,0.11516000400687154,0.011319975679579763,0.10384002832729178,0.1264799796864513,2,0,42:+0.1038;43:+0.1265
adaptive,V11-V10,last,0.03,test_clean_recall_at_tau,2,0.055555555555555636,0.055555555555555636,0.011111111111111127,0.04444444444444451,0.06666666666666676,2,0,42:+0.0444;43:+0.0667
adaptive,V11-V10,last,0.03,test_pgd_argmax_acc7,2,-0.028999999999999984,-0.028999999999999984,0.005000000000000018,-0.034,-0.023999999999999966,0,2,42:-0.0240;43:-0.0340
adaptive,V11-V10,maxscore,0.015,test_pgd_pauroc_far020,2,-0.033699633699633635,-0.033699633699633635,0.06544566544566527,-0.0991452991452989,0.03174603174603163,1,1,42:+0.0317;43:-0.0991
adaptive,V11-V10,maxscore,0.015,test_pgd_auroc,2,-0.008620268620268656,-0.008620268620268656,0.012576312576312532,-0.021196581196581188,0.003956043956043875,1,1,42:+0.0040;43:-0.0212
adaptive,V11-V10,maxscore,0.015,test_recall,2,-0.011111111111111072,-0.011111111111111072,0.09999999999999998,-0.11111111111111105,0.0888888888888889,1,1,42:+0.0889;43:-0.1111
adaptive,V11-V10,maxscore,0.015,test_FAR,2,-0.009890109890109883,-0.009890109890109883,0.01868131868131867,-0.028571428571428553,0.008791208791208788,1,1,42:+0.0088;43:-0.0286
adaptive,V11-V10,maxscore,0.015,val_pgd_pauroc_far020,2,-0.018277353177795663,-0.018277353177795663,0.03109915526950935,-0.04937650844730501,0.012821802091713685,1,1,42:+0.0128;43:-0.0494
adaptive,V11-V10,maxscore,0.015,val_pgd_auroc,2,-0.003016894609814913,-0.003016894609814913,0.006184633950120699,-0.009201528559935612,0.0031677393403057863,1,1,42:+0.0032;43:-0.0092
adaptive,V11-V10,maxscore,0.015,val_sel_recall,2,-0.03409090909090906,-0.03409090909090906,0.05681818181818177,-0.09090909090909083,0.022727272727272707,1,1,42:+0.0227;43:-0.0909
adaptive,V11-V10,maxscore,0.015,test_pgd_cohens_d,2,-0.18563040431609656,-0.18563040431609656,0.13671672008487668,-0.32234712440097324,-0.04891368423121989,0,2,42:-0.0489;43:-0.3223
adaptive,V11-V10,maxscore,0.015,test_clean_recall_at_tau,2,-0.011111111111111127,-0.011111111111111127,0.011111111111111127,-0.022222222222222254,0.0,0,1,42:+0.0000;43:-0.0222
adaptive,V11-V10,maxscore,0.015,test_pgd_argmax_acc7,2,-0.012999999999999984,-0.012999999999999984,0.00899999999999998,-0.021999999999999964,-0.0040000000000000036,0,2,42:-0.0040;43:-0.0220
adaptive,V11-V10,maxscore,0.03,test_pgd_pauroc_far020,2,0.06398046398046395,0.06398046398046395,0.06324786324786333,0.000732600732600619,0.12722832722832728,2,0,42:+0.1272;43:+0.0007
adaptive,V11-V10,maxscore,0.03,test_pgd_auroc,2,0.018339438339438352,0.018339438339438352,0.02102564102564103,-0.0026862026862026767,0.03936507936507938,1,1,42:+0.0394;43:-0.0027
adaptive,V11-V10,maxscore,0.03,test_recall,2,0.044444444444444425,0.044444444444444425,0.022222222222222227,0.0222222222222222,0.06666666666666665,2,0,42:+0.0667;43:+0.0222
adaptive,V11-V10,maxscore,0.03,test_FAR,2,-0.001098901098901095,-0.001098901098901095,0.01428571428571429,-0.015384615384615385,0.013186813186813195,1,1,42:-0.0154;43:+0.0132
adaptive,V11-V10,maxscore,0.03,val_pgd_pauroc_far020,2,0.06903660498793238,0.06903660498793238,0.023632341110217198,0.04540426387771518,0.09266894609814957,2,0,42:+0.0927;43:+0.0454
adaptive,V11-V10,maxscore,0.03,val_pgd_auroc,2,0.016517497988736918,0.016517497988736918,0.01179102976669344,0.004726468222043478,0.028308527755430357,2,0,42:+0.0283;43:+0.0047
adaptive,V11-V10,maxscore,0.03,val_sel_recall,2,0.07954545454545459,0.07954545454545459,0.03409090909090906,0.045454545454545525,0.11363636363636365,2,0,42:+0.1136;43:+0.0455
adaptive,V11-V10,maxscore,0.03,test_pgd_cohens_d,2,0.10508616158033623,0.10508616158033623,0.17208905495022675,-0.06700289336989051,0.277175216530563,1,1,42:+0.2772;43:-0.0670
adaptive,V11-V10,maxscore,0.03,test_clean_recall_at_tau,2,-0.022222222222222254,-0.022222222222222254,0.022222222222222254,-0.04444444444444451,0.0,0,1,42:+0.0000;43:-0.0444
adaptive,V11-V10,maxscore,0.03,test_pgd_argmax_acc7,2,-0.055999999999999994,-0.055999999999999994,0.010000000000000009,-0.066,-0.045999999999999985,0,2,42:-0.0460;43:-0.0660
