id,plot_label,variant,approach,evidence_level,split,tp,fp,fn,tn,fall_recall,far,f20_met,source_type,source_path,notes
D0,D0 ref,PGD reference,Undefended LeNet baseline,test fixed/argmax,test,0,48,45,407,0,0.105495,false,reported_metrics_table,results/converged_attacks/converged_seed42_pgd_epsilon_sweep_test.csv,Recovered from defense_attempt_results_long.csv. Gray reference baseline; not counted as a defense.
D1,D1,PGD fixed,FGSM adversarial-training baseline,test fixed/argmax,test,4,54,41,401,0.088889,0.118681,false,reported_metrics_table,results/converged_attacks/defended_fgsm_at_seed42_pgd_epsilon_sweep_test.csv,Recovered from defense_attempt_results_long.csv.
D2,D2,PGD fixed,Fall-weighted training,test fixed/argmax,test,22,190,23,265,0.488889,0.417582,false,reported_metrics_table,results/safety_guided_defense/seed42/test_eval/variantC_bySafetyScore_pgd_epsilon_sweep_test.csv,Recovered from defense_attempt_results_long.csv.
D3,D3-fixed,fixed,Multi-budget training,test fixed/argmax,test,20,157,25,298,0.444444,0.345055,false,per_window_predictions_csv,results/safety_guided_defense/decision_analysis/seed42_test_probabilities/seed42_variantD_bySafetyScore_pgd_probabilities_test_epsilon_0_03.csv,Recovered from defense_attempt_results_long.csv.
D3,D3-sweep,post-hoc FAR<=0.20,Multi-budget training,test post-hoc FAR sweep,test,11,88,34,367,0.244444,0.193407,false,per_window_score_csv,results/safety_guided_defense/decision_analysis/seed42_test_probabilities/seed42_variantD_byValMacroF1_pgd_probabilities_test_epsilon_0_03.csv,Recovered from defense_attempt_results_long.csv.
D4,D4-fixed,fixed,Motion/margin loss,test fixed/argmax,test,30,115,15,340,0.666667,0.252747,false,per_window_predictions_csv,results/safety_guided_defense/variantF_motion_margin/seed42/test_eval/F_lamM1p0_lamF1p0_v2safety_pgd_sweep_predictions_test.csv,Recovered from defense_attempt_results_long.csv.
D4,D4-sweep,post-hoc FAR<=0.20,Motion/margin loss,test post-hoc FAR sweep,test,28,91,17,364,0.622222,0.2,false,per_window_score_csv,results/safety_guided_defense/variantF_motion_margin/seed42/test_eval/F_lamM1p0_lamF0p5_v2lowFA_pgd_probabilities_test_epsilon_0_03.csv,Recovered from defense_attempt_results_long.csv.
D5,D5-fixed,fixed,G1 hard-negative/source-aware margin,test fixed/argmax,test,31,104,14,351,0.688889,0.228571,false,per_window_predictions_csv,results/safety_guided_defense/variantG_targeted_hardneg/seed42/test_eval/G_G1_v2safety_pgd_probabilities_test_epsilon_0_03.csv,Recovered from defense_attempt_results_long.csv.
D5,D5-sweep,post-hoc FAR<=0.20 seed44,G1 hard-negative/source-aware margin,test post-hoc FAR sweep,test,31,85,14,370,0.688889,0.186813,false,per_window_score_csv,results/safety_guided_defense/variantG_targeted_hardneg/seed44/test_eval/G_G1_v2safety_pgd_probabilities_test_epsilon_0_03.csv,Recovered from defense_attempt_results_long.csv.
D6a,D6a-fixed,fixed,Static dual-tail rescue/budget objective,test fixed/argmax,test,22,94,23,361,0.488889,0.206593,false,per_window_predictions_csv,results/safety_guided_defense/variantH_dual_tail_budget/H1/seed42/test_eval/H_H1_v2safety_pgd_probabilities_test_epsilon_0_03.csv,Recovered from defense_attempt_results_long.csv.
D6a,D6a-sweep,post-hoc FAR<=0.20,Static dual-tail rescue/budget objective,test post-hoc FAR sweep,test,22,90,23,365,0.488889,0.197802,false,per_window_score_csv,results/safety_guided_defense/variantH_dual_tail_budget/H1/seed42/test_eval/H_H1_v2safety_pgd_probabilities_test_epsilon_0_03.csv,Recovered from defense_attempt_results_long.csv.
D6b,D6b-fixed,fixed,Rebalanced dual-tail with fall-rescue floor,test fixed/argmax,test,25,68,20,387,0.555556,0.149451,false,per_window_predictions_csv,results/safety_guided_defense/variantH_dual_tail_budget/optionA_rebalanced/A1/seed42/test_eval/A1_v2safety_pgd_probabilities_test_epsilon_0_03.csv,Recovered from defense_attempt_results_long.csv.
D6b,D6b-sweep,post-hoc FAR<=0.20,Rebalanced dual-tail with fall-rescue floor,test post-hoc FAR sweep,test,31,89,14,366,0.688889,0.195604,false,per_window_score_csv,results/safety_guided_defense/variantH_dual_tail_budget/optionA_rebalanced/A1/seed42/test_eval/A1_v2safety_pgd_probabilities_test_epsilon_0_03.csv,Recovered from defense_attempt_results_long.csv.
D7,D7-fixed,fixed,Dual-specialist gate,test fixed/argmax,test,31,104,14,351,0.688889,0.228571,false,per_window_predictions_csv,results/safety_guided_defense/dual_specialist_safety_gate/A1/seed42/probabilities/R_G1maxrec_pgd_probabilities_test_epsilon_0_03.csv,Recovered from defense_attempt_results_long.csv.
D7,D7-sweep,post-hoc FAR<=0.20,Dual-specialist gate,test post-hoc FAR sweep,test,29,88,16,367,0.644444,0.193407,false,per_window_score_csv,results/safety_guided_defense/dual_specialist_safety_gate/A1/seed42/probabilities/B_G1lowFA_pgd_probabilities_test_epsilon_0_03.csv,Recovered from defense_attempt_results_long.csv.
D8a,D8a-recall,AFAC-recall fixed,Adaptive False-Alarm Controller (AFAC),test fixed/argmax,test,30,85,15,370,0.666667,0.186813,false,per_window_predictions_csv,results/safety_guided_defense/variantH_dual_tail_budget/adaptive_lagrangian_far_constrained/optionB/seed42/test_eval/optionB_maxrec_pgd_probabilities_test_epsilon_0_03.csv,Recovered from defense_attempt_results_long.csv.
D8a,D8a-score,AFAC-score fixed,Adaptive False-Alarm Controller (AFAC),test fixed/argmax,test,19,59,26,396,0.422222,0.12967,false,per_window_predictions_csv,results/safety_guided_defense/variantH_dual_tail_budget/adaptive_lagrangian_far_constrained/optionB/seed42/test_eval/optionB_maxscore_pgd_probabilities_test_epsilon_0_03.csv,Recovered from defense_attempt_results_long.csv.
D8a,D8a-lowFA,AFAC-lowFA fixed,Adaptive False-Alarm Controller (AFAC),test fixed/argmax,test,6,36,39,419,0.133333,0.079121,false,per_window_predictions_csv,results/safety_guided_defense/variantH_dual_tail_budget/adaptive_lagrangian_far_constrained/optionB/seed42/test_eval/optionB_minFA_pgd_probabilities_test_epsilon_0_03.csv,Recovered from defense_attempt_results_long.csv.
D8b,D8b AFAC-score,AFAC-score post-hoc FAR<=0.20,Adaptive False-Alarm Controller (AFAC),test post-hoc FAR sweep,test,36,91,9,364,0.8,0.2,true,per_window_score_csv,results/safety_guided_defense/variantH_dual_tail_budget/adaptive_lagrangian_far_constrained/optionB/seed42/test_eval/optionB_maxscore_pgd_probabilities_test_epsilon_0_03.csv,Recovered from defense_attempt_results_long.csv. Only held-out test post-hoc operating point in IA.3 that reaches F20.
D9,D9 missing,missing artifact,TRADES-style consistency,missing artifact,,,,,,,,false,inventory_gap,,Inventory row marks this approach as not found. No usable local TRADES-named standalone result artifact found.
D10,D10 val,validation-only FAR<=0.20,GAIRAT-style boundary reweighting,validation-only FAR sweep,val,39,86,5,366,0.886364,0.190265,true,per_window_score_csv,results/safety_guided_defense/boundary_aware_selective_at/gairat/seed42/GR1/val_eval/GR1_v2macroF1_pgd_probabilities_val_epsilon_0_03.csv,Recovered from defense_attempt_results_long.csv.
D11a,D11a val,validation-only FAR<=0.20,SAT-style selective filtering (Stage-1/BASAT pilot),validation-only FAR sweep,val,40,86,4,366,0.909091,0.190265,true,per_window_score_csv,results/safety_guided_defense/boundary_aware_selective_at/seed42/beta6p0/val_eval/ST1b6_v2lowFA_pgd_probabilities_val_epsilon_0_03.csv,Recovered from defense_attempt_results_long.csv.
D11b,D11b val,validation-only FAR<=0.20,SAT-style selective filtering,validation-only FAR sweep,val,39,85,5,367,0.886364,0.188053,true,per_window_score_csv,results/safety_guided_defense/boundary_aware_selective_at/sat/seed42/SA1/val_eval/SA1_v2lowFA_pgd_probabilities_val_epsilon_0_03.csv,Recovered from defense_attempt_results_long.csv.
D12,D12 val,validation-only FAR<=0.20,BiLSTM representation pivot,validation-only FAR sweep,val,11,83,33,369,0.25,0.183628,false,per_window_score_csv,results/safety_guided_defense/variantG_bilstm_representation_test/seed42/g1_finetune_cleaninit/val_eval/BLF_v2macroF1_pgd_probabilities_val_epsilon_0_03.csv,Recovered from defense_attempt_results_long.csv.
