sample_id,epsilon,true_label,true_class_name,clean_predicted_label,clean_predicted_class_name,attacked_predicted_label,attacked_predicted_class_name,fall_true_binary,clean_fall_pred_binary,attacked_fall_pred_binary,clean_prediction_confidence,attacked_prediction_confidence,clean_correct,attacked_correct,prediction_changed,alpha,pgd_steps
0,0.030000,0,lie down,0,lie down,5,sit down,0,0,0,0.932847,0.920012,1,0,1,0.005000,10
1,0.030000,0,lie down,3,pickup,2,walk,0,0,0,0.368217,0.708287,0,0,1,0.005000,10
2,0.030000,0,lie down,0,lie down,6,stand up,0,0,0,0.652503,0.525355,1,0,1,0.005000,10
3,0.030000,0,lie down,0,lie down,5,sit down,0,0,0,0.898780,0.827687,1,0,1,0.005000,10
4,0.030000,0,lie down,0,lie down,6,stand up,0,0,0,0.996109,0.700068,1,0,1,0.005000,10
5,0.030000,0,lie down,0,lie down,4,run,0,0,0,0.639586,0.318381,1,0,1,0.005000,10
6,0.030000,0,lie down,6,stand up,6,stand up,0,0,0,0.597553,0.960420,0,0,0,0.005000,10
7,0.030000,0,lie down,0,lie down,5,sit down,0,0,0,0.993078,0.807938,1,0,1,0.005000,10
8,0.030000,0,lie down,0,lie down,1,fall,0,0,1,0.951570,0.955118,1,0,1,0.005000,10
9,0.030000,0,lie down,0,lie down,5,sit down,0,0,0,0.952237,0.846099,1,0,1,0.005000,10
10,0.030000,0,lie down,0,lie down,0,lie down,0,0,0,0.721006,0.477309,1,1,0,0.005000,10
11,0.030000,0,lie down,0,lie down,3,pickup,0,0,0,0.892114,0.905680,1,0,1,0.005000,10
12,0.030000,0,lie down,0,lie down,1,fall,0,0,1,0.945494,0.988460,1,0,1,0.005000,10
13,0.030000,0,lie down,0,lie down,2,walk,0,0,0,0.905745,0.978868,1,0,1,0.005000,10
14,0.030000,0,lie down,0,lie down,2,walk,0,0,0,0.973568,0.813796,1,0,1,0.005000,10
15,0.030000,0,lie down,0,lie down,4,run,0,0,0,0.614934,0.980461,1,0,1,0.005000,10
16,0.030000,0,lie down,0,lie down,5,sit down,0,0,0,0.987980,0.892804,1,0,1,0.005000,10
17,0.030000,0,lie down,0,lie down,4,run,0,0,0,0.748727,0.712374,1,0,1,0.005000,10
18,0.030000,0,lie down,0,lie down,5,sit down,0,0,0,0.645654,0.829708,1,0,1,0.005000,10
19,0.030000,0,lie down,0,lie down,2,walk,0,0,0,0.930066,0.967023,1,0,1,0.005000,10
20,0.030000,0,lie down,2,walk,4,run,0,0,0,0.720255,0.981592,0,0,1,0.005000,10
21,0.030000,0,lie down,0,lie down,3,pickup,0,0,0,0.949395,0.901852,1,0,1,0.005000,10
22,0.030000,0,lie down,0,lie down,5,sit down,0,0,0,0.695329,0.754214,1,0,1,0.005000,10
23,0.030000,0,lie down,0,lie down,5,sit down,0,0,0,0.970770,0.886531,1,0,1,0.005000,10
24,0.030000,0,lie down,0,lie down,5,sit down,0,0,0,0.624034,0.773861,1,0,1,0.005000,10
25,0.030000,0,lie down,0,lie down,4,run,0,0,0,0.684817,0.725026,1,0,1,0.005000,10
26,0.030000,0,lie down,0,lie down,2,walk,0,0,0,0.942344,0.716008,1,0,1,0.005000,10
27,0.030000,0,lie down,0,lie down,6,stand up,0,0,0,0.993451,0.939852,1,0,1,0.005000,10
28,0.030000,0,lie down,6,stand up,6,stand up,0,0,0,0.426824,0.904697,0,0,0,0.005000,10
29,0.030000,0,lie down,0,lie down,3,pickup,0,0,0,0.844752,0.918782,1,0,1,0.005000,10
30,0.030000,0,lie down,3,pickup,3,pickup,0,0,0,0.680618,0.928721,0,0,0,0.005000,10
31,0.030000,0,lie down,0,lie down,5,sit down,0,0,0,0.652536,0.909771,1,0,1,0.005000,10
32,0.030000,0,lie down,0,lie down,2,walk,0,0,0,0.992856,0.951011,1,0,1,0.005000,10
33,0.030000,0,lie down,0,lie down,6,stand up,0,0,0,0.678648,0.490297,1,0,1,0.005000,10
34,0.030000,0,lie down,0,lie down,3,pickup,0,0,0,0.996700,0.967100,1,0,1,0.005000,10
35,0.030000,0,lie down,0,lie down,4,run,0,0,0,0.626933,0.455053,1,0,1,0.005000,10
36,0.030000,0,lie down,0,lie down,5,sit down,0,0,0,0.941213,0.897488,1,0,1,0.005000,10
37,0.030000,0,lie down,0,lie down,5,sit down,0,0,0,0.906464,0.926537,1,0,1,0.005000,10
38,0.030000,0,lie down,0,lie down,3,pickup,0,0,0,0.837571,0.928019,1,0,1,0.005000,10
39,0.030000,0,lie down,0,lie down,3,pickup,0,0,0,0.899968,0.899774,1,0,1,0.005000,10
40,0.030000,0,lie down,0,lie down,3,pickup,0,0,0,0.948840,0.932383,1,0,1,0.005000,10
41,0.030000,0,lie down,0,lie down,5,sit down,0,0,0,0.914182,0.886856,1,0,1,0.005000,10
42,0.030000,0,lie down,2,walk,2,walk,0,0,0,0.909121,0.892248,0,0,0,0.005000,10
43,0.030000,0,lie down,0,lie down,5,sit down,0,0,0,0.970085,0.471836,1,0,1,0.005000,10
44,0.030000,0,lie down,0,lie down,5,sit down,0,0,0,0.982816,0.901086,1,0,1,0.005000,10
45,0.030000,0,lie down,0,lie down,6,stand up,0,0,0,0.986111,0.937268,1,0,1,0.005000,10
46,0.030000,0,lie down,0,lie down,6,stand up,0,0,0,0.662394,0.944957,1,0,1,0.005000,10
47,0.030000,0,lie down,0,lie down,5,sit down,0,0,0,0.547221,0.929645,1,0,1,0.005000,10
48,0.030000,0,lie down,0,lie down,2,walk,0,0,0,0.950974,0.799880,1,0,1,0.005000,10
49,0.030000,0,lie down,0,lie down,6,stand up,0,0,0,0.809285,0.889212,1,0,1,0.005000,10
50,0.030000,0,lie down,0,lie down,5,sit down,0,0,0,0.765892,0.796995,1,0,1,0.005000,10
51,0.030000,0,lie down,0,lie down,2,walk,0,0,0,0.982883,0.958122,1,0,1,0.005000,10
52,0.030000,0,lie down,0,lie down,3,pickup,0,0,0,0.906573,0.966744,1,0,1,0.005000,10
53,0.030000,0,lie down,6,stand up,6,stand up,0,0,0,0.576402,0.950681,0,0,0,0.005000,10
54,0.030000,0,lie down,6,stand up,6,stand up,0,0,0,0.912117,0.945792,0,0,0,0.005000,10
55,0.030000,0,lie down,0,lie down,2,walk,0,0,0,0.612384,0.945256,1,0,1,0.005000,10
56,0.030000,0,lie down,0,lie down,6,stand up,0,0,0,0.879583,0.487997,1,0,1,0.005000,10
57,0.030000,0,lie down,0,lie down,5,sit down,0,0,0,0.993432,0.770260,1,0,1,0.005000,10
58,0.030000,0,lie down,5,sit down,5,sit down,0,0,0,0.900616,0.953867,0,0,0,0.005000,10
59,0.030000,0,lie down,0,lie down,5,sit down,0,0,0,0.654866,0.900826,1,0,1,0.005000,10
60,0.030000,0,lie down,5,sit down,5,sit down,0,0,0,0.848977,0.900967,0,0,0,0.005000,10
61,0.030000,0,lie down,0,lie down,6,stand up,0,0,0,0.860950,0.802662,1,0,1,0.005000,10
62,0.030000,0,lie down,0,lie down,4,run,0,0,0,0.971070,0.975097,1,0,1,0.005000,10
63,0.030000,0,lie down,0,lie down,5,sit down,0,0,0,0.634815,0.897793,1,0,1,0.005000,10
64,0.030000,0,lie down,0,lie down,5,sit down,0,0,0,0.550440,0.909476,1,0,1,0.005000,10
65,0.030000,0,lie down,0,lie down,6,stand up,0,0,0,0.961410,0.966778,1,0,1,0.005000,10
66,0.030000,1,fall,1,fall,5,sit down,1,1,0,0.923015,0.599803,1,0,1,0.005000,10
67,0.030000,1,fall,1,fall,6,stand up,1,1,0,0.968637,0.882638,1,0,1,0.005000,10
68,0.030000,1,fall,1,fall,0,lie down,1,1,0,0.892463,0.991553,1,0,1,0.005000,10
69,0.030000,1,fall,2,walk,2,walk,1,0,0,0.925842,0.987284,0,0,0,0.005000,10
70,0.030000,1,fall,1,fall,2,walk,1,1,0,0.772112,0.984148,1,0,1,0.005000,10
71,0.030000,1,fall,1,fall,2,walk,1,1,0,0.958746,0.920810,1,0,1,0.005000,10
72,0.030000,1,fall,1,fall,2,walk,1,1,0,0.664019,0.984296,1,0,1,0.005000,10
73,0.030000,1,fall,1,fall,6,stand up,1,1,0,0.937991,0.833880,1,0,1,0.005000,10
74,0.030000,1,fall,1,fall,0,lie down,1,1,0,0.977472,0.935817,1,0,1,0.005000,10
75,0.030000,1,fall,1,fall,4,run,1,1,0,0.971066,0.956231,1,0,1,0.005000,10
76,0.030000,1,fall,1,fall,4,run,1,1,0,0.971075,0.863147,1,0,1,0.005000,10
77,0.030000,1,fall,1,fall,6,stand up,1,1,0,0.918051,0.848651,1,0,1,0.005000,10
78,0.030000,1,fall,1,fall,0,lie down,1,1,0,0.962525,0.921386,1,0,1,0.005000,10
79,0.030000,1,fall,1,fall,3,pickup,1,1,0,0.954450,0.812792,1,0,1,0.005000,10
80,0.030000,1,fall,1,fall,6,stand up,1,1,0,0.652173,0.946232,1,0,1,0.005000,10
81,0.030000,1,fall,1,fall,0,lie down,1,1,0,0.985946,0.901713,1,0,1,0.005000,10
82,0.030000,1,fall,1,fall,0,lie down,1,1,0,0.978206,0.929844,1,0,1,0.005000,10
83,0.030000,1,fall,1,fall,3,pickup,1,1,0,0.973292,0.496927,1,0,1,0.005000,10
84,0.030000,1,fall,1,fall,2,walk,1,1,0,0.918391,0.842696,1,0,1,0.005000,10
85,0.030000,1,fall,1,fall,2,walk,1,1,0,0.977568,0.566988,1,0,1,0.005000,10
86,0.030000,1,fall,1,fall,6,stand up,1,1,0,0.774461,0.865688,1,0,1,0.005000,10
87,0.030000,1,fall,1,fall,4,run,1,1,0,0.981756,0.805412,1,0,1,0.005000,10
88,0.030000,1,fall,1,fall,2,walk,1,1,0,0.771545,0.864025,1,0,1,0.005000,10
89,0.030000,1,fall,1,fall,0,lie down,1,1,0,0.956234,0.654268,1,0,1,0.005000,10
90,0.030000,1,fall,1,fall,6,stand up,1,1,0,0.966573,0.797288,1,0,1,0.005000,10
91,0.030000,1,fall,1,fall,0,lie down,1,1,0,0.895852,0.946618,1,0,1,0.005000,10
92,0.030000,1,fall,1,fall,2,walk,1,1,0,0.906153,0.979167,1,0,1,0.005000,10
93,0.030000,1,fall,1,fall,3,pickup,1,1,0,0.971768,0.780463,1,0,1,0.005000,10
94,0.030000,1,fall,1,fall,6,stand up,1,1,0,0.713702,0.962135,1,0,1,0.005000,10
95,0.030000,1,fall,1,fall,0,lie down,1,1,0,0.893547,0.653996,1,0,1,0.005000,10
96,0.030000,1,fall,1,fall,4,run,1,1,0,0.932903,0.804034,1,0,1,0.005000,10
97,0.030000,1,fall,1,fall,0,lie down,1,1,0,0.930420,0.725425,1,0,1,0.005000,10
98,0.030000,1,fall,1,fall,3,pickup,1,1,0,0.977982,0.350693,1,0,1,0.005000,10
99,0.030000,1,fall,1,fall,2,walk,1,1,0,0.721688,0.987531,1,0,1,0.005000,10
100,0.030000,1,fall,1,fall,5,sit down,1,1,0,0.972905,0.540012,1,0,1,0.005000,10
101,0.030000,1,fall,1,fall,4,run,1,1,0,0.973713,0.931034,1,0,1,0.005000,10
102,0.030000,1,fall,1,fall,6,stand up,1,1,0,0.951137,0.828513,1,0,1,0.005000,10
103,0.030000,1,fall,1,fall,6,stand up,1,1,0,0.859253,0.970898,1,0,1,0.005000,10
104,0.030000,1,fall,1,fall,6,stand up,1,1,0,0.902737,0.972411,1,0,1,0.005000,10
105,0.030000,1,fall,1,fall,4,run,1,1,0,0.934655,0.939372,1,0,1,0.005000,10
106,0.030000,1,fall,1,fall,0,lie down,1,1,0,0.915150,0.982702,1,0,1,0.005000,10
107,0.030000,1,fall,1,fall,3,pickup,1,1,0,0.980913,0.528728,1,0,1,0.005000,10
108,0.030000,1,fall,1,fall,6,stand up,1,1,0,0.952154,0.916627,1,0,1,0.005000,10
109,0.030000,1,fall,1,fall,6,stand up,1,1,0,0.751357,0.939408,1,0,1,0.005000,10
110,0.030000,3,pickup,3,pickup,0,lie down,0,0,0,0.909546,0.900989,1,0,1,0.005000,10
111,0.030000,3,pickup,2,walk,4,run,0,0,0,0.606421,0.982920,0,0,1,0.005000,10
112,0.030000,3,pickup,3,pickup,0,lie down,0,0,0,0.936029,0.987319,1,0,1,0.005000,10
113,0.030000,3,pickup,3,pickup,6,stand up,0,0,0,0.930060,0.524260,1,0,1,0.005000,10
114,0.030000,3,pickup,3,pickup,3,pickup,0,0,0,0.955478,0.750687,1,1,0,0.005000,10
115,0.030000,3,pickup,1,fall,1,fall,0,1,1,0.459574,0.973761,0,0,0,0.005000,10
116,0.030000,3,pickup,2,walk,2,walk,0,0,0,0.952050,0.974026,0,0,0,0.005000,10
117,0.030000,3,pickup,3,pickup,0,lie down,0,0,0,0.895784,0.955129,1,0,1,0.005000,10
118,0.030000,3,pickup,2,walk,4,run,0,0,0,0.496083,0.973620,0,0,1,0.005000,10
119,0.030000,3,pickup,1,fall,1,fall,0,1,1,0.756724,0.981127,0,0,0,0.005000,10
120,0.030000,3,pickup,3,pickup,0,lie down,0,0,0,0.933603,0.997967,1,0,1,0.005000,10
121,0.030000,3,pickup,3,pickup,0,lie down,0,0,0,0.907275,0.908804,1,0,1,0.005000,10
122,0.030000,3,pickup,3,pickup,0,lie down,0,0,0,0.711767,0.958175,1,0,1,0.005000,10
123,0.030000,3,pickup,3,pickup,3,pickup,0,0,0,0.936635,0.870992,1,1,0,0.005000,10
124,0.030000,3,pickup,3,pickup,0,lie down,0,0,0,0.930877,0.650432,1,0,1,0.005000,10
125,0.030000,3,pickup,2,walk,4,run,0,0,0,0.587321,0.605595,0,0,1,0.005000,10
126,0.030000,3,pickup,3,pickup,3,pickup,0,0,0,0.920739,0.809513,1,1,0,0.005000,10
127,0.030000,3,pickup,6,stand up,1,fall,0,0,1,0.448644,0.986139,0,0,1,0.005000,10
128,0.030000,3,pickup,1,fall,1,fall,0,1,1,0.688295,0.987800,0,0,0,0.005000,10
129,0.030000,3,pickup,4,run,2,walk,0,0,0,0.807480,0.769777,0,0,1,0.005000,10
130,0.030000,3,pickup,3,pickup,0,lie down,0,0,0,0.797337,0.943524,1,0,1,0.005000,10
131,0.030000,3,pickup,3,pickup,3,pickup,0,0,0,0.882891,0.742248,1,1,0,0.005000,10
132,0.030000,3,pickup,3,pickup,0,lie down,0,0,0,0.939632,0.792031,1,0,1,0.005000,10
133,0.030000,3,pickup,3,pickup,1,fall,0,0,1,0.864764,0.755985,1,0,1,0.005000,10
134,0.030000,3,pickup,6,stand up,1,fall,0,0,1,0.275907,0.971184,0,0,1,0.005000,10
135,0.030000,3,pickup,0,lie down,5,sit down,0,0,0,0.649315,0.795666,0,0,1,0.005000,10
136,0.030000,3,pickup,3,pickup,0,lie down,0,0,0,0.918897,0.947689,1,0,1,0.005000,10
137,0.030000,3,pickup,3,pickup,0,lie down,0,0,0,0.934297,0.801276,1,0,1,0.005000,10
138,0.030000,3,pickup,3,pickup,3,pickup,0,0,0,0.924214,0.865092,1,1,0,0.005000,10
139,0.030000,3,pickup,3,pickup,0,lie down,0,0,0,0.925359,0.953162,1,0,1,0.005000,10
140,0.030000,3,pickup,2,walk,4,run,0,0,0,0.813878,0.980328,0,0,1,0.005000,10
141,0.030000,3,pickup,3,pickup,1,fall,0,0,1,0.703344,0.698867,1,0,1,0.005000,10
142,0.030000,3,pickup,3,pickup,3,pickup,0,0,0,0.918930,0.782080,1,1,0,0.005000,10
143,0.030000,3,pickup,3,pickup,3,pickup,0,0,0,0.927832,0.866076,1,1,0,0.005000,10
144,0.030000,3,pickup,3,pickup,4,run,0,0,0,0.529953,0.950377,1,0,1,0.005000,10
145,0.030000,3,pickup,3,pickup,3,pickup,0,0,0,0.934639,0.816979,1,1,0,0.005000,10
146,0.030000,3,pickup,3,pickup,0,lie down,0,0,0,0.919528,0.594591,1,0,1,0.005000,10
147,0.030000,3,pickup,3,pickup,6,stand up,0,0,0,0.915184,0.542190,1,0,1,0.005000,10
148,0.030000,3,pickup,3,pickup,0,lie down,0,0,0,0.896413,0.940080,1,0,1,0.005000,10
149,0.030000,3,pickup,2,walk,4,run,0,0,0,0.543001,0.967470,0,0,1,0.005000,10
150,0.030000,3,pickup,3,pickup,0,lie down,0,0,0,0.942710,0.464173,1,0,1,0.005000,10
151,0.030000,3,pickup,4,run,4,run,0,0,0,0.463370,0.798579,0,0,0,0.005000,10
152,0.030000,3,pickup,0,lie down,0,lie down,0,0,0,0.724063,0.712684,0,0,0,0.005000,10
153,0.030000,3,pickup,1,fall,1,fall,0,1,1,0.530344,0.981398,0,0,0,0.005000,10
154,0.030000,3,pickup,4,run,4,run,0,0,0,0.703281,0.982235,0,0,0,0.005000,10
155,0.030000,3,pickup,3,pickup,0,lie down,0,0,0,0.942398,0.879212,1,0,1,0.005000,10
156,0.030000,3,pickup,3,pickup,6,stand up,0,0,0,0.933053,0.769082,1,0,1,0.005000,10
157,0.030000,3,pickup,2,walk,4,run,0,0,0,0.882765,0.983682,0,0,1,0.005000,10
158,0.030000,3,pickup,2,walk,4,run,0,0,0,0.570340,0.982112,0,0,1,0.005000,10
159,0.030000,4,run,4,run,5,sit down,0,0,0,0.796966,0.908142,1,0,1,0.005000,10
160,0.030000,4,run,4,run,1,fall,0,0,1,0.979641,0.978286,1,0,1,0.005000,10
161,0.030000,4,run,4,run,1,fall,0,0,1,0.986836,0.960016,1,0,1,0.005000,10
162,0.030000,4,run,4,run,0,lie down,0,0,0,0.987873,0.566048,1,0,1,0.005000,10
163,0.030000,4,run,4,run,1,fall,0,0,1,0.973227,0.961751,1,0,1,0.005000,10
164,0.030000,4,run,4,run,0,lie down,0,0,0,0.909243,0.931313,1,0,1,0.005000,10
165,0.030000,4,run,5,sit down,5,sit down,0,0,0,0.485504,0.927502,0,0,0,0.005000,10
166,0.030000,4,run,4,run,3,pickup,0,0,0,0.898375,0.486951,1,0,1,0.005000,10
167,0.030000,4,run,4,run,0,lie down,0,0,0,0.912933,0.655016,1,0,1,0.005000,10
168,0.030000,4,run,4,run,1,fall,0,0,1,0.723568,0.977612,1,0,1,0.005000,10
169,0.030000,4,run,4,run,1,fall,0,0,1,0.584623,0.950402,1,0,1,0.005000,10
170,0.030000,4,run,4,run,3,pickup,0,0,0,0.969715,0.535126,1,0,1,0.005000,10
171,0.030000,4,run,4,run,0,lie down,0,0,0,0.900041,0.878173,1,0,1,0.005000,10
172,0.030000,4,run,4,run,0,lie down,0,0,0,0.940425,0.922606,1,0,1,0.005000,10
173,0.030000,4,run,4,run,6,stand up,0,0,0,0.629144,0.540763,1,0,1,0.005000,10
174,0.030000,4,run,4,run,1,fall,0,0,1,0.970260,0.959197,1,0,1,0.005000,10
175,0.030000,4,run,4,run,0,lie down,0,0,0,0.571161,0.825637,1,0,1,0.005000,10
176,0.030000,4,run,4,run,2,walk,0,0,0,0.911226,0.563072,1,0,1,0.005000,10
177,0.030000,4,run,4,run,0,lie down,0,0,0,0.631431,0.698541,1,0,1,0.005000,10
178,0.030000,4,run,4,run,1,fall,0,0,1,0.985748,0.959423,1,0,1,0.005000,10
179,0.030000,4,run,2,walk,5,sit down,0,0,0,0.827942,0.683704,0,0,1,0.005000,10
180,0.030000,4,run,4,run,0,lie down,0,0,0,0.973299,0.971041,1,0,1,0.005000,10
181,0.030000,4,run,4,run,0,lie down,0,0,0,0.987192,0.749592,1,0,1,0.005000,10
182,0.030000,4,run,4,run,2,walk,0,0,0,0.987533,0.756859,1,0,1,0.005000,10
183,0.030000,4,run,4,run,0,lie down,0,0,0,0.856498,0.855422,1,0,1,0.005000,10
184,0.030000,4,run,2,walk,0,lie down,0,0,0,0.559987,0.788122,0,0,1,0.005000,10
185,0.030000,4,run,4,run,2,walk,0,0,0,0.869232,0.847732,1,0,1,0.005000,10
186,0.030000,4,run,4,run,1,fall,0,0,1,0.518962,0.962672,1,0,1,0.005000,10
187,0.030000,4,run,4,run,5,sit down,0,0,0,0.833808,0.902433,1,0,1,0.005000,10
188,0.030000,4,run,4,run,0,lie down,0,0,0,0.879098,0.923364,1,0,1,0.005000,10
189,0.030000,4,run,4,run,1,fall,0,0,1,0.887076,0.960125,1,0,1,0.005000,10
190,0.030000,4,run,0,lie down,0,lie down,0,0,0,0.545618,0.796860,0,0,0,0.005000,10
191,0.030000,4,run,4,run,5,sit down,0,0,0,0.513110,0.928408,1,0,1,0.005000,10
192,0.030000,4,run,4,run,2,walk,0,0,0,0.898212,0.882058,1,0,1,0.005000,10
193,0.030000,4,run,4,run,2,walk,0,0,0,0.883068,0.715588,1,0,1,0.005000,10
194,0.030000,4,run,4,run,1,fall,0,0,1,0.990211,0.951974,1,0,1,0.005000,10
195,0.030000,4,run,4,run,0,lie down,0,0,0,0.766833,0.673067,1,0,1,0.005000,10
196,0.030000,4,run,4,run,1,fall,0,0,1,0.980781,0.860845,1,0,1,0.005000,10
197,0.030000,4,run,4,run,1,fall,0,0,1,0.766258,0.959075,1,0,1,0.005000,10
198,0.030000,4,run,4,run,1,fall,0,0,1,0.984094,0.925165,1,0,1,0.005000,10
199,0.030000,4,run,4,run,2,walk,0,0,0,0.813726,0.597941,1,0,1,0.005000,10
200,0.030000,4,run,4,run,5,sit down,0,0,0,0.965435,0.347490,1,0,1,0.005000,10
201,0.030000,4,run,2,walk,5,sit down,0,0,0,0.973838,0.792471,0,0,1,0.005000,10
202,0.030000,4,run,4,run,0,lie down,0,0,0,0.711904,0.406407,1,0,1,0.005000,10
203,0.030000,4,run,4,run,3,pickup,0,0,0,0.990475,0.722791,1,0,1,0.005000,10
204,0.030000,4,run,4,run,2,walk,0,0,0,0.954384,0.959106,1,0,1,0.005000,10
205,0.030000,4,run,4,run,5,sit down,0,0,0,0.728138,0.876241,1,0,1,0.005000,10
206,0.030000,4,run,4,run,0,lie down,0,0,0,0.444882,0.730252,1,0,1,0.005000,10
207,0.030000,4,run,4,run,0,lie down,0,0,0,0.637457,0.907534,1,0,1,0.005000,10
208,0.030000,4,run,0,lie down,0,lie down,0,0,0,0.461953,0.848429,0,0,0,0.005000,10
209,0.030000,4,run,4,run,1,fall,0,0,1,0.981266,0.962568,1,0,1,0.005000,10
210,0.030000,4,run,4,run,0,lie down,0,0,0,0.803229,0.952781,1,0,1,0.005000,10
211,0.030000,4,run,4,run,1,fall,0,0,1,0.949316,0.960755,1,0,1,0.005000,10
212,0.030000,4,run,4,run,1,fall,0,0,1,0.987183,0.951851,1,0,1,0.005000,10
213,0.030000,4,run,4,run,0,lie down,0,0,0,0.933710,0.790457,1,0,1,0.005000,10
214,0.030000,4,run,4,run,1,fall,0,0,1,0.878647,0.961202,1,0,1,0.005000,10
215,0.030000,4,run,4,run,0,lie down,0,0,0,0.835881,0.968700,1,0,1,0.005000,10
216,0.030000,4,run,4,run,1,fall,0,0,1,0.987859,0.971090,1,0,1,0.005000,10
217,0.030000,4,run,4,run,0,lie down,0,0,0,0.739394,0.804203,1,0,1,0.005000,10
218,0.030000,4,run,4,run,0,lie down,0,0,0,0.994014,0.456181,1,0,1,0.005000,10
219,0.030000,4,run,2,walk,0,lie down,0,0,0,0.666051,0.810865,0,0,1,0.005000,10
220,0.030000,4,run,4,run,0,lie down,0,0,0,0.814115,0.686063,1,0,1,0.005000,10
221,0.030000,4,run,4,run,1,fall,0,0,1,0.976098,0.921982,1,0,1,0.005000,10
222,0.030000,4,run,4,run,2,walk,0,0,0,0.699870,0.963318,1,0,1,0.005000,10
223,0.030000,4,run,2,walk,2,walk,0,0,0,0.723537,0.914128,0,0,0,0.005000,10
224,0.030000,4,run,5,sit down,5,sit down,0,0,0,0.701879,0.622318,0,0,0,0.005000,10
225,0.030000,4,run,4,run,6,stand up,0,0,0,0.849971,0.319081,1,0,1,0.005000,10
226,0.030000,4,run,4,run,2,walk,0,0,0,0.944225,0.735709,1,0,1,0.005000,10
227,0.030000,4,run,4,run,1,fall,0,0,1,0.882570,0.948062,1,0,1,0.005000,10
228,0.030000,4,run,4,run,3,pickup,0,0,0,0.988270,0.450630,1,0,1,0.005000,10
229,0.030000,4,run,4,run,2,walk,0,0,0,0.981231,0.700466,1,0,1,0.005000,10
230,0.030000,4,run,4,run,2,walk,0,0,0,0.986503,0.475598,1,0,1,0.005000,10
231,0.030000,4,run,4,run,5,sit down,0,0,0,0.758911,0.500219,1,0,1,0.005000,10
232,0.030000,4,run,4,run,0,lie down,0,0,0,0.717459,0.981354,1,0,1,0.005000,10
233,0.030000,4,run,4,run,1,fall,0,0,1,0.986093,0.968136,1,0,1,0.005000,10
234,0.030000,4,run,4,run,0,lie down,0,0,0,0.780161,0.946272,1,0,1,0.005000,10
235,0.030000,4,run,4,run,1,fall,0,0,1,0.932487,0.959799,1,0,1,0.005000,10
236,0.030000,4,run,4,run,3,pickup,0,0,0,0.862701,0.565180,1,0,1,0.005000,10
237,0.030000,4,run,4,run,0,lie down,0,0,0,0.976747,0.577023,1,0,1,0.005000,10
238,0.030000,4,run,4,run,0,lie down,0,0,0,0.364711,0.771274,1,0,1,0.005000,10
239,0.030000,4,run,4,run,2,walk,0,0,0,0.985659,0.508566,1,0,1,0.005000,10
240,0.030000,4,run,4,run,2,walk,0,0,0,0.535530,0.772156,1,0,1,0.005000,10
241,0.030000,4,run,4,run,0,lie down,0,0,0,0.932725,0.901530,1,0,1,0.005000,10
242,0.030000,4,run,4,run,2,walk,0,0,0,0.975299,0.865294,1,0,1,0.005000,10
243,0.030000,4,run,2,walk,0,lie down,0,0,0,0.653552,0.934405,0,0,1,0.005000,10
244,0.030000,4,run,2,walk,5,sit down,0,0,0,0.818846,0.632026,0,0,1,0.005000,10
245,0.030000,4,run,4,run,1,fall,0,0,1,0.988478,0.970328,1,0,1,0.005000,10
246,0.030000,4,run,4,run,2,walk,0,0,0,0.501359,0.657149,1,0,1,0.005000,10
247,0.030000,4,run,4,run,0,lie down,0,0,0,0.982372,0.737772,1,0,1,0.005000,10
248,0.030000,4,run,4,run,2,walk,0,0,0,0.927473,0.955240,1,0,1,0.005000,10
249,0.030000,4,run,4,run,0,lie down,0,0,0,0.932198,0.825166,1,0,1,0.005000,10
250,0.030000,4,run,4,run,2,walk,0,0,0,0.988577,0.475632,1,0,1,0.005000,10
251,0.030000,4,run,4,run,0,lie down,0,0,0,0.349934,0.529118,1,0,1,0.005000,10
252,0.030000,4,run,4,run,2,walk,0,0,0,0.888723,0.966717,1,0,1,0.005000,10
253,0.030000,4,run,4,run,2,walk,0,0,0,0.925108,0.847225,1,0,1,0.005000,10
254,0.030000,4,run,2,walk,5,sit down,0,0,0,0.819094,0.695157,0,0,1,0.005000,10
255,0.030000,4,run,4,run,1,fall,0,0,1,0.991239,0.955116,1,0,1,0.005000,10
256,0.030000,4,run,4,run,2,walk,0,0,0,0.994063,0.490754,1,0,1,0.005000,10
257,0.030000,4,run,4,run,1,fall,0,0,1,0.886402,0.921751,1,0,1,0.005000,10
258,0.030000,4,run,4,run,1,fall,0,0,1,0.890424,0.977347,1,0,1,0.005000,10
259,0.030000,4,run,4,run,1,fall,0,0,1,0.985401,0.941118,1,0,1,0.005000,10
260,0.030000,4,run,4,run,2,walk,0,0,0,0.702723,0.978162,1,0,1,0.005000,10
261,0.030000,4,run,4,run,0,lie down,0,0,0,0.903127,0.660414,1,0,1,0.005000,10
262,0.030000,4,run,4,run,3,pickup,0,0,0,0.731576,0.572259,1,0,1,0.005000,10
263,0.030000,4,run,4,run,0,lie down,0,0,0,0.772591,0.634827,1,0,1,0.005000,10
264,0.030000,4,run,4,run,1,fall,0,0,1,0.988493,0.956197,1,0,1,0.005000,10
265,0.030000,4,run,4,run,2,walk,0,0,0,0.955585,0.995532,1,0,1,0.005000,10
266,0.030000,4,run,4,run,1,fall,0,0,1,0.987491,0.828537,1,0,1,0.005000,10
267,0.030000,4,run,0,lie down,0,lie down,0,0,0,0.520778,0.730345,0,0,0,0.005000,10
268,0.030000,4,run,4,run,0,lie down,0,0,0,0.873547,0.864476,1,0,1,0.005000,10
269,0.030000,4,run,4,run,2,walk,0,0,0,0.869819,0.623637,1,0,1,0.005000,10
270,0.030000,4,run,4,run,3,pickup,0,0,0,0.989798,0.453126,1,0,1,0.005000,10
271,0.030000,4,run,4,run,0,lie down,0,0,0,0.889363,0.912334,1,0,1,0.005000,10
272,0.030000,4,run,4,run,1,fall,0,0,1,0.686898,0.966314,1,0,1,0.005000,10
273,0.030000,4,run,4,run,2,walk,0,0,0,0.970718,0.548757,1,0,1,0.005000,10
274,0.030000,4,run,0,lie down,0,lie down,0,0,0,0.375882,0.777505,0,0,0,0.005000,10
275,0.030000,4,run,0,lie down,0,lie down,0,0,0,0.504924,0.723908,0,0,0,0.005000,10
276,0.030000,4,run,4,run,1,fall,0,0,1,0.797235,0.939637,1,0,1,0.005000,10
277,0.030000,4,run,2,walk,1,fall,0,0,1,0.553408,0.955381,0,0,1,0.005000,10
278,0.030000,4,run,4,run,2,walk,0,0,0,0.826999,0.696062,1,0,1,0.005000,10
279,0.030000,4,run,4,run,2,walk,0,0,0,0.569480,0.911899,1,0,1,0.005000,10
280,0.030000,5,sit down,2,walk,2,walk,0,0,0,0.518249,0.965307,0,0,0,0.005000,10
281,0.030000,5,sit down,5,sit down,2,walk,0,0,0,0.742790,0.850141,1,0,1,0.005000,10
282,0.030000,5,sit down,5,sit down,6,stand up,0,0,0,0.517906,0.945313,1,0,1,0.005000,10
283,0.030000,5,sit down,5,sit down,0,lie down,0,0,0,0.658333,0.977034,1,0,1,0.005000,10
284,0.030000,5,sit down,5,sit down,5,sit down,0,0,0,0.926117,0.782312,1,1,0,0.005000,10
285,0.030000,5,sit down,5,sit down,0,lie down,0,0,0,0.805438,0.979879,1,0,1,0.005000,10
286,0.030000,5,sit down,5,sit down,0,lie down,0,0,0,0.908062,0.540317,1,0,1,0.005000,10
287,0.030000,5,sit down,5,sit down,0,lie down,0,0,0,0.881257,0.964806,1,0,1,0.005000,10
288,0.030000,5,sit down,6,stand up,6,stand up,0,0,0,0.797999,0.926583,0,0,0,0.005000,10
289,0.030000,5,sit down,5,sit down,4,run,0,0,0,0.654748,0.930219,1,0,1,0.005000,10
290,0.030000,5,sit down,0,lie down,0,lie down,0,0,0,0.840451,0.968976,0,0,0,0.005000,10
291,0.030000,5,sit down,5,sit down,4,run,0,0,0,0.750977,0.815109,1,0,1,0.005000,10
292,0.030000,5,sit down,6,stand up,4,run,0,0,0,0.526016,0.962154,0,0,1,0.005000,10
293,0.030000,5,sit down,5,sit down,4,run,0,0,0,0.767296,0.879803,1,0,1,0.005000,10
294,0.030000,5,sit down,5,sit down,0,lie down,0,0,0,0.895334,0.663693,1,0,1,0.005000,10
295,0.030000,5,sit down,5,sit down,0,lie down,0,0,0,0.848811,0.964068,1,0,1,0.005000,10
296,0.030000,5,sit down,5,sit down,4,run,0,0,0,0.702859,0.964002,1,0,1,0.005000,10
297,0.030000,5,sit down,5,sit down,2,walk,0,0,0,0.881796,0.976327,1,0,1,0.005000,10
298,0.030000,5,sit down,5,sit down,5,sit down,0,0,0,0.913312,0.735765,1,1,0,0.005000,10
299,0.030000,5,sit down,5,sit down,0,lie down,0,0,0,0.841217,0.947519,1,0,1,0.005000,10
300,0.030000,5,sit down,1,fall,1,fall,0,1,1,0.845490,0.988025,0,0,0,0.005000,10
301,0.030000,5,sit down,5,sit down,4,run,0,0,0,0.798277,0.862791,1,0,1,0.005000,10
302,0.030000,5,sit down,5,sit down,2,walk,0,0,0,0.910791,0.940306,1,0,1,0.005000,10
303,0.030000,5,sit down,5,sit down,3,pickup,0,0,0,0.476847,0.738613,1,0,1,0.005000,10
304,0.030000,5,sit down,0,lie down,3,pickup,0,0,0,0.524624,0.940841,0,0,1,0.005000,10
305,0.030000,5,sit down,5,sit down,0,lie down,0,0,0,0.774038,0.958118,1,0,1,0.005000,10
306,0.030000,5,sit down,5,sit down,0,lie down,0,0,0,0.920687,0.952727,1,0,1,0.005000,10
307,0.030000,5,sit down,6,stand up,6,stand up,0,0,0,0.787457,0.937969,0,0,0,0.005000,10
308,0.030000,5,sit down,5,sit down,0,lie down,0,0,0,0.870194,0.975721,1,0,1,0.005000,10
309,0.030000,5,sit down,5,sit down,5,sit down,0,0,0,0.919357,0.701015,1,1,0,0.005000,10
310,0.030000,5,sit down,5,sit down,2,walk,0,0,0,0.650293,0.961487,1,0,1,0.005000,10
311,0.030000,5,sit down,5,sit down,2,walk,0,0,0,0.683855,0.955153,1,0,1,0.005000,10
312,0.030000,5,sit down,5,sit down,2,walk,0,0,0,0.785138,0.979455,1,0,1,0.005000,10
313,0.030000,5,sit down,5,sit down,0,lie down,0,0,0,0.882361,0.976471,1,0,1,0.005000,10
314,0.030000,5,sit down,1,fall,4,run,0,1,0,0.536140,0.993574,0,0,1,0.005000,10
315,0.030000,5,sit down,6,stand up,6,stand up,0,0,0,0.808057,0.847999,0,0,0,0.005000,10
316,0.030000,5,sit down,5,sit down,0,lie down,0,0,0,0.877081,0.965187,1,0,1,0.005000,10
317,0.030000,5,sit down,5,sit down,0,lie down,0,0,0,0.858874,0.902972,1,0,1,0.005000,10
318,0.030000,5,sit down,5,sit down,6,stand up,0,0,0,0.427019,0.691019,1,0,1,0.005000,10
319,0.030000,5,sit down,5,sit down,4,run,0,0,0,0.800153,0.771941,1,0,1,0.005000,10
320,0.030000,6,stand up,6,stand up,4,run,0,0,0,0.470170,0.864040,1,0,1,0.005000,10
321,0.030000,6,stand up,6,stand up,1,fall,0,0,1,0.479504,0.985161,1,0,1,0.005000,10
322,0.030000,6,stand up,6,stand up,0,lie down,0,0,0,0.897606,0.922008,1,0,1,0.005000,10
323,0.030000,6,stand up,6,stand up,5,sit down,0,0,0,0.919941,0.806814,1,0,1,0.005000,10
324,0.030000,6,stand up,6,stand up,0,lie down,0,0,0,0.358108,0.964151,1,0,1,0.005000,10
325,0.030000,6,stand up,6,stand up,1,fall,0,0,1,0.834738,0.981433,1,0,1,0.005000,10
326,0.030000,6,stand up,5,sit down,5,sit down,0,0,0,0.642632,0.727434,0,0,0,0.005000,10
327,0.030000,6,stand up,6,stand up,1,fall,0,0,1,0.949295,0.958219,1,0,1,0.005000,10
328,0.030000,6,stand up,6,stand up,0,lie down,0,0,0,0.923466,0.908859,1,0,1,0.005000,10
329,0.030000,6,stand up,6,stand up,0,lie down,0,0,0,0.466366,0.786275,1,0,1,0.005000,10
330,0.030000,6,stand up,6,stand up,4,run,0,0,0,0.481937,0.753812,1,0,1,0.005000,10
331,0.030000,6,stand up,6,stand up,5,sit down,0,0,0,0.913977,0.779806,1,0,1,0.005000,10
332,0.030000,6,stand up,6,stand up,1,fall,0,0,1,0.909690,0.982486,1,0,1,0.005000,10
333,0.030000,6,stand up,6,stand up,0,lie down,0,0,0,0.887701,0.911139,1,0,1,0.005000,10
334,0.030000,6,stand up,5,sit down,0,lie down,0,0,0,0.772935,0.859108,0,0,1,0.005000,10
335,0.030000,6,stand up,6,stand up,5,sit down,0,0,0,0.524950,0.740094,1,0,1,0.005000,10
336,0.030000,6,stand up,2,walk,2,walk,0,0,0,0.850705,0.957833,0,0,0,0.005000,10
337,0.030000,6,stand up,6,stand up,2,walk,0,0,0,0.817368,0.971271,1,0,1,0.005000,10
338,0.030000,6,stand up,1,fall,1,fall,0,1,1,0.980895,0.991232,0,0,0,0.005000,10
339,0.030000,6,stand up,6,stand up,4,run,0,0,0,0.623156,0.887110,1,0,1,0.005000,10
340,0.030000,6,stand up,4,run,4,run,0,0,0,0.386871,0.795585,0,0,0,0.005000,10
341,0.030000,6,stand up,0,lie down,0,lie down,0,0,0,0.345866,0.668883,0,0,0,0.005000,10
342,0.030000,6,stand up,6,stand up,0,lie down,0,0,0,0.885433,0.833677,1,0,1,0.005000,10
343,0.030000,6,stand up,6,stand up,1,fall,0,0,1,0.932005,0.980158,1,0,1,0.005000,10
344,0.030000,6,stand up,6,stand up,5,sit down,0,0,0,0.635272,0.838167,1,0,1,0.005000,10
345,0.030000,6,stand up,6,stand up,5,sit down,0,0,0,0.345078,0.890652,1,0,1,0.005000,10
346,0.030000,6,stand up,6,stand up,0,lie down,0,0,0,0.446408,0.992128,1,0,1,0.005000,10
347,0.030000,6,stand up,6,stand up,0,lie down,0,0,0,0.915085,0.946792,1,0,1,0.005000,10
348,0.030000,6,stand up,6,stand up,1,fall,0,0,1,0.448392,0.985217,1,0,1,0.005000,10
349,0.030000,6,stand up,6,stand up,0,lie down,0,0,0,0.947179,0.635410,1,0,1,0.005000,10
350,0.030000,2,walk,2,walk,1,fall,0,0,1,0.886496,0.973732,1,0,1,0.005000,10
351,0.030000,2,walk,2,walk,5,sit down,0,0,0,0.905101,0.824126,1,0,1,0.005000,10
352,0.030000,2,walk,4,run,4,run,0,0,0,0.515511,0.974651,0,0,0,0.005000,10
353,0.030000,2,walk,2,walk,4,run,0,0,0,0.672955,0.993519,1,0,1,0.005000,10
354,0.030000,2,walk,2,walk,4,run,0,0,0,0.807931,0.986228,1,0,1,0.005000,10
355,0.030000,2,walk,2,walk,0,lie down,0,0,0,0.937358,0.974942,1,0,1,0.005000,10
356,0.030000,2,walk,4,run,4,run,0,0,0,0.830934,0.987563,0,0,0,0.005000,10
357,0.030000,2,walk,2,walk,4,run,0,0,0,0.700048,0.987168,1,0,1,0.005000,10
358,0.030000,2,walk,2,walk,4,run,0,0,0,0.580756,0.972203,1,0,1,0.005000,10
359,0.030000,2,walk,2,walk,4,run,0,0,0,0.814301,0.984028,1,0,1,0.005000,10
360,0.030000,2,walk,2,walk,1,fall,0,0,1,0.296562,0.987043,1,0,1,0.005000,10
361,0.030000,2,walk,4,run,4,run,0,0,0,0.752407,0.988352,0,0,0,0.005000,10
362,0.030000,2,walk,2,walk,4,run,0,0,0,0.979274,0.928281,1,0,1,0.005000,10
363,0.030000,2,walk,2,walk,0,lie down,0,0,0,0.759866,0.991197,1,0,1,0.005000,10
364,0.030000,2,walk,2,walk,3,pickup,0,0,0,0.931790,0.843314,1,0,1,0.005000,10
365,0.030000,2,walk,2,walk,4,run,0,0,0,0.877068,0.972090,1,0,1,0.005000,10
366,0.030000,2,walk,2,walk,0,lie down,0,0,0,0.969442,0.684905,1,0,1,0.005000,10
367,0.030000,2,walk,2,walk,4,run,0,0,0,0.969926,0.925960,1,0,1,0.005000,10
368,0.030000,2,walk,2,walk,0,lie down,0,0,0,0.907252,0.948072,1,0,1,0.005000,10
369,0.030000,2,walk,2,walk,5,sit down,0,0,0,0.915183,0.748716,1,0,1,0.005000,10
370,0.030000,2,walk,2,walk,4,run,0,0,0,0.908781,0.976929,1,0,1,0.005000,10
371,0.030000,2,walk,2,walk,4,run,0,0,0,0.961344,0.866791,1,0,1,0.005000,10
372,0.030000,2,walk,2,walk,4,run,0,0,0,0.926524,0.991195,1,0,1,0.005000,10
373,0.030000,2,walk,2,walk,4,run,0,0,0,0.901323,0.986296,1,0,1,0.005000,10
374,0.030000,2,walk,2,walk,1,fall,0,0,1,0.855233,0.986905,1,0,1,0.005000,10
375,0.030000,2,walk,2,walk,4,run,0,0,0,0.931626,0.969718,1,0,1,0.005000,10
376,0.030000,2,walk,2,walk,0,lie down,0,0,0,0.866219,0.994936,1,0,1,0.005000,10
377,0.030000,2,walk,4,run,4,run,0,0,0,0.655565,0.988396,0,0,0,0.005000,10
378,0.030000,2,walk,5,sit down,0,lie down,0,0,0,0.302859,0.675675,0,0,1,0.005000,10
379,0.030000,2,walk,2,walk,4,run,0,0,0,0.960205,0.827924,1,0,1,0.005000,10
380,0.030000,2,walk,2,walk,4,run,0,0,0,0.982819,0.826242,1,0,1,0.005000,10
381,0.030000,2,walk,2,walk,4,run,0,0,0,0.726480,0.870222,1,0,1,0.005000,10
382,0.030000,2,walk,4,run,4,run,0,0,0,0.539511,0.980223,0,0,0,0.005000,10
383,0.030000,2,walk,6,stand up,0,lie down,0,0,0,0.931092,0.985030,0,0,1,0.005000,10
384,0.030000,2,walk,2,walk,4,run,0,0,0,0.607545,0.982282,1,0,1,0.005000,10
385,0.030000,2,walk,2,walk,5,sit down,0,0,0,0.983491,0.816243,1,0,1,0.005000,10
386,0.030000,2,walk,2,walk,6,stand up,0,0,0,0.931969,0.341804,1,0,1,0.005000,10
387,0.030000,2,walk,2,walk,4,run,0,0,0,0.949948,0.531523,1,0,1,0.005000,10
388,0.030000,2,walk,2,walk,4,run,0,0,0,0.983982,0.900960,1,0,1,0.005000,10
389,0.030000,2,walk,2,walk,0,lie down,0,0,0,0.975018,0.947552,1,0,1,0.005000,10
390,0.030000,2,walk,4,run,4,run,0,0,0,0.763926,0.978975,0,0,0,0.005000,10
391,0.030000,2,walk,2,walk,4,run,0,0,0,0.688444,0.977074,1,0,1,0.005000,10
392,0.030000,2,walk,2,walk,4,run,0,0,0,0.856024,0.980260,1,0,1,0.005000,10
393,0.030000,2,walk,2,walk,4,run,0,0,0,0.667707,0.975176,1,0,1,0.005000,10
394,0.030000,2,walk,2,walk,0,lie down,0,0,0,0.892312,0.726978,1,0,1,0.005000,10
395,0.030000,2,walk,2,walk,4,run,0,0,0,0.496401,0.969516,1,0,1,0.005000,10
396,0.030000,2,walk,2,walk,0,lie down,0,0,0,0.952564,0.870678,1,0,1,0.005000,10
397,0.030000,2,walk,2,walk,4,run,0,0,0,0.871378,0.983169,1,0,1,0.005000,10
398,0.030000,2,walk,2,walk,4,run,0,0,0,0.917322,0.956756,1,0,1,0.005000,10
399,0.030000,2,walk,2,walk,1,fall,0,0,1,0.699961,0.992614,1,0,1,0.005000,10
400,0.030000,2,walk,2,walk,4,run,0,0,0,0.652398,0.992583,1,0,1,0.005000,10
401,0.030000,2,walk,2,walk,0,lie down,0,0,0,0.929153,0.988167,1,0,1,0.005000,10
402,0.030000,2,walk,2,walk,0,lie down,0,0,0,0.917596,0.925084,1,0,1,0.005000,10
403,0.030000,2,walk,2,walk,4,run,0,0,0,0.976897,0.935628,1,0,1,0.005000,10
404,0.030000,2,walk,4,run,4,run,0,0,0,0.607247,0.988863,0,0,0,0.005000,10
405,0.030000,2,walk,2,walk,5,sit down,0,0,0,0.936716,0.893888,1,0,1,0.005000,10
406,0.030000,2,walk,2,walk,0,lie down,0,0,0,0.944272,0.895484,1,0,1,0.005000,10
407,0.030000,2,walk,2,walk,4,run,0,0,0,0.832024,0.982587,1,0,1,0.005000,10
408,0.030000,2,walk,2,walk,5,sit down,0,0,0,0.908721,0.492137,1,0,1,0.005000,10
409,0.030000,2,walk,2,walk,4,run,0,0,0,0.833558,0.982011,1,0,1,0.005000,10
410,0.030000,2,walk,2,walk,5,sit down,0,0,0,0.740216,0.891862,1,0,1,0.005000,10
411,0.030000,2,walk,2,walk,0,lie down,0,0,0,0.921147,0.703532,1,0,1,0.005000,10
412,0.030000,2,walk,2,walk,1,fall,0,0,1,0.936342,0.714884,1,0,1,0.005000,10
413,0.030000,2,walk,2,walk,4,run,0,0,0,0.892394,0.976945,1,0,1,0.005000,10
414,0.030000,2,walk,2,walk,4,run,0,0,0,0.962144,0.833299,1,0,1,0.005000,10
415,0.030000,2,walk,2,walk,1,fall,0,0,1,0.721686,0.975720,1,0,1,0.005000,10
416,0.030000,2,walk,2,walk,4,run,0,0,0,0.932881,0.975290,1,0,1,0.005000,10
417,0.030000,2,walk,5,sit down,0,lie down,0,0,0,0.616229,0.959448,0,0,1,0.005000,10
418,0.030000,2,walk,2,walk,4,run,0,0,0,0.841703,0.975410,1,0,1,0.005000,10
419,0.030000,2,walk,2,walk,4,run,0,0,0,0.972213,0.501668,1,0,1,0.005000,10
420,0.030000,2,walk,2,walk,4,run,0,0,0,0.914372,0.969369,1,0,1,0.005000,10
421,0.030000,2,walk,2,walk,5,sit down,0,0,0,0.639941,0.765836,1,0,1,0.005000,10
422,0.030000,2,walk,2,walk,4,run,0,0,0,0.633497,0.977293,1,0,1,0.005000,10
423,0.030000,2,walk,2,walk,4,run,0,0,0,0.940549,0.981681,1,0,1,0.005000,10
424,0.030000,2,walk,2,walk,4,run,0,0,0,0.844349,0.978698,1,0,1,0.005000,10
425,0.030000,2,walk,2,walk,4,run,0,0,0,0.633002,0.971471,1,0,1,0.005000,10
426,0.030000,2,walk,2,walk,1,fall,0,0,1,0.610580,0.993198,1,0,1,0.005000,10
427,0.030000,2,walk,4,run,4,run,0,0,0,0.755632,0.800210,0,0,0,0.005000,10
428,0.030000,2,walk,1,fall,0,lie down,0,1,0,0.815714,0.908501,0,0,1,0.005000,10
429,0.030000,2,walk,4,run,4,run,0,0,0,0.898252,0.988381,0,0,0,0.005000,10
430,0.030000,2,walk,2,walk,4,run,0,0,0,0.877999,0.958499,1,0,1,0.005000,10
431,0.030000,2,walk,2,walk,0,lie down,0,0,0,0.970237,0.930670,1,0,1,0.005000,10
432,0.030000,2,walk,4,run,4,run,0,0,0,0.729771,0.971426,0,0,0,0.005000,10
433,0.030000,2,walk,2,walk,4,run,0,0,0,0.945534,0.959248,1,0,1,0.005000,10
434,0.030000,2,walk,4,run,4,run,0,0,0,0.766462,0.988978,0,0,0,0.005000,10
435,0.030000,2,walk,2,walk,4,run,0,0,0,0.564715,0.985925,1,0,1,0.005000,10
436,0.030000,2,walk,2,walk,4,run,0,0,0,0.930210,0.969836,1,0,1,0.005000,10
437,0.030000,2,walk,2,walk,4,run,0,0,0,0.540091,0.989384,1,0,1,0.005000,10
438,0.030000,2,walk,2,walk,4,run,0,0,0,0.908034,0.977238,1,0,1,0.005000,10
439,0.030000,2,walk,2,walk,0,lie down,0,0,0,0.990269,0.951893,1,0,1,0.005000,10
440,0.030000,2,walk,1,fall,1,fall,0,1,1,0.929970,0.989222,0,0,0,0.005000,10
441,0.030000,2,walk,1,fall,6,stand up,0,1,0,0.673877,0.436485,0,0,1,0.005000,10
442,0.030000,2,walk,2,walk,6,stand up,0,0,0,0.940211,0.514072,1,0,1,0.005000,10
443,0.030000,2,walk,2,walk,1,fall,0,0,1,0.853835,0.557313,1,0,1,0.005000,10
444,0.030000,2,walk,4,run,4,run,0,0,0,0.953054,0.990166,0,0,0,0.005000,10
445,0.030000,2,walk,2,walk,2,walk,0,0,0,0.986642,0.949224,1,1,0,0.005000,10
446,0.030000,2,walk,4,run,4,run,0,0,0,0.894074,0.989046,0,0,0,0.005000,10
447,0.030000,2,walk,2,walk,5,sit down,0,0,0,0.977708,0.764620,1,0,1,0.005000,10
448,0.030000,2,walk,2,walk,5,sit down,0,0,0,0.940270,0.463584,1,0,1,0.005000,10
449,0.030000,2,walk,2,walk,4,run,0,0,0,0.875453,0.975395,1,0,1,0.005000,10
450,0.030000,2,walk,2,walk,0,lie down,0,0,0,0.952794,0.945866,1,0,1,0.005000,10
451,0.030000,2,walk,2,walk,5,sit down,0,0,0,0.604797,0.662726,1,0,1,0.005000,10
452,0.030000,2,walk,2,walk,0,lie down,0,0,0,0.935994,0.983827,1,0,1,0.005000,10
453,0.030000,2,walk,2,walk,0,lie down,0,0,0,0.913784,0.958671,1,0,1,0.005000,10
454,0.030000,2,walk,2,walk,4,run,0,0,0,0.959355,0.923109,1,0,1,0.005000,10
455,0.030000,2,walk,2,walk,4,run,0,0,0,0.974119,0.856946,1,0,1,0.005000,10
456,0.030000,2,walk,2,walk,0,lie down,0,0,0,0.981510,0.444402,1,0,1,0.005000,10
457,0.030000,2,walk,2,walk,5,sit down,0,0,0,0.910870,0.775821,1,0,1,0.005000,10
458,0.030000,2,walk,2,walk,4,run,0,0,0,0.908791,0.953802,1,0,1,0.005000,10
459,0.030000,2,walk,2,walk,4,run,0,0,0,0.923201,0.971924,1,0,1,0.005000,10
460,0.030000,2,walk,4,run,4,run,0,0,0,0.925149,0.989263,0,0,0,0.005000,10
461,0.030000,2,walk,2,walk,4,run,0,0,0,0.981238,0.914320,1,0,1,0.005000,10
462,0.030000,2,walk,2,walk,4,run,0,0,0,0.965206,0.958099,1,0,1,0.005000,10
463,0.030000,2,walk,2,walk,4,run,0,0,0,0.952951,0.926695,1,0,1,0.005000,10
464,0.030000,2,walk,2,walk,4,run,0,0,0,0.804211,0.972634,1,0,1,0.005000,10
465,0.030000,2,walk,2,walk,4,run,0,0,0,0.748773,0.727037,1,0,1,0.005000,10
466,0.030000,2,walk,2,walk,4,run,0,0,0,0.715132,0.983901,1,0,1,0.005000,10
467,0.030000,2,walk,2,walk,4,run,0,0,0,0.941880,0.987451,1,0,1,0.005000,10
468,0.030000,2,walk,2,walk,4,run,0,0,0,0.923404,0.970576,1,0,1,0.005000,10
469,0.030000,2,walk,2,walk,4,run,0,0,0,0.899673,0.964519,1,0,1,0.005000,10
470,0.030000,2,walk,2,walk,0,lie down,0,0,0,0.814676,0.987886,1,0,1,0.005000,10
471,0.030000,2,walk,2,walk,4,run,0,0,0,0.707763,0.985100,1,0,1,0.005000,10
472,0.030000,2,walk,2,walk,4,run,0,0,0,0.897464,0.983909,1,0,1,0.005000,10
473,0.030000,2,walk,2,walk,5,sit down,0,0,0,0.960812,0.728052,1,0,1,0.005000,10
474,0.030000,2,walk,2,walk,4,run,0,0,0,0.525197,0.980574,1,0,1,0.005000,10
475,0.030000,2,walk,2,walk,5,sit down,0,0,0,0.937785,0.490678,1,0,1,0.005000,10
476,0.030000,2,walk,2,walk,1,fall,0,0,1,0.969210,0.937989,1,0,1,0.005000,10
477,0.030000,2,walk,2,walk,4,run,0,0,0,0.728751,0.983698,1,0,1,0.005000,10
478,0.030000,2,walk,2,walk,4,run,0,0,0,0.947796,0.973541,1,0,1,0.005000,10
479,0.030000,2,walk,2,walk,4,run,0,0,0,0.762530,0.983574,1,0,1,0.005000,10
480,0.030000,2,walk,2,walk,0,lie down,0,0,0,0.637492,0.967451,1,0,1,0.005000,10
481,0.030000,2,walk,2,walk,4,run,0,0,0,0.734333,0.977164,1,0,1,0.005000,10
482,0.030000,2,walk,2,walk,4,run,0,0,0,0.502775,0.956010,1,0,1,0.005000,10
483,0.030000,2,walk,2,walk,4,run,0,0,0,0.961917,0.980970,1,0,1,0.005000,10
484,0.030000,2,walk,2,walk,0,lie down,0,0,0,0.872157,0.986073,1,0,1,0.005000,10
485,0.030000,2,walk,2,walk,6,stand up,0,0,0,0.970176,0.581362,1,0,1,0.005000,10
486,0.030000,2,walk,2,walk,0,lie down,0,0,0,0.904504,0.864662,1,0,1,0.005000,10
487,0.030000,2,walk,2,walk,0,lie down,0,0,0,0.958458,0.912628,1,0,1,0.005000,10
488,0.030000,2,walk,2,walk,4,run,0,0,0,0.925482,0.962397,1,0,1,0.005000,10
489,0.030000,2,walk,2,walk,0,lie down,0,0,0,0.660298,0.952507,1,0,1,0.005000,10
490,0.030000,2,walk,2,walk,4,run,0,0,0,0.794291,0.970465,1,0,1,0.005000,10
491,0.030000,2,walk,2,walk,2,walk,0,0,0,0.990950,0.504522,1,1,0,0.005000,10
492,0.030000,2,walk,2,walk,0,lie down,0,0,0,0.567687,0.994153,1,0,1,0.005000,10
493,0.030000,2,walk,2,walk,4,run,0,0,0,0.974290,0.823143,1,0,1,0.005000,10
494,0.030000,2,walk,2,walk,0,lie down,0,0,0,0.943197,0.855447,1,0,1,0.005000,10
495,0.030000,2,walk,2,walk,5,sit down,0,0,0,0.918762,0.798661,1,0,1,0.005000,10
496,0.030000,0,lie down,0,lie down,5,sit down,0,0,0,0.656278,0.891538,1,0,1,0.005000,10
497,0.030000,0,lie down,3,pickup,3,pickup,0,0,0,0.935399,0.965247,0,0,0,0.005000,10
498,0.030000,0,lie down,0,lie down,6,stand up,0,0,0,0.994240,0.864024,1,0,1,0.005000,10
499,0.030000,0,lie down,5,sit down,2,walk,0,0,0,0.616404,0.939451,0,0,1,0.005000,10
500,0.030000,0,lie down,0,lie down,0,lie down,0,0,0,0.995310,0.930513,1,1,0,0.005000,10
501,0.030000,0,lie down,5,sit down,2,walk,0,0,0,0.594701,0.952249,0,0,1,0.005000,10
502,0.030000,0,lie down,0,lie down,2,walk,0,0,0,0.646840,0.793085,1,0,1,0.005000,10
503,0.030000,0,lie down,0,lie down,2,walk,0,0,0,0.936014,0.944352,1,0,1,0.005000,10
504,0.030000,0,lie down,5,sit down,5,sit down,0,0,0,0.538361,0.925351,0,0,0,0.005000,10
505,0.030000,0,lie down,3,pickup,3,pickup,0,0,0,0.501068,0.954635,0,0,0,0.005000,10
506,0.030000,0,lie down,0,lie down,3,pickup,0,0,0,0.942584,0.905108,1,0,1,0.005000,10
507,0.030000,0,lie down,2,walk,4,run,0,0,0,0.511886,0.983325,0,0,1,0.005000,10
508,0.030000,0,lie down,3,pickup,3,pickup,0,0,0,0.667235,0.951215,0,0,0,0.005000,10
509,0.030000,0,lie down,0,lie down,3,pickup,0,0,0,0.885717,0.929401,1,0,1,0.005000,10
510,0.030000,0,lie down,0,lie down,6,stand up,0,0,0,0.899589,0.855426,1,0,1,0.005000,10
511,0.030000,0,lie down,5,sit down,5,sit down,0,0,0,0.639909,0.936427,0,0,0,0.005000,10
512,0.030000,0,lie down,5,sit down,2,walk,0,0,0,0.475637,0.893536,0,0,1,0.005000,10
513,0.030000,0,lie down,0,lie down,5,sit down,0,0,0,0.483633,0.785837,1,0,1,0.005000,10
514,0.030000,0,lie down,0,lie down,2,walk,0,0,0,0.516491,0.961501,1,0,1,0.005000,10
515,0.030000,0,lie down,0,lie down,5,sit down,0,0,0,0.990638,0.873473,1,0,1,0.005000,10
516,0.030000,0,lie down,0,lie down,6,stand up,0,0,0,0.641743,0.952092,1,0,1,0.005000,10
517,0.030000,0,lie down,0,lie down,5,sit down,0,0,0,0.950210,0.887546,1,0,1,0.005000,10
518,0.030000,0,lie down,0,lie down,5,sit down,0,0,0,0.961987,0.795702,1,0,1,0.005000,10
519,0.030000,0,lie down,0,lie down,5,sit down,0,0,0,0.618233,0.775633,1,0,1,0.005000,10
520,0.030000,0,lie down,0,lie down,3,pickup,0,0,0,0.952299,0.845418,1,0,1,0.005000,10
521,0.030000,0,lie down,0,lie down,5,sit down,0,0,0,0.832049,0.885458,1,0,1,0.005000,10
522,0.030000,0,lie down,0,lie down,1,fall,0,0,1,0.941201,0.989445,1,0,1,0.005000,10
523,0.030000,0,lie down,0,lie down,5,sit down,0,0,0,0.959569,0.837783,1,0,1,0.005000,10
524,0.030000,0,lie down,0,lie down,4,run,0,0,0,0.728451,0.619892,1,0,1,0.005000,10
525,0.030000,0,lie down,0,lie down,6,stand up,0,0,0,0.392554,0.925214,1,0,1,0.005000,10
526,0.030000,0,lie down,0,lie down,5,sit down,0,0,0,0.617879,0.882565,1,0,1,0.005000,10
527,0.030000,0,lie down,0,lie down,3,pickup,0,0,0,0.948522,0.812203,1,0,1,0.005000,10
528,0.030000,0,lie down,0,lie down,0,lie down,0,0,0,0.731038,0.644302,1,1,0,0.005000,10
529,0.030000,0,lie down,5,sit down,5,sit down,0,0,0,0.810299,0.940793,0,0,0,0.005000,10
530,0.030000,0,lie down,3,pickup,3,pickup,0,0,0,0.634336,0.955971,0,0,0,0.005000,10
531,0.030000,0,lie down,5,sit down,5,sit down,0,0,0,0.644413,0.903285,0,0,0,0.005000,10
532,0.030000,0,lie down,0,lie down,3,pickup,0,0,0,0.978774,0.955601,1,0,1,0.005000,10
533,0.030000,0,lie down,0,lie down,6,stand up,0,0,0,0.980076,0.968198,1,0,1,0.005000,10
534,0.030000,0,lie down,0,lie down,6,stand up,0,0,0,0.990781,0.964964,1,0,1,0.005000,10
535,0.030000,0,lie down,0,lie down,4,run,0,0,0,0.671833,0.702336,1,0,1,0.005000,10
536,0.030000,0,lie down,0,lie down,5,sit down,0,0,0,0.850084,0.580878,1,0,1,0.005000,10
537,0.030000,0,lie down,0,lie down,4,run,0,0,0,0.642931,0.574848,1,0,1,0.005000,10
538,0.030000,0,lie down,0,lie down,6,stand up,0,0,0,0.993869,0.930594,1,0,1,0.005000,10
539,0.030000,0,lie down,0,lie down,5,sit down,0,0,0,0.995067,0.902565,1,0,1,0.005000,10
540,0.030000,0,lie down,0,lie down,2,walk,0,0,0,0.693545,0.661753,1,0,1,0.005000,10
541,0.030000,0,lie down,0,lie down,6,stand up,0,0,0,0.910836,0.626664,1,0,1,0.005000,10
542,0.030000,0,lie down,0,lie down,3,pickup,0,0,0,0.943005,0.860098,1,0,1,0.005000,10
543,0.030000,0,lie down,0,lie down,5,sit down,0,0,0,0.738147,0.924334,1,0,1,0.005000,10
544,0.030000,0,lie down,0,lie down,6,stand up,0,0,0,0.993039,0.955532,1,0,1,0.005000,10
545,0.030000,0,lie down,0,lie down,4,run,0,0,0,0.823611,0.975541,1,0,1,0.005000,10
546,0.030000,0,lie down,5,sit down,5,sit down,0,0,0,0.756135,0.877747,0,0,0,0.005000,10
547,0.030000,0,lie down,0,lie down,5,sit down,0,0,0,0.992733,0.829849,1,0,1,0.005000,10
548,0.030000,0,lie down,5,sit down,5,sit down,0,0,0,0.757064,0.916640,0,0,0,0.005000,10
549,0.030000,0,lie down,2,walk,4,run,0,0,0,0.729388,0.959636,0,0,1,0.005000,10
550,0.030000,0,lie down,0,lie down,5,sit down,0,0,0,0.958277,0.869041,1,0,1,0.005000,10
551,0.030000,0,lie down,0,lie down,2,walk,0,0,0,0.918434,0.940418,1,0,1,0.005000,10
552,0.030000,0,lie down,0,lie down,5,sit down,0,0,0,0.557876,0.864290,1,0,1,0.005000,10
553,0.030000,0,lie down,0,lie down,4,run,0,0,0,0.465253,0.976970,1,0,1,0.005000,10
554,0.030000,0,lie down,0,lie down,5,sit down,0,0,0,0.980488,0.862025,1,0,1,0.005000,10
555,0.030000,0,lie down,5,sit down,5,sit down,0,0,0,0.634661,0.918162,0,0,0,0.005000,10
556,0.030000,0,lie down,2,walk,4,run,0,0,0,0.555427,0.952613,0,0,1,0.005000,10
557,0.030000,0,lie down,0,lie down,4,run,0,0,0,0.818606,0.870460,1,0,1,0.005000,10
558,0.030000,0,lie down,5,sit down,5,sit down,0,0,0,0.763934,0.919028,0,0,0,0.005000,10
559,0.030000,0,lie down,0,lie down,6,stand up,0,0,0,0.758124,0.456353,1,0,1,0.005000,10
560,0.030000,0,lie down,0,lie down,3,pickup,0,0,0,0.955596,0.872976,1,0,1,0.005000,10
561,0.030000,0,lie down,0,lie down,5,sit down,0,0,0,0.801720,0.792078,1,0,1,0.005000,10
562,0.030000,1,fall,1,fall,3,pickup,1,1,0,0.960220,0.873397,1,0,1,0.005000,10
563,0.030000,1,fall,1,fall,0,lie down,1,1,0,0.950935,0.919286,1,0,1,0.005000,10
564,0.030000,1,fall,1,fall,0,lie down,1,1,0,0.889522,0.933292,1,0,1,0.005000,10
565,0.030000,1,fall,1,fall,6,stand up,1,1,0,0.733707,0.939493,1,0,1,0.005000,10
566,0.030000,1,fall,1,fall,6,stand up,1,1,0,0.945091,0.481804,1,0,1,0.005000,10
567,0.030000,1,fall,1,fall,5,sit down,1,1,0,0.728627,0.788582,1,0,1,0.005000,10
568,0.030000,1,fall,1,fall,1,fall,1,1,1,0.983106,0.352536,1,1,0,0.005000,10
569,0.030000,1,fall,1,fall,2,walk,1,1,0,0.878209,0.726091,1,0,1,0.005000,10
570,0.030000,1,fall,1,fall,0,lie down,1,1,0,0.958099,0.988473,1,0,1,0.005000,10
571,0.030000,1,fall,1,fall,2,walk,1,1,0,0.987520,0.794945,1,0,1,0.005000,10
572,0.030000,1,fall,1,fall,0,lie down,1,1,0,0.978103,0.926546,1,0,1,0.005000,10
573,0.030000,1,fall,1,fall,6,stand up,1,1,0,0.809946,0.826316,1,0,1,0.005000,10
574,0.030000,1,fall,1,fall,2,walk,1,1,0,0.856220,0.609061,1,0,1,0.005000,10
575,0.030000,1,fall,1,fall,0,lie down,1,1,0,0.917637,0.964891,1,0,1,0.005000,10
576,0.030000,1,fall,1,fall,0,lie down,1,1,0,0.969110,0.427899,1,0,1,0.005000,10
577,0.030000,1,fall,1,fall,0,lie down,1,1,0,0.893749,0.824151,1,0,1,0.005000,10
578,0.030000,1,fall,1,fall,6,stand up,1,1,0,0.959177,0.698991,1,0,1,0.005000,10
579,0.030000,1,fall,1,fall,2,walk,1,1,0,0.912128,0.979691,1,0,1,0.005000,10
580,0.030000,1,fall,1,fall,6,stand up,1,1,0,0.875591,0.791189,1,0,1,0.005000,10
581,0.030000,1,fall,1,fall,6,stand up,1,1,0,0.953017,0.953677,1,0,1,0.005000,10
582,0.030000,1,fall,1,fall,2,walk,1,1,0,0.948254,0.886842,1,0,1,0.005000,10
583,0.030000,1,fall,2,walk,2,walk,1,0,0,0.554574,0.978252,0,0,0,0.005000,10
584,0.030000,1,fall,1,fall,6,stand up,1,1,0,0.869537,0.754090,1,0,1,0.005000,10
585,0.030000,1,fall,1,fall,0,lie down,1,1,0,0.552158,0.650647,1,0,1,0.005000,10
586,0.030000,1,fall,1,fall,3,pickup,1,1,0,0.969032,0.619366,1,0,1,0.005000,10
587,0.030000,1,fall,1,fall,2,walk,1,1,0,0.961769,0.332235,1,0,1,0.005000,10
588,0.030000,1,fall,1,fall,6,stand up,1,1,0,0.729123,0.938568,1,0,1,0.005000,10
589,0.030000,1,fall,1,fall,6,stand up,1,1,0,0.960166,0.887128,1,0,1,0.005000,10
590,0.030000,1,fall,1,fall,5,sit down,1,1,0,0.962774,0.522136,1,0,1,0.005000,10
591,0.030000,1,fall,1,fall,0,lie down,1,1,0,0.951444,0.423377,1,0,1,0.005000,10
592,0.030000,1,fall,1,fall,2,walk,1,1,0,0.807123,0.855889,1,0,1,0.005000,10
593,0.030000,1,fall,1,fall,0,lie down,1,1,0,0.974590,0.544098,1,0,1,0.005000,10
594,0.030000,1,fall,1,fall,0,lie down,1,1,0,0.954132,0.948492,1,0,1,0.005000,10
595,0.030000,1,fall,1,fall,4,run,1,1,0,0.973967,0.941792,1,0,1,0.005000,10
596,0.030000,1,fall,1,fall,0,lie down,1,1,0,0.971680,0.932808,1,0,1,0.005000,10
597,0.030000,1,fall,1,fall,4,run,1,1,0,0.974984,0.924417,1,0,1,0.005000,10
598,0.030000,1,fall,1,fall,6,stand up,1,1,0,0.533875,0.784630,1,0,1,0.005000,10
599,0.030000,1,fall,1,fall,0,lie down,1,1,0,0.975430,0.288122,1,0,1,0.005000,10
600,0.030000,1,fall,1,fall,5,sit down,1,1,0,0.967879,0.488214,1,0,1,0.005000,10
601,0.030000,1,fall,2,walk,2,walk,1,0,0,0.846204,0.986422,0,0,0,0.005000,10
602,0.030000,1,fall,2,walk,2,walk,1,0,0,0.486767,0.984655,0,0,0,0.005000,10
603,0.030000,1,fall,1,fall,2,walk,1,1,0,0.967574,0.581653,1,0,1,0.005000,10
604,0.030000,1,fall,1,fall,0,lie down,1,1,0,0.938143,0.940982,1,0,1,0.005000,10
605,0.030000,1,fall,1,fall,6,stand up,1,1,0,0.947403,0.846099,1,0,1,0.005000,10
606,0.030000,1,fall,1,fall,0,lie down,1,1,0,0.972385,0.842026,1,0,1,0.005000,10
607,0.030000,3,pickup,3,pickup,0,lie down,0,0,0,0.926638,0.952158,1,0,1,0.005000,10
608,0.030000,3,pickup,0,lie down,6,stand up,0,0,0,0.639261,0.753964,0,0,1,0.005000,10
609,0.030000,3,pickup,1,fall,1,fall,0,1,1,0.646821,0.981382,0,0,0,0.005000,10
610,0.030000,3,pickup,2,walk,1,fall,0,0,1,0.323773,0.981341,0,0,1,0.005000,10
611,0.030000,3,pickup,5,sit down,5,sit down,0,0,0,0.467410,0.785912,0,0,0,0.005000,10
612,0.030000,3,pickup,2,walk,4,run,0,0,0,0.850343,0.983585,0,0,1,0.005000,10
613,0.030000,3,pickup,3,pickup,0,lie down,0,0,0,0.903970,0.956389,1,0,1,0.005000,10
614,0.030000,3,pickup,1,fall,1,fall,0,1,1,0.811699,0.983034,0,0,0,0.005000,10
615,0.030000,3,pickup,3,pickup,0,lie down,0,0,0,0.919671,0.584072,1,0,1,0.005000,10
616,0.030000,3,pickup,2,walk,2,walk,0,0,0,0.962758,0.978971,0,0,0,0.005000,10
617,0.030000,3,pickup,1,fall,1,fall,0,1,1,0.803089,0.983328,0,0,0,0.005000,10
618,0.030000,3,pickup,3,pickup,3,pickup,0,0,0,0.926788,0.851514,1,1,0,0.005000,10
619,0.030000,3,pickup,1,fall,1,fall,0,1,1,0.708130,0.979040,0,0,0,0.005000,10
620,0.030000,3,pickup,3,pickup,3,pickup,0,0,0,0.945335,0.706762,1,1,0,0.005000,10
621,0.030000,3,pickup,3,pickup,0,lie down,0,0,0,0.908959,0.928621,1,0,1,0.005000,10
622,0.030000,3,pickup,3,pickup,3,pickup,0,0,0,0.945007,0.586189,1,1,0,0.005000,10
623,0.030000,3,pickup,3,pickup,0,lie down,0,0,0,0.927829,0.995821,1,0,1,0.005000,10
624,0.030000,3,pickup,2,walk,2,walk,0,0,0,0.574168,0.681483,0,0,0,0.005000,10
625,0.030000,3,pickup,3,pickup,1,fall,0,0,1,0.663892,0.430810,1,0,1,0.005000,10
626,0.030000,3,pickup,3,pickup,0,lie down,0,0,0,0.933066,0.975699,1,0,1,0.005000,10
627,0.030000,3,pickup,3,pickup,3,pickup,0,0,0,0.949430,0.503642,1,1,0,0.005000,10
628,0.030000,3,pickup,3,pickup,3,pickup,0,0,0,0.936284,0.883037,1,1,0,0.005000,10
629,0.030000,3,pickup,3,pickup,3,pickup,0,0,0,0.890852,0.796099,1,1,0,0.005000,10
630,0.030000,3,pickup,3,pickup,0,lie down,0,0,0,0.939586,0.993025,1,0,1,0.005000,10
631,0.030000,3,pickup,2,walk,2,walk,0,0,0,0.759025,0.977400,0,0,0,0.005000,10
632,0.030000,3,pickup,3,pickup,3,pickup,0,0,0,0.886720,0.728627,1,1,0,0.005000,10
633,0.030000,3,pickup,3,pickup,6,stand up,0,0,0,0.938847,0.393949,1,0,1,0.005000,10
634,0.030000,3,pickup,3,pickup,5,sit down,0,0,0,0.911514,0.797478,1,0,1,0.005000,10
635,0.030000,3,pickup,3,pickup,0,lie down,0,0,0,0.955579,0.967649,1,0,1,0.005000,10
636,0.030000,3,pickup,0,lie down,1,fall,0,0,1,0.311684,0.792976,0,0,1,0.005000,10
637,0.030000,3,pickup,3,pickup,6,stand up,0,0,0,0.953913,0.582651,1,0,1,0.005000,10
638,0.030000,3,pickup,2,walk,0,lie down,0,0,0,0.805944,0.982747,0,0,1,0.005000,10
639,0.030000,3,pickup,6,stand up,1,fall,0,0,1,0.410510,0.976814,0,0,1,0.005000,10
640,0.030000,3,pickup,3,pickup,0,lie down,0,0,0,0.861001,0.899140,1,0,1,0.005000,10
641,0.030000,3,pickup,2,walk,4,run,0,0,0,0.458066,0.992386,0,0,1,0.005000,10
642,0.030000,3,pickup,0,lie down,5,sit down,0,0,0,0.591613,0.901958,0,0,1,0.005000,10
643,0.030000,3,pickup,3,pickup,0,lie down,0,0,0,0.892394,0.953270,1,0,1,0.005000,10
644,0.030000,3,pickup,3,pickup,3,pickup,0,0,0,0.930931,0.829237,1,1,0,0.005000,10
645,0.030000,3,pickup,3,pickup,4,run,0,0,0,0.544218,0.976878,1,0,1,0.005000,10
646,0.030000,3,pickup,3,pickup,0,lie down,0,0,0,0.948521,0.795742,1,0,1,0.005000,10
647,0.030000,3,pickup,3,pickup,1,fall,0,0,1,0.906527,0.861071,1,0,1,0.005000,10
648,0.030000,3,pickup,3,pickup,0,lie down,0,0,0,0.888767,0.789381,1,0,1,0.005000,10
649,0.030000,3,pickup,3,pickup,2,walk,0,0,0,0.623530,0.968669,1,0,1,0.005000,10
650,0.030000,3,pickup,3,pickup,1,fall,0,0,1,0.512513,0.991148,1,0,1,0.005000,10
651,0.030000,3,pickup,3,pickup,2,walk,0,0,0,0.396104,0.910375,1,0,1,0.005000,10
652,0.030000,3,pickup,2,walk,4,run,0,0,0,0.661013,0.878969,0,0,1,0.005000,10
653,0.030000,3,pickup,2,walk,4,run,0,0,0,0.474792,0.989905,0,0,1,0.005000,10
654,0.030000,3,pickup,3,pickup,0,lie down,0,0,0,0.928640,0.987283,1,0,1,0.005000,10
655,0.030000,3,pickup,3,pickup,0,lie down,0,0,0,0.921553,0.895566,1,0,1,0.005000,10
656,0.030000,3,pickup,1,fall,1,fall,0,1,1,0.368431,0.980836,0,0,0,0.005000,10
657,0.030000,4,run,4,run,0,lie down,0,0,0,0.525789,0.710504,1,0,1,0.005000,10
658,0.030000,4,run,2,walk,5,sit down,0,0,0,0.837642,0.608265,0,0,1,0.005000,10
659,0.030000,4,run,4,run,0,lie down,0,0,0,0.465308,0.744510,1,0,1,0.005000,10
660,0.030000,4,run,4,run,0,lie down,0,0,0,0.895065,0.934583,1,0,1,0.005000,10
661,0.030000,4,run,4,run,1,fall,0,0,1,0.694886,0.942378,1,0,1,0.005000,10
662,0.030000,4,run,4,run,0,lie down,0,0,0,0.952231,0.428880,1,0,1,0.005000,10
663,0.030000,4,run,4,run,0,lie down,0,0,0,0.612633,0.973517,1,0,1,0.005000,10
664,0.030000,4,run,4,run,0,lie down,0,0,0,0.991071,0.944214,1,0,1,0.005000,10
665,0.030000,4,run,4,run,2,walk,0,0,0,0.879873,0.960519,1,0,1,0.005000,10
666,0.030000,4,run,4,run,3,pickup,0,0,0,0.976489,0.769800,1,0,1,0.005000,10
667,0.030000,4,run,4,run,0,lie down,0,0,0,0.436987,0.745239,1,0,1,0.005000,10
668,0.030000,4,run,4,run,0,lie down,0,0,0,0.986150,0.703249,1,0,1,0.005000,10
669,0.030000,4,run,4,run,1,fall,0,0,1,0.964075,0.919764,1,0,1,0.005000,10
670,0.030000,4,run,4,run,0,lie down,0,0,0,0.664173,0.876266,1,0,1,0.005000,10
671,0.030000,4,run,4,run,1,fall,0,0,1,0.970266,0.970082,1,0,1,0.005000,10
672,0.030000,4,run,4,run,1,fall,0,0,1,0.976232,0.956929,1,0,1,0.005000,10
673,0.030000,4,run,6,stand up,0,lie down,0,0,0,0.358444,0.528360,0,0,1,0.005000,10
674,0.030000,4,run,4,run,0,lie down,0,0,0,0.915278,0.967043,1,0,1,0.005000,10
675,0.030000,4,run,4,run,1,fall,0,0,1,0.865433,0.905433,1,0,1,0.005000,10
676,0.030000,4,run,4,run,1,fall,0,0,1,0.988331,0.936542,1,0,1,0.005000,10
677,0.030000,4,run,0,lie down,0,lie down,0,0,0,0.458316,0.926467,0,0,0,0.005000,10
678,0.030000,4,run,4,run,0,lie down,0,0,0,0.989184,0.964195,1,0,1,0.005000,10
679,0.030000,4,run,4,run,0,lie down,0,0,0,0.534909,0.731944,1,0,1,0.005000,10
680,0.030000,4,run,4,run,1,fall,0,0,1,0.477907,0.961056,1,0,1,0.005000,10
681,0.030000,4,run,4,run,0,lie down,0,0,0,0.940790,0.434250,1,0,1,0.005000,10
682,0.030000,4,run,4,run,2,walk,0,0,0,0.951286,0.424483,1,0,1,0.005000,10
683,0.030000,4,run,4,run,1,fall,0,0,1,0.985513,0.961779,1,0,1,0.005000,10
684,0.030000,4,run,2,walk,2,walk,0,0,0,0.847497,0.854713,0,0,0,0.005000,10
685,0.030000,4,run,4,run,1,fall,0,0,1,0.991918,0.954640,1,0,1,0.005000,10
686,0.030000,4,run,4,run,6,stand up,0,0,0,0.705783,0.367458,1,0,1,0.005000,10
687,0.030000,4,run,4,run,0,lie down,0,0,0,0.546694,0.864397,1,0,1,0.005000,10
688,0.030000,4,run,4,run,1,fall,0,0,1,0.985650,0.952687,1,0,1,0.005000,10
689,0.030000,4,run,4,run,3,pickup,0,0,0,0.987127,0.613266,1,0,1,0.005000,10
690,0.030000,4,run,4,run,3,pickup,0,0,0,0.897002,0.556494,1,0,1,0.005000,10
691,0.030000,4,run,2,walk,0,lie down,0,0,0,0.763500,0.838024,0,0,1,0.005000,10
692,0.030000,4,run,4,run,2,walk,0,0,0,0.986873,0.898872,1,0,1,0.005000,10
693,0.030000,4,run,4,run,0,lie down,0,0,0,0.986523,0.952915,1,0,1,0.005000,10
694,0.030000,4,run,4,run,2,walk,0,0,0,0.992798,0.755072,1,0,1,0.005000,10
695,0.030000,4,run,4,run,5,sit down,0,0,0,0.410138,0.888017,1,0,1,0.005000,10
696,0.030000,4,run,4,run,1,fall,0,0,1,0.811587,0.968512,1,0,1,0.005000,10
697,0.030000,4,run,4,run,2,walk,0,0,0,0.902831,0.556913,1,0,1,0.005000,10
698,0.030000,4,run,4,run,2,walk,0,0,0,0.877491,0.941803,1,0,1,0.005000,10
699,0.030000,4,run,4,run,2,walk,0,0,0,0.886644,0.978039,1,0,1,0.005000,10
700,0.030000,4,run,4,run,2,walk,0,0,0,0.932722,0.809211,1,0,1,0.005000,10
701,0.030000,4,run,4,run,5,sit down,0,0,0,0.972629,0.353054,1,0,1,0.005000,10
702,0.030000,4,run,0,lie down,0,lie down,0,0,0,0.721796,0.810307,0,0,0,0.005000,10
703,0.030000,4,run,4,run,0,lie down,0,0,0,0.871980,0.953884,1,0,1,0.005000,10
704,0.030000,4,run,4,run,3,pickup,0,0,0,0.991813,0.610576,1,0,1,0.005000,10
705,0.030000,4,run,4,run,5,sit down,0,0,0,0.556022,0.452350,1,0,1,0.005000,10
706,0.030000,4,run,2,walk,1,fall,0,0,1,0.596217,0.966575,0,0,1,0.005000,10
707,0.030000,4,run,4,run,3,pickup,0,0,0,0.987292,0.542472,1,0,1,0.005000,10
708,0.030000,4,run,4,run,3,pickup,0,0,0,0.977660,0.599817,1,0,1,0.005000,10
709,0.030000,4,run,4,run,1,fall,0,0,1,0.987849,0.909169,1,0,1,0.005000,10
710,0.030000,4,run,4,run,3,pickup,0,0,0,0.983840,0.581387,1,0,1,0.005000,10
711,0.030000,4,run,4,run,2,walk,0,0,0,0.949945,0.396791,1,0,1,0.005000,10
712,0.030000,4,run,4,run,3,pickup,0,0,0,0.991271,0.679995,1,0,1,0.005000,10
713,0.030000,4,run,4,run,0,lie down,0,0,0,0.948427,0.623956,1,0,1,0.005000,10
714,0.030000,4,run,4,run,1,fall,0,0,1,0.513399,0.941348,1,0,1,0.005000,10
715,0.030000,4,run,4,run,2,walk,0,0,0,0.951704,0.706468,1,0,1,0.005000,10
716,0.030000,4,run,4,run,1,fall,0,0,1,0.796407,0.965347,1,0,1,0.005000,10
717,0.030000,4,run,4,run,2,walk,0,0,0,0.980822,0.446557,1,0,1,0.005000,10
718,0.030000,4,run,4,run,2,walk,0,0,0,0.725292,0.537462,1,0,1,0.005000,10
719,0.030000,4,run,4,run,1,fall,0,0,1,0.991373,0.952261,1,0,1,0.005000,10
720,0.030000,4,run,4,run,1,fall,0,0,1,0.991397,0.956369,1,0,1,0.005000,10
721,0.030000,4,run,4,run,2,walk,0,0,0,0.972016,0.818576,1,0,1,0.005000,10
722,0.030000,4,run,2,walk,0,lie down,0,0,0,0.539924,0.475538,0,0,1,0.005000,10
723,0.030000,4,run,4,run,0,lie down,0,0,0,0.927534,0.937544,1,0,1,0.005000,10
724,0.030000,4,run,4,run,0,lie down,0,0,0,0.991928,0.449119,1,0,1,0.005000,10
725,0.030000,4,run,4,run,5,sit down,0,0,0,0.485803,0.933451,1,0,1,0.005000,10
726,0.030000,4,run,2,walk,0,lie down,0,0,0,0.810343,0.579017,0,0,1,0.005000,10
727,0.030000,4,run,4,run,2,walk,0,0,0,0.621439,0.615356,1,0,1,0.005000,10
728,0.030000,4,run,4,run,1,fall,0,0,1,0.985536,0.954004,1,0,1,0.005000,10
729,0.030000,4,run,4,run,1,fall,0,0,1,0.983241,0.955276,1,0,1,0.005000,10
730,0.030000,4,run,4,run,2,walk,0,0,0,0.939096,0.916927,1,0,1,0.005000,10
731,0.030000,4,run,0,lie down,0,lie down,0,0,0,0.648946,0.943399,0,0,0,0.005000,10
732,0.030000,4,run,4,run,0,lie down,0,0,0,0.770240,0.923987,1,0,1,0.005000,10
733,0.030000,4,run,4,run,1,fall,0,0,1,0.959001,0.908478,1,0,1,0.005000,10
734,0.030000,4,run,4,run,3,pickup,0,0,0,0.990774,0.736468,1,0,1,0.005000,10
735,0.030000,4,run,4,run,1,fall,0,0,1,0.976582,0.957311,1,0,1,0.005000,10
736,0.030000,4,run,4,run,2,walk,0,0,0,0.920552,0.934105,1,0,1,0.005000,10
737,0.030000,4,run,4,run,0,lie down,0,0,0,0.873730,0.912075,1,0,1,0.005000,10
738,0.030000,4,run,4,run,0,lie down,0,0,0,0.857103,0.902448,1,0,1,0.005000,10
739,0.030000,4,run,4,run,0,lie down,0,0,0,0.990406,0.964620,1,0,1,0.005000,10
740,0.030000,4,run,4,run,1,fall,0,0,1,0.950020,0.962329,1,0,1,0.005000,10
741,0.030000,4,run,2,walk,1,fall,0,0,1,0.318969,0.936482,0,0,1,0.005000,10
742,0.030000,4,run,4,run,1,fall,0,0,1,0.838946,0.957546,1,0,1,0.005000,10
743,0.030000,4,run,4,run,0,lie down,0,0,0,0.989219,0.533461,1,0,1,0.005000,10
744,0.030000,4,run,4,run,1,fall,0,0,1,0.963791,0.958270,1,0,1,0.005000,10
745,0.030000,4,run,4,run,0,lie down,0,0,0,0.987107,0.809981,1,0,1,0.005000,10
746,0.030000,4,run,4,run,2,walk,0,0,0,0.663818,0.846943,1,0,1,0.005000,10
747,0.030000,4,run,4,run,2,walk,0,0,0,0.981957,0.803979,1,0,1,0.005000,10
748,0.030000,4,run,4,run,2,walk,0,0,0,0.877347,0.733453,1,0,1,0.005000,10
749,0.030000,4,run,4,run,5,sit down,0,0,0,0.471587,0.937269,1,0,1,0.005000,10
750,0.030000,4,run,4,run,1,fall,0,0,1,0.979416,0.955781,1,0,1,0.005000,10
751,0.030000,4,run,4,run,3,pickup,0,0,0,0.976691,0.496906,1,0,1,0.005000,10
752,0.030000,4,run,4,run,1,fall,0,0,1,0.987587,0.935604,1,0,1,0.005000,10
753,0.030000,4,run,4,run,2,walk,0,0,0,0.881124,0.868474,1,0,1,0.005000,10
754,0.030000,4,run,4,run,0,lie down,0,0,0,0.887476,0.548385,1,0,1,0.005000,10
755,0.030000,4,run,4,run,1,fall,0,0,1,0.957751,0.965746,1,0,1,0.005000,10
756,0.030000,4,run,4,run,2,walk,0,0,0,0.979358,0.772196,1,0,1,0.005000,10
757,0.030000,4,run,4,run,3,pickup,0,0,0,0.965002,0.567956,1,0,1,0.005000,10
758,0.030000,4,run,4,run,1,fall,0,0,1,0.699541,0.957084,1,0,1,0.005000,10
759,0.030000,4,run,4,run,1,fall,0,0,1,0.964986,0.952193,1,0,1,0.005000,10
760,0.030000,4,run,4,run,1,fall,0,0,1,0.936617,0.966363,1,0,1,0.005000,10
761,0.030000,4,run,2,walk,1,fall,0,0,1,0.514839,0.963587,0,0,1,0.005000,10
762,0.030000,4,run,4,run,1,fall,0,0,1,0.980960,0.952354,1,0,1,0.005000,10
763,0.030000,4,run,4,run,0,lie down,0,0,0,0.969984,0.907994,1,0,1,0.005000,10
764,0.030000,4,run,4,run,5,sit down,0,0,0,0.600327,0.856163,1,0,1,0.005000,10
765,0.030000,4,run,4,run,1,fall,0,0,1,0.967117,0.955150,1,0,1,0.005000,10
766,0.030000,4,run,4,run,2,walk,0,0,0,0.936718,0.863798,1,0,1,0.005000,10
767,0.030000,4,run,4,run,1,fall,0,0,1,0.839845,0.964597,1,0,1,0.005000,10
768,0.030000,4,run,4,run,2,walk,0,0,0,0.934669,0.951787,1,0,1,0.005000,10
769,0.030000,4,run,4,run,1,fall,0,0,1,0.985914,0.877801,1,0,1,0.005000,10
770,0.030000,4,run,4,run,0,lie down,0,0,0,0.826421,0.822471,1,0,1,0.005000,10
771,0.030000,4,run,4,run,3,pickup,0,0,0,0.907282,0.777706,1,0,1,0.005000,10
772,0.030000,4,run,5,sit down,5,sit down,0,0,0,0.546090,0.888505,0,0,0,0.005000,10
773,0.030000,4,run,4,run,0,lie down,0,0,0,0.742388,0.962207,1,0,1,0.005000,10
774,0.030000,4,run,4,run,2,walk,0,0,0,0.906362,0.793539,1,0,1,0.005000,10
775,0.030000,4,run,4,run,0,lie down,0,0,0,0.910656,0.946047,1,0,1,0.005000,10
776,0.030000,4,run,4,run,0,lie down,0,0,0,0.764765,0.781169,1,0,1,0.005000,10
777,0.030000,4,run,4,run,1,fall,0,0,1,0.966549,0.965140,1,0,1,0.005000,10
778,0.030000,5,sit down,6,stand up,6,stand up,0,0,0,0.505486,0.921916,0,0,0,0.005000,10
779,0.030000,5,sit down,5,sit down,0,lie down,0,0,0,0.606868,0.753150,1,0,1,0.005000,10
780,0.030000,5,sit down,6,stand up,6,stand up,0,0,0,0.716932,0.891398,0,0,0,0.005000,10
781,0.030000,5,sit down,5,sit down,4,run,0,0,0,0.922484,0.885116,1,0,1,0.005000,10
782,0.030000,5,sit down,1,fall,1,fall,0,1,1,0.662151,0.982577,0,0,0,0.005000,10
783,0.030000,5,sit down,5,sit down,2,walk,0,0,0,0.837667,0.914320,1,0,1,0.005000,10
784,0.030000,5,sit down,5,sit down,5,sit down,0,0,0,0.922907,0.789482,1,1,0,0.005000,10
785,0.030000,5,sit down,6,stand up,3,pickup,0,0,0,0.506522,0.867766,0,0,1,0.005000,10
786,0.030000,5,sit down,5,sit down,4,run,0,0,0,0.661733,0.816750,1,0,1,0.005000,10
787,0.030000,5,sit down,5,sit down,5,sit down,0,0,0,0.838976,0.626191,1,1,0,0.005000,10
788,0.030000,5,sit down,5,sit down,0,lie down,0,0,0,0.638118,0.957446,1,0,1,0.005000,10
789,0.030000,5,sit down,5,sit down,0,lie down,0,0,0,0.786253,0.978804,1,0,1,0.005000,10
790,0.030000,5,sit down,6,stand up,2,walk,0,0,0,0.294309,0.891881,0,0,1,0.005000,10
791,0.030000,5,sit down,5,sit down,5,sit down,0,0,0,0.928982,0.590093,1,1,0,0.005000,10
792,0.030000,5,sit down,5,sit down,0,lie down,0,0,0,0.791238,0.983759,1,0,1,0.005000,10
793,0.030000,5,sit down,5,sit down,0,lie down,0,0,0,0.869360,0.964826,1,0,1,0.005000,10
794,0.030000,5,sit down,5,sit down,2,walk,0,0,0,0.731071,0.932831,1,0,1,0.005000,10
795,0.030000,5,sit down,1,fall,1,fall,0,1,1,0.644734,0.986453,0,0,0,0.005000,10
796,0.030000,5,sit down,5,sit down,4,run,0,0,0,0.791822,0.483271,1,0,1,0.005000,10
797,0.030000,5,sit down,5,sit down,0,lie down,0,0,0,0.915658,0.844025,1,0,1,0.005000,10
798,0.030000,5,sit down,5,sit down,0,lie down,0,0,0,0.820742,0.602323,1,0,1,0.005000,10
799,0.030000,5,sit down,5,sit down,2,walk,0,0,0,0.916142,0.977873,1,0,1,0.005000,10
800,0.030000,5,sit down,5,sit down,0,lie down,0,0,0,0.591074,0.975496,1,0,1,0.005000,10
801,0.030000,5,sit down,5,sit down,0,lie down,0,0,0,0.854595,0.853732,1,0,1,0.005000,10
802,0.030000,5,sit down,5,sit down,4,run,0,0,0,0.875828,0.986538,1,0,1,0.005000,10
803,0.030000,5,sit down,5,sit down,0,lie down,0,0,0,0.913189,0.958077,1,0,1,0.005000,10
804,0.030000,5,sit down,5,sit down,3,pickup,0,0,0,0.458341,0.579916,1,0,1,0.005000,10
805,0.030000,5,sit down,5,sit down,2,walk,0,0,0,0.904245,0.983948,1,0,1,0.005000,10
806,0.030000,5,sit down,5,sit down,0,lie down,0,0,0,0.896224,0.971455,1,0,1,0.005000,10
807,0.030000,5,sit down,5,sit down,0,lie down,0,0,0,0.871055,0.977255,1,0,1,0.005000,10
808,0.030000,5,sit down,5,sit down,5,sit down,0,0,0,0.932307,0.710790,1,1,0,0.005000,10
809,0.030000,5,sit down,4,run,4,run,0,0,0,0.901481,0.998112,0,0,0,0.005000,10
810,0.030000,5,sit down,5,sit down,6,stand up,0,0,0,0.583365,0.886819,1,0,1,0.005000,10
811,0.030000,5,sit down,5,sit down,4,run,0,0,0,0.684807,0.512264,1,0,1,0.005000,10
812,0.030000,5,sit down,6,stand up,4,run,0,0,0,0.398628,0.661167,0,0,1,0.005000,10
813,0.030000,5,sit down,2,walk,4,run,0,0,0,0.859649,0.967966,0,0,1,0.005000,10
814,0.030000,5,sit down,5,sit down,4,run,0,0,0,0.848222,0.980439,1,0,1,0.005000,10
815,0.030000,5,sit down,5,sit down,0,lie down,0,0,0,0.854519,0.643608,1,0,1,0.005000,10
816,0.030000,5,sit down,5,sit down,0,lie down,0,0,0,0.753933,0.969878,1,0,1,0.005000,10
817,0.030000,5,sit down,6,stand up,6,stand up,0,0,0,0.810612,0.919253,0,0,0,0.005000,10
818,0.030000,6,stand up,6,stand up,2,walk,0,0,0,0.957170,0.985527,1,0,1,0.005000,10
819,0.030000,6,stand up,6,stand up,0,lie down,0,0,0,0.948869,0.949950,1,0,1,0.005000,10
820,0.030000,6,stand up,1,fall,1,fall,0,1,1,0.969432,0.992178,0,0,0,0.005000,10
821,0.030000,6,stand up,5,sit down,4,run,0,0,0,0.666508,0.687231,0,0,1,0.005000,10
822,0.030000,6,stand up,5,sit down,2,walk,0,0,0,0.683833,0.930149,0,0,1,0.005000,10
823,0.030000,6,stand up,6,stand up,2,walk,0,0,0,0.852237,0.957895,1,0,1,0.005000,10
824,0.030000,6,stand up,4,run,4,run,0,0,0,0.396320,0.893993,0,0,0,0.005000,10
825,0.030000,6,stand up,6,stand up,2,walk,0,0,0,0.951168,0.986746,1,0,1,0.005000,10
826,0.030000,6,stand up,5,sit down,0,lie down,0,0,0,0.724717,0.868046,0,0,1,0.005000,10
827,0.030000,6,stand up,1,fall,1,fall,0,1,1,0.813518,0.985139,0,0,0,0.005000,10
828,0.030000,6,stand up,1,fall,1,fall,0,1,1,0.462646,0.976002,0,0,0,0.005000,10
829,0.030000,6,stand up,5,sit down,2,walk,0,0,0,0.558905,0.973767,0,0,1,0.005000,10
830,0.030000,6,stand up,6,stand up,0,lie down,0,0,0,0.597557,0.715201,1,0,1,0.005000,10
831,0.030000,6,stand up,6,stand up,0,lie down,0,0,0,0.858456,0.659386,1,0,1,0.005000,10
832,0.030000,6,stand up,6,stand up,4,run,0,0,0,0.545782,0.730133,1,0,1,0.005000,10
833,0.030000,6,stand up,6,stand up,0,lie down,0,0,0,0.471272,0.989566,1,0,1,0.005000,10
834,0.030000,6,stand up,6,stand up,1,fall,0,0,1,0.936725,0.969289,1,0,1,0.005000,10
835,0.030000,6,stand up,6,stand up,5,sit down,0,0,0,0.345168,0.760412,1,0,1,0.005000,10
836,0.030000,6,stand up,4,run,4,run,0,0,0,0.451370,0.760925,0,0,0,0.005000,10
837,0.030000,6,stand up,5,sit down,5,sit down,0,0,0,0.688066,0.809901,0,0,0,0.005000,10
838,0.030000,6,stand up,6,stand up,1,fall,0,0,1,0.692339,0.962282,1,0,1,0.005000,10
839,0.030000,6,stand up,6,stand up,1,fall,0,0,1,0.903511,0.979339,1,0,1,0.005000,10
840,0.030000,6,stand up,6,stand up,5,sit down,0,0,0,0.711265,0.769663,1,0,1,0.005000,10
841,0.030000,6,stand up,1,fall,1,fall,0,1,1,0.556595,0.985931,0,0,0,0.005000,10
842,0.030000,6,stand up,6,stand up,0,lie down,0,0,0,0.953294,0.951519,1,0,1,0.005000,10
843,0.030000,6,stand up,6,stand up,1,fall,0,0,1,0.815476,0.987286,1,0,1,0.005000,10
844,0.030000,6,stand up,6,stand up,0,lie down,0,0,0,0.957280,0.984064,1,0,1,0.005000,10
845,0.030000,6,stand up,6,stand up,2,walk,0,0,0,0.953643,0.986668,1,0,1,0.005000,10
846,0.030000,6,stand up,1,fall,1,fall,0,1,1,0.959726,0.991189,0,0,0,0.005000,10
847,0.030000,6,stand up,6,stand up,1,fall,0,0,1,0.389302,0.983736,1,0,1,0.005000,10
848,0.030000,6,stand up,6,stand up,1,fall,0,0,1,0.515307,0.989042,1,0,1,0.005000,10
849,0.030000,2,walk,2,walk,4,run,0,0,0,0.827491,0.986931,1,0,1,0.005000,10
850,0.030000,2,walk,2,walk,4,run,0,0,0,0.972799,0.877584,1,0,1,0.005000,10
851,0.030000,2,walk,2,walk,4,run,0,0,0,0.972243,0.867480,1,0,1,0.005000,10
852,0.030000,2,walk,4,run,4,run,0,0,0,0.762934,0.982604,0,0,0,0.005000,10
853,0.030000,2,walk,2,walk,0,lie down,0,0,0,0.853046,0.490055,1,0,1,0.005000,10
854,0.030000,2,walk,2,walk,4,run,0,0,0,0.648187,0.983600,1,0,1,0.005000,10
855,0.030000,2,walk,2,walk,4,run,0,0,0,0.910540,0.984168,1,0,1,0.005000,10
856,0.030000,2,walk,2,walk,1,fall,0,0,1,0.877559,0.911949,1,0,1,0.005000,10
857,0.030000,2,walk,2,walk,5,sit down,0,0,0,0.832689,0.459147,1,0,1,0.005000,10
858,0.030000,2,walk,2,walk,4,run,0,0,0,0.875885,0.977803,1,0,1,0.005000,10
859,0.030000,2,walk,4,run,4,run,0,0,0,0.683405,0.985247,0,0,0,0.005000,10
860,0.030000,2,walk,2,walk,1,fall,0,0,1,0.892181,0.955850,1,0,1,0.005000,10
861,0.030000,2,walk,5,sit down,0,lie down,0,0,0,0.502152,0.946852,0,0,1,0.005000,10
862,0.030000,2,walk,2,walk,4,run,0,0,0,0.895286,0.935383,1,0,1,0.005000,10
863,0.030000,2,walk,2,walk,0,lie down,0,0,0,0.958456,0.928909,1,0,1,0.005000,10
864,0.030000,2,walk,2,walk,4,run,0,0,0,0.961405,0.790108,1,0,1,0.005000,10
865,0.030000,2,walk,2,walk,4,run,0,0,0,0.955004,0.865163,1,0,1,0.005000,10
866,0.030000,2,walk,5,sit down,5,sit down,0,0,0,0.463421,0.905677,0,0,0,0.005000,10
867,0.030000,2,walk,2,walk,4,run,0,0,0,0.880062,0.970546,1,0,1,0.005000,10
868,0.030000,2,walk,2,walk,1,fall,0,0,1,0.802996,0.985308,1,0,1,0.005000,10
869,0.030000,2,walk,2,walk,0,lie down,0,0,0,0.496787,0.535403,1,0,1,0.005000,10
870,0.030000,2,walk,2,walk,4,run,0,0,0,0.941783,0.976040,1,0,1,0.005000,10
871,0.030000,2,walk,2,walk,0,lie down,0,0,0,0.934017,0.918187,1,0,1,0.005000,10
872,0.030000,2,walk,2,walk,4,run,0,0,0,0.962154,0.946013,1,0,1,0.005000,10
873,0.030000,2,walk,2,walk,4,run,0,0,0,0.922104,0.845600,1,0,1,0.005000,10
874,0.030000,2,walk,2,walk,4,run,0,0,0,0.974467,0.497616,1,0,1,0.005000,10
875,0.030000,2,walk,1,fall,6,stand up,0,1,0,0.664600,0.620593,0,0,1,0.005000,10
876,0.030000,2,walk,3,pickup,0,lie down,0,0,0,0.545612,0.986423,0,0,1,0.005000,10
877,0.030000,2,walk,2,walk,0,lie down,0,0,0,0.971826,0.966024,1,0,1,0.005000,10
878,0.030000,2,walk,2,walk,4,run,0,0,0,0.755693,0.982806,1,0,1,0.005000,10
879,0.030000,2,walk,2,walk,4,run,0,0,0,0.847548,0.879599,1,0,1,0.005000,10
880,0.030000,2,walk,2,walk,4,run,0,0,0,0.747610,0.992700,1,0,1,0.005000,10
881,0.030000,2,walk,4,run,4,run,0,0,0,0.888465,0.985317,0,0,0,0.005000,10
882,0.030000,2,walk,2,walk,4,run,0,0,0,0.792293,0.967043,1,0,1,0.005000,10
883,0.030000,2,walk,2,walk,4,run,0,0,0,0.940594,0.980095,1,0,1,0.005000,10
884,0.030000,2,walk,2,walk,0,lie down,0,0,0,0.777377,0.992332,1,0,1,0.005000,10
885,0.030000,2,walk,2,walk,4,run,0,0,0,0.971520,0.734452,1,0,1,0.005000,10
886,0.030000,2,walk,2,walk,4,run,0,0,0,0.944903,0.867594,1,0,1,0.005000,10
887,0.030000,2,walk,5,sit down,5,sit down,0,0,0,0.575960,0.931893,0,0,0,0.005000,10
888,0.030000,2,walk,2,walk,4,run,0,0,0,0.903857,0.939831,1,0,1,0.005000,10
889,0.030000,2,walk,2,walk,4,run,0,0,0,0.845382,0.968039,1,0,1,0.005000,10
890,0.030000,2,walk,4,run,4,run,0,0,0,0.867545,0.984187,0,0,0,0.005000,10
891,0.030000,2,walk,2,walk,4,run,0,0,0,0.474711,0.985207,1,0,1,0.005000,10
892,0.030000,2,walk,2,walk,1,fall,0,0,1,0.959940,0.950946,1,0,1,0.005000,10
893,0.030000,2,walk,2,walk,4,run,0,0,0,0.948329,0.915330,1,0,1,0.005000,10
894,0.030000,2,walk,2,walk,0,lie down,0,0,0,0.704084,0.971929,1,0,1,0.005000,10
895,0.030000,2,walk,2,walk,4,run,0,0,0,0.886714,0.895129,1,0,1,0.005000,10
896,0.030000,2,walk,2,walk,4,run,0,0,0,0.978642,0.640386,1,0,1,0.005000,10
897,0.030000,2,walk,2,walk,0,lie down,0,0,0,0.907363,0.977346,1,0,1,0.005000,10
898,0.030000,2,walk,2,walk,4,run,0,0,0,0.938303,0.976597,1,0,1,0.005000,10
899,0.030000,2,walk,2,walk,4,run,0,0,0,0.826815,0.966406,1,0,1,0.005000,10
900,0.030000,2,walk,2,walk,0,lie down,0,0,0,0.736313,0.995910,1,0,1,0.005000,10
901,0.030000,2,walk,2,walk,4,run,0,0,0,0.979628,0.853426,1,0,1,0.005000,10
902,0.030000,2,walk,2,walk,4,run,0,0,0,0.961518,0.971298,1,0,1,0.005000,10
903,0.030000,2,walk,2,walk,4,run,0,0,0,0.962842,0.978523,1,0,1,0.005000,10
904,0.030000,2,walk,4,run,4,run,0,0,0,0.850241,0.987738,0,0,0,0.005000,10
905,0.030000,2,walk,2,walk,1,fall,0,0,1,0.918581,0.974568,1,0,1,0.005000,10
906,0.030000,2,walk,2,walk,4,run,0,0,0,0.935142,0.942809,1,0,1,0.005000,10
907,0.030000,2,walk,2,walk,1,fall,0,0,1,0.956822,0.760337,1,0,1,0.005000,10
908,0.030000,2,walk,2,walk,4,run,0,0,0,0.753691,0.974351,1,0,1,0.005000,10
909,0.030000,2,walk,2,walk,5,sit down,0,0,0,0.926294,0.870014,1,0,1,0.005000,10
910,0.030000,2,walk,2,walk,1,fall,0,0,1,0.863622,0.970913,1,0,1,0.005000,10
911,0.030000,2,walk,2,walk,1,fall,0,0,1,0.886975,0.962491,1,0,1,0.005000,10
912,0.030000,2,walk,2,walk,0,lie down,0,0,0,0.379204,0.942340,1,0,1,0.005000,10
913,0.030000,2,walk,2,walk,4,run,0,0,0,0.962883,0.965111,1,0,1,0.005000,10
914,0.030000,2,walk,2,walk,4,run,0,0,0,0.508036,0.973813,1,0,1,0.005000,10
915,0.030000,2,walk,2,walk,5,sit down,0,0,0,0.880372,0.822266,1,0,1,0.005000,10
916,0.030000,2,walk,2,walk,1,fall,0,0,1,0.967801,0.967336,1,0,1,0.005000,10
917,0.030000,2,walk,2,walk,1,fall,0,0,1,0.620117,0.989327,1,0,1,0.005000,10
918,0.030000,2,walk,4,run,4,run,0,0,0,0.698299,0.992006,0,0,0,0.005000,10
919,0.030000,2,walk,2,walk,4,run,0,0,0,0.940272,0.975013,1,0,1,0.005000,10
920,0.030000,2,walk,2,walk,4,run,0,0,0,0.830657,0.979255,1,0,1,0.005000,10
921,0.030000,2,walk,4,run,4,run,0,0,0,0.684635,0.983769,0,0,0,0.005000,10
922,0.030000,2,walk,2,walk,4,run,0,0,0,0.907359,0.967057,1,0,1,0.005000,10
923,0.030000,2,walk,4,run,4,run,0,0,0,0.770470,0.977764,0,0,0,0.005000,10
924,0.030000,2,walk,2,walk,0,lie down,0,0,0,0.963054,0.934353,1,0,1,0.005000,10
925,0.030000,2,walk,2,walk,4,run,0,0,0,0.948391,0.939271,1,0,1,0.005000,10
926,0.030000,2,walk,2,walk,4,run,0,0,0,0.784693,0.946011,1,0,1,0.005000,10
927,0.030000,2,walk,2,walk,4,run,0,0,0,0.923106,0.955839,1,0,1,0.005000,10
928,0.030000,2,walk,2,walk,3,pickup,0,0,0,0.634498,0.779938,1,0,1,0.005000,10
929,0.030000,2,walk,4,run,4,run,0,0,0,0.688186,0.983016,0,0,0,0.005000,10
930,0.030000,2,walk,2,walk,5,sit down,0,0,0,0.810399,0.895833,1,0,1,0.005000,10
931,0.030000,2,walk,2,walk,4,run,0,0,0,0.966455,0.817359,1,0,1,0.005000,10
932,0.030000,2,walk,2,walk,4,run,0,0,0,0.808125,0.982344,1,0,1,0.005000,10
933,0.030000,2,walk,2,walk,0,lie down,0,0,0,0.561326,0.910544,1,0,1,0.005000,10
934,0.030000,2,walk,2,walk,4,run,0,0,0,0.925415,0.985257,1,0,1,0.005000,10
935,0.030000,2,walk,2,walk,4,run,0,0,0,0.964925,0.692936,1,0,1,0.005000,10
936,0.030000,2,walk,2,walk,4,run,0,0,0,0.936749,0.961665,1,0,1,0.005000,10
937,0.030000,2,walk,2,walk,0,lie down,0,0,0,0.883219,0.878672,1,0,1,0.005000,10
938,0.030000,2,walk,2,walk,4,run,0,0,0,0.847694,0.991541,1,0,1,0.005000,10
939,0.030000,2,walk,2,walk,1,fall,0,0,1,0.803888,0.965807,1,0,1,0.005000,10
940,0.030000,2,walk,2,walk,4,run,0,0,0,0.927994,0.966766,1,0,1,0.005000,10
941,0.030000,2,walk,2,walk,0,lie down,0,0,0,0.901527,0.883364,1,0,1,0.005000,10
942,0.030000,2,walk,2,walk,0,lie down,0,0,0,0.984961,0.936153,1,0,1,0.005000,10
943,0.030000,2,walk,2,walk,4,run,0,0,0,0.970540,0.868099,1,0,1,0.005000,10
944,0.030000,2,walk,2,walk,5,sit down,0,0,0,0.918453,0.743540,1,0,1,0.005000,10
945,0.030000,2,walk,4,run,4,run,0,0,0,0.750754,0.983249,0,0,0,0.005000,10
946,0.030000,2,walk,2,walk,4,run,0,0,0,0.683163,0.963453,1,0,1,0.005000,10
947,0.030000,2,walk,2,walk,4,run,0,0,0,0.885183,0.988074,1,0,1,0.005000,10
948,0.030000,2,walk,2,walk,1,fall,0,0,1,0.943666,0.954985,1,0,1,0.005000,10
949,0.030000,2,walk,2,walk,4,run,0,0,0,0.951001,0.961455,1,0,1,0.005000,10
950,0.030000,2,walk,2,walk,4,run,0,0,0,0.975079,0.445681,1,0,1,0.005000,10
951,0.030000,2,walk,2,walk,0,lie down,0,0,0,0.974661,0.920393,1,0,1,0.005000,10
952,0.030000,2,walk,1,fall,0,lie down,0,1,0,0.478566,0.947262,0,0,1,0.005000,10
953,0.030000,2,walk,2,walk,5,sit down,0,0,0,0.917657,0.454781,1,0,1,0.005000,10
954,0.030000,2,walk,2,walk,4,run,0,0,0,0.966280,0.576712,1,0,1,0.005000,10
955,0.030000,2,walk,2,walk,6,stand up,0,0,0,0.982763,0.533530,1,0,1,0.005000,10
956,0.030000,2,walk,1,fall,0,lie down,0,1,0,0.449671,0.911018,0,0,1,0.005000,10
957,0.030000,2,walk,2,walk,0,lie down,0,0,0,0.945141,0.844663,1,0,1,0.005000,10
958,0.030000,2,walk,2,walk,0,lie down,0,0,0,0.934271,0.621258,1,0,1,0.005000,10
959,0.030000,2,walk,2,walk,4,run,0,0,0,0.879621,0.960520,1,0,1,0.005000,10
960,0.030000,2,walk,4,run,4,run,0,0,0,0.504646,0.985502,0,0,0,0.005000,10
961,0.030000,2,walk,2,walk,4,run,0,0,0,0.884015,0.978724,1,0,1,0.005000,10
962,0.030000,2,walk,2,walk,4,run,0,0,0,0.938553,0.931063,1,0,1,0.005000,10
963,0.030000,2,walk,2,walk,4,run,0,0,0,0.927156,0.971746,1,0,1,0.005000,10
964,0.030000,2,walk,2,walk,4,run,0,0,0,0.945889,0.929934,1,0,1,0.005000,10
965,0.030000,2,walk,2,walk,1,fall,0,0,1,0.726902,0.986722,1,0,1,0.005000,10
966,0.030000,2,walk,2,walk,0,lie down,0,0,0,0.760196,0.995150,1,0,1,0.005000,10
967,0.030000,2,walk,2,walk,1,fall,0,0,1,0.874760,0.967600,1,0,1,0.005000,10
968,0.030000,2,walk,2,walk,4,run,0,0,0,0.879122,0.953091,1,0,1,0.005000,10
969,0.030000,2,walk,2,walk,5,sit down,0,0,0,0.873408,0.708242,1,0,1,0.005000,10
970,0.030000,2,walk,2,walk,4,run,0,0,0,0.918833,0.982179,1,0,1,0.005000,10
971,0.030000,2,walk,2,walk,4,run,0,0,0,0.909553,0.972280,1,0,1,0.005000,10
972,0.030000,2,walk,4,run,5,sit down,0,0,0,0.774666,0.870703,0,0,1,0.005000,10
973,0.030000,2,walk,2,walk,4,run,0,0,0,0.507117,0.981541,1,0,1,0.005000,10
974,0.030000,2,walk,4,run,4,run,0,0,0,0.500060,0.977004,0,0,0,0.005000,10
975,0.030000,2,walk,2,walk,1,fall,0,0,1,0.887136,0.969209,1,0,1,0.005000,10
976,0.030000,2,walk,2,walk,0,lie down,0,0,0,0.962529,0.963654,1,0,1,0.005000,10
977,0.030000,2,walk,2,walk,4,run,0,0,0,0.910605,0.972632,1,0,1,0.005000,10
978,0.030000,2,walk,2,walk,4,run,0,0,0,0.910898,0.983915,1,0,1,0.005000,10
979,0.030000,2,walk,2,walk,0,lie down,0,0,0,0.980257,0.531413,1,0,1,0.005000,10
980,0.030000,2,walk,2,walk,4,run,0,0,0,0.861127,0.985048,1,0,1,0.005000,10
981,0.030000,2,walk,2,walk,4,run,0,0,0,0.967512,0.931835,1,0,1,0.005000,10
982,0.030000,2,walk,2,walk,4,run,0,0,0,0.969519,0.969069,1,0,1,0.005000,10
983,0.030000,2,walk,2,walk,4,run,0,0,0,0.906295,0.956897,1,0,1,0.005000,10
984,0.030000,2,walk,2,walk,4,run,0,0,0,0.921753,0.982604,1,0,1,0.005000,10
985,0.030000,2,walk,2,walk,4,run,0,0,0,0.938577,0.977389,1,0,1,0.005000,10
986,0.030000,2,walk,4,run,4,run,0,0,0,0.506505,0.981141,0,0,0,0.005000,10
987,0.030000,2,walk,2,walk,4,run,0,0,0,0.976177,0.887309,1,0,1,0.005000,10
988,0.030000,2,walk,2,walk,4,run,0,0,0,0.837583,0.973694,1,0,1,0.005000,10
989,0.030000,2,walk,2,walk,0,lie down,0,0,0,0.966526,0.957483,1,0,1,0.005000,10
990,0.030000,2,walk,2,walk,4,run,0,0,0,0.905856,0.966768,1,0,1,0.005000,10
991,0.030000,2,walk,2,walk,5,sit down,0,0,0,0.945434,0.559935,1,0,1,0.005000,10
992,0.030000,2,walk,2,walk,4,run,0,0,0,0.656138,0.971425,1,0,1,0.005000,10
993,0.030000,2,walk,2,walk,0,lie down,0,0,0,0.812639,0.959054,1,0,1,0.005000,10
994,0.030000,2,walk,2,walk,0,lie down,0,0,0,0.585032,0.993847,1,0,1,0.005000,10
995,0.030000,2,walk,2,walk,2,walk,0,0,0,0.968037,0.699502,1,1,0,0.005000,10
