sample_id,attack_type,epsilon,alpha,pgd_steps,true_label,true_class_name,clean_predicted_label,clean_predicted_class_name,attacked_predicted_label,attacked_predicted_class_name,fall_true_binary,clean_fall_pred_binary,attacked_fall_pred_binary,clean_prediction_confidence,attacked_prediction_confidence,clean_correct,attacked_correct,prediction_changed
0,PGD,0.010000,0.001667,10,0,lie down,0,lie down,2,walk,0,0,0,0.589666,0.562011,1,0,1
1,PGD,0.010000,0.001667,10,0,lie down,4,run,1,fall,0,0,1,0.263273,0.367384,0,0,1
2,PGD,0.010000,0.001667,10,0,lie down,0,lie down,2,walk,0,0,0,0.558541,0.390342,1,0,1
3,PGD,0.010000,0.001667,10,0,lie down,0,lie down,0,lie down,0,0,0,0.864420,0.624985,1,1,0
4,PGD,0.010000,0.001667,10,0,lie down,0,lie down,3,pickup,0,0,0,0.784743,0.716847,1,0,1
5,PGD,0.010000,0.001667,10,0,lie down,0,lie down,3,pickup,0,0,0,0.627632,0.363366,1,0,1
6,PGD,0.010000,0.001667,10,0,lie down,2,walk,2,walk,0,0,0,0.444996,0.606231,0,0,0
7,PGD,0.010000,0.001667,10,0,lie down,0,lie down,3,pickup,0,0,0,0.799697,0.759833,1,0,1
8,PGD,0.010000,0.001667,10,0,lie down,4,run,4,run,0,0,0,0.452642,0.638107,0,0,0
9,PGD,0.010000,0.001667,10,0,lie down,2,walk,2,walk,0,0,0,0.793186,0.933661,0,0,0
10,PGD,0.010000,0.001667,10,0,lie down,0,lie down,4,run,0,0,0,0.701435,0.288616,1,0,1
11,PGD,0.010000,0.001667,10,0,lie down,0,lie down,4,run,0,0,0,0.745687,0.560782,1,0,1
12,PGD,0.010000,0.001667,10,0,lie down,4,run,4,run,0,0,0,0.704482,0.783104,0,0,0
13,PGD,0.010000,0.001667,10,0,lie down,5,sit down,2,walk,0,0,0,0.527962,0.758399,0,0,1
14,PGD,0.010000,0.001667,10,0,lie down,2,walk,2,walk,0,0,0,0.671229,0.790861,0,0,0
15,PGD,0.010000,0.001667,10,0,lie down,4,run,4,run,0,0,0,0.543633,0.807375,0,0,0
16,PGD,0.010000,0.001667,10,0,lie down,0,lie down,3,pickup,0,0,0,0.806932,0.731681,1,0,1
17,PGD,0.010000,0.001667,10,0,lie down,0,lie down,4,run,0,0,0,0.626985,0.328410,1,0,1
18,PGD,0.010000,0.001667,10,0,lie down,2,walk,2,walk,0,0,0,0.617326,0.910821,0,0,0
19,PGD,0.010000,0.001667,10,0,lie down,2,walk,2,walk,0,0,0,0.475665,0.899109,0,0,0
20,PGD,0.010000,0.001667,10,0,lie down,4,run,4,run,0,0,0,0.634295,0.888396,0,0,0
21,PGD,0.010000,0.001667,10,0,lie down,0,lie down,4,run,0,0,0,0.663864,0.705436,1,0,1
22,PGD,0.010000,0.001667,10,0,lie down,0,lie down,4,run,0,0,0,0.624536,0.247492,1,0,1
23,PGD,0.010000,0.001667,10,0,lie down,2,walk,2,walk,0,0,0,0.417607,0.509356,0,0,0
24,PGD,0.010000,0.001667,10,0,lie down,2,walk,2,walk,0,0,0,0.697937,0.895876,0,0,0
25,PGD,0.010000,0.001667,10,0,lie down,4,run,2,walk,0,0,0,0.309243,0.631595,0,0,1
26,PGD,0.010000,0.001667,10,0,lie down,0,lie down,2,walk,0,0,0,0.465772,0.490849,1,0,1
27,PGD,0.010000,0.001667,10,0,lie down,0,lie down,0,lie down,0,0,0,0.841077,0.468935,1,1,0
28,PGD,0.010000,0.001667,10,0,lie down,0,lie down,0,lie down,0,0,0,0.815518,0.403471,1,1,0
29,PGD,0.010000,0.001667,10,0,lie down,0,lie down,4,run,0,0,0,0.662084,0.445429,1,0,1
30,PGD,0.010000,0.001667,10,0,lie down,0,lie down,4,run,0,0,0,0.281733,0.323743,1,0,1
31,PGD,0.010000,0.001667,10,0,lie down,2,walk,2,walk,0,0,0,0.427852,0.809053,0,0,0
32,PGD,0.010000,0.001667,10,0,lie down,2,walk,2,walk,0,0,0,0.285195,0.657897,0,0,0
33,PGD,0.010000,0.001667,10,0,lie down,0,lie down,2,walk,0,0,0,0.344636,0.532625,1,0,1
34,PGD,0.010000,0.001667,10,0,lie down,0,lie down,0,lie down,0,0,0,0.949266,0.835966,1,1,0
35,PGD,0.010000,0.001667,10,0,lie down,2,walk,2,walk,0,0,0,0.657348,0.947985,0,0,0
36,PGD,0.010000,0.001667,10,0,lie down,0,lie down,2,walk,0,0,0,0.373148,0.792017,1,0,1
37,PGD,0.010000,0.001667,10,0,lie down,5,sit down,2,walk,0,0,0,0.484176,0.851414,0,0,1
38,PGD,0.010000,0.001667,10,0,lie down,4,run,2,walk,0,0,0,0.507276,0.403591,0,0,1
39,PGD,0.010000,0.001667,10,0,lie down,0,lie down,4,run,0,0,0,0.762285,0.675114,1,0,1
40,PGD,0.010000,0.001667,10,0,lie down,0,lie down,3,pickup,0,0,0,0.514569,0.929918,1,0,1
41,PGD,0.010000,0.001667,10,0,lie down,3,pickup,3,pickup,0,0,0,0.355941,0.321780,0,0,0
42,PGD,0.010000,0.001667,10,0,lie down,2,walk,2,walk,0,0,0,0.505466,0.546106,0,0,0
43,PGD,0.010000,0.001667,10,0,lie down,0,lie down,2,walk,0,0,0,0.375373,0.826554,1,0,1
44,PGD,0.010000,0.001667,10,0,lie down,0,lie down,3,pickup,0,0,0,0.737238,0.837059,1,0,1
45,PGD,0.010000,0.001667,10,0,lie down,0,lie down,3,pickup,0,0,0,0.832465,0.874266,1,0,1
46,PGD,0.010000,0.001667,10,0,lie down,0,lie down,2,walk,0,0,0,0.627094,0.420053,1,0,1
47,PGD,0.010000,0.001667,10,0,lie down,2,walk,2,walk,0,0,0,0.679217,0.869231,0,0,0
48,PGD,0.010000,0.001667,10,0,lie down,2,walk,2,walk,0,0,0,0.523837,0.898378,0,0,0
49,PGD,0.010000,0.001667,10,0,lie down,0,lie down,3,pickup,0,0,0,0.829519,0.671261,1,0,1
50,PGD,0.010000,0.001667,10,0,lie down,2,walk,2,walk,0,0,0,0.322343,0.578082,0,0,0
51,PGD,0.010000,0.001667,10,0,lie down,2,walk,2,walk,0,0,0,0.585563,0.778006,0,0,0
52,PGD,0.010000,0.001667,10,0,lie down,0,lie down,3,pickup,0,0,0,0.631968,0.917639,1,0,1
53,PGD,0.010000,0.001667,10,0,lie down,0,lie down,2,walk,0,0,0,0.431052,0.773879,1,0,1
54,PGD,0.010000,0.001667,10,0,lie down,0,lie down,1,fall,0,0,1,0.441320,0.345392,1,0,1
55,PGD,0.010000,0.001667,10,0,lie down,2,walk,2,walk,0,0,0,0.507773,0.912191,0,0,0
56,PGD,0.010000,0.001667,10,0,lie down,0,lie down,3,pickup,0,0,0,0.512140,0.826463,1,0,1
57,PGD,0.010000,0.001667,10,0,lie down,0,lie down,3,pickup,0,0,0,0.857680,0.718790,1,0,1
58,PGD,0.010000,0.001667,10,0,lie down,5,sit down,2,walk,0,0,0,0.416084,0.882064,0,0,1
59,PGD,0.010000,0.001667,10,0,lie down,2,walk,2,walk,0,0,0,0.292625,0.745091,0,0,0
60,PGD,0.010000,0.001667,10,0,lie down,5,sit down,5,sit down,0,0,0,0.575058,0.754280,0,0,0
61,PGD,0.010000,0.001667,10,0,lie down,5,sit down,2,walk,0,0,0,0.465960,0.616197,0,0,1
62,PGD,0.010000,0.001667,10,0,lie down,4,run,4,run,0,0,0,0.735724,0.913858,0,0,0
63,PGD,0.010000,0.001667,10,0,lie down,2,walk,2,walk,0,0,0,0.699970,0.894328,0,0,0
64,PGD,0.010000,0.001667,10,0,lie down,2,walk,2,walk,0,0,0,0.284889,0.756453,0,0,0
65,PGD,0.010000,0.001667,10,0,lie down,0,lie down,2,walk,0,0,0,0.467598,0.506611,1,0,1
66,PGD,0.010000,0.001667,10,1,fall,4,run,4,run,1,0,0,0.378846,0.347769,0,0,0
67,PGD,0.010000,0.001667,10,1,fall,1,fall,2,walk,1,1,0,0.719219,0.611748,1,0,1
68,PGD,0.010000,0.001667,10,1,fall,1,fall,2,walk,1,1,0,0.509246,0.766871,1,0,1
69,PGD,0.010000,0.001667,10,1,fall,2,walk,2,walk,1,0,0,0.809488,0.956838,0,0,0
70,PGD,0.010000,0.001667,10,1,fall,2,walk,2,walk,1,0,0,0.794953,0.924958,0,0,0
71,PGD,0.010000,0.001667,10,1,fall,1,fall,2,walk,1,1,0,0.710714,0.689069,1,0,1
72,PGD,0.010000,0.001667,10,1,fall,2,walk,2,walk,1,0,0,0.686040,0.859951,0,0,0
73,PGD,0.010000,0.001667,10,1,fall,1,fall,6,stand up,1,1,0,0.638676,0.339084,1,0,1
74,PGD,0.010000,0.001667,10,1,fall,1,fall,2,walk,1,1,0,0.499583,0.684758,1,0,1
75,PGD,0.010000,0.001667,10,1,fall,1,fall,2,walk,1,1,0,0.670356,0.552627,1,0,1
76,PGD,0.010000,0.001667,10,1,fall,4,run,4,run,1,0,0,0.782045,0.959140,0,0,0
77,PGD,0.010000,0.001667,10,1,fall,1,fall,6,stand up,1,1,0,0.598431,0.441633,1,0,1
78,PGD,0.010000,0.001667,10,1,fall,1,fall,2,walk,1,1,0,0.490825,0.830627,1,0,1
79,PGD,0.010000,0.001667,10,1,fall,4,run,4,run,1,0,0,0.807268,0.965953,0,0,0
80,PGD,0.010000,0.001667,10,1,fall,1,fall,2,walk,1,1,0,0.601110,0.357914,1,0,1
81,PGD,0.010000,0.001667,10,1,fall,1,fall,2,walk,1,1,0,0.591869,0.593307,1,0,1
82,PGD,0.010000,0.001667,10,1,fall,1,fall,2,walk,1,1,0,0.573090,0.348128,1,0,1
83,PGD,0.010000,0.001667,10,1,fall,4,run,4,run,1,0,0,0.691142,0.946364,0,0,0
84,PGD,0.010000,0.001667,10,1,fall,4,run,4,run,1,0,0,0.757099,0.954250,0,0,0
85,PGD,0.010000,0.001667,10,1,fall,4,run,4,run,1,0,0,0.781551,0.950179,0,0,0
86,PGD,0.010000,0.001667,10,1,fall,1,fall,2,walk,1,1,0,0.617089,0.403282,1,0,1
87,PGD,0.010000,0.001667,10,1,fall,1,fall,2,walk,1,1,0,0.483759,0.734875,1,0,1
88,PGD,0.010000,0.001667,10,1,fall,4,run,4,run,1,0,0,0.871377,0.971515,0,0,0
89,PGD,0.010000,0.001667,10,1,fall,1,fall,2,walk,1,1,0,0.600528,0.736799,1,0,1
90,PGD,0.010000,0.001667,10,1,fall,1,fall,2,walk,1,1,0,0.684215,0.708113,1,0,1
91,PGD,0.010000,0.001667,10,1,fall,4,run,4,run,1,0,0,0.394076,0.321674,0,0,0
92,PGD,0.010000,0.001667,10,1,fall,2,walk,2,walk,1,0,0,0.553557,0.723078,0,0,0
93,PGD,0.010000,0.001667,10,1,fall,4,run,4,run,1,0,0,0.761451,0.957592,0,0,0
94,PGD,0.010000,0.001667,10,1,fall,1,fall,2,walk,1,1,0,0.610667,0.727032,1,0,1
95,PGD,0.010000,0.001667,10,1,fall,1,fall,2,walk,1,1,0,0.427909,0.843785,1,0,1
96,PGD,0.010000,0.001667,10,1,fall,1,fall,2,walk,1,1,0,0.471296,0.648480,1,0,1
97,PGD,0.010000,0.001667,10,1,fall,1,fall,2,walk,1,1,0,0.457212,0.797286,1,0,1
98,PGD,0.010000,0.001667,10,1,fall,1,fall,2,walk,1,1,0,0.634272,0.773256,1,0,1
99,PGD,0.010000,0.001667,10,1,fall,2,walk,2,walk,1,0,0,0.839523,0.940385,0,0,0
100,PGD,0.010000,0.001667,10,1,fall,1,fall,2,walk,1,1,0,0.584937,0.827380,1,0,1
101,PGD,0.010000,0.001667,10,1,fall,1,fall,2,walk,1,1,0,0.489284,0.637248,1,0,1
102,PGD,0.010000,0.001667,10,1,fall,1,fall,2,walk,1,1,0,0.686930,0.545438,1,0,1
103,PGD,0.010000,0.001667,10,1,fall,1,fall,2,walk,1,1,0,0.567888,0.664571,1,0,1
104,PGD,0.010000,0.001667,10,1,fall,1,fall,2,walk,1,1,0,0.661404,0.688499,1,0,1
105,PGD,0.010000,0.001667,10,1,fall,1,fall,2,walk,1,1,0,0.558651,0.603047,1,0,1
106,PGD,0.010000,0.001667,10,1,fall,2,walk,2,walk,1,0,0,0.502620,0.921581,0,0,0
107,PGD,0.010000,0.001667,10,1,fall,1,fall,2,walk,1,1,0,0.465175,0.857394,1,0,1
108,PGD,0.010000,0.001667,10,1,fall,1,fall,6,stand up,1,1,0,0.695000,0.364248,1,0,1
109,PGD,0.010000,0.001667,10,1,fall,1,fall,6,stand up,1,1,0,0.451446,0.435527,1,0,1
110,PGD,0.010000,0.001667,10,3,pickup,4,run,2,walk,0,0,0,0.347969,0.457833,0,0,1
111,PGD,0.010000,0.001667,10,3,pickup,1,fall,4,run,0,1,0,0.431036,0.382162,0,0,1
112,PGD,0.010000,0.001667,10,3,pickup,3,pickup,0,lie down,0,0,0,0.844597,0.626768,1,0,1
113,PGD,0.010000,0.001667,10,3,pickup,3,pickup,0,lie down,0,0,0,0.647487,0.819077,1,0,1
114,PGD,0.010000,0.001667,10,3,pickup,3,pickup,0,lie down,0,0,0,0.840782,0.656475,1,0,1
115,PGD,0.010000,0.001667,10,3,pickup,1,fall,2,walk,0,1,0,0.346351,0.804976,0,0,1
116,PGD,0.010000,0.001667,10,3,pickup,2,walk,2,walk,0,0,0,0.667279,0.943182,0,0,0
117,PGD,0.010000,0.001667,10,3,pickup,4,run,4,run,0,0,0,0.305612,0.505307,0,0,0
118,PGD,0.010000,0.001667,10,3,pickup,4,run,4,run,0,0,0,0.587479,0.822267,0,0,0
119,PGD,0.010000,0.001667,10,3,pickup,1,fall,1,fall,0,1,1,0.570332,0.652819,0,0,0
120,PGD,0.010000,0.001667,10,3,pickup,3,pickup,0,lie down,0,0,0,0.734332,0.822181,1,0,1
121,PGD,0.010000,0.001667,10,3,pickup,3,pickup,0,lie down,0,0,0,0.851006,0.675918,1,0,1
122,PGD,0.010000,0.001667,10,3,pickup,3,pickup,2,walk,0,0,0,0.299147,0.403476,1,0,1
123,PGD,0.010000,0.001667,10,3,pickup,3,pickup,0,lie down,0,0,0,0.764995,0.708163,1,0,1
124,PGD,0.010000,0.001667,10,3,pickup,3,pickup,0,lie down,0,0,0,0.815247,0.671208,1,0,1
125,PGD,0.010000,0.001667,10,3,pickup,4,run,4,run,0,0,0,0.673473,0.838807,0,0,0
126,PGD,0.010000,0.001667,10,3,pickup,3,pickup,0,lie down,0,0,0,0.861611,0.600454,1,0,1
127,PGD,0.010000,0.001667,10,3,pickup,1,fall,2,walk,0,1,0,0.231112,0.606894,0,0,1
128,PGD,0.010000,0.001667,10,3,pickup,4,run,4,run,0,0,0,0.462198,0.702787,0,0,0
129,PGD,0.010000,0.001667,10,3,pickup,4,run,2,walk,0,0,0,0.413670,0.599178,0,0,1
130,PGD,0.010000,0.001667,10,3,pickup,3,pickup,4,run,0,0,0,0.506106,0.376184,1,0,1
131,PGD,0.010000,0.001667,10,3,pickup,3,pickup,0,lie down,0,0,0,0.687321,0.824558,1,0,1
132,PGD,0.010000,0.001667,10,3,pickup,3,pickup,0,lie down,0,0,0,0.893631,0.609113,1,0,1
133,PGD,0.010000,0.001667,10,3,pickup,4,run,2,walk,0,0,0,0.376539,0.469251,0,0,1
134,PGD,0.010000,0.001667,10,3,pickup,1,fall,2,walk,0,1,0,0.484491,0.438534,0,0,1
135,PGD,0.010000,0.001667,10,3,pickup,0,lie down,0,lie down,0,0,0,0.711413,0.684398,0,0,0
136,PGD,0.010000,0.001667,10,3,pickup,3,pickup,0,lie down,0,0,0,0.701937,0.801664,1,0,1
137,PGD,0.010000,0.001667,10,3,pickup,3,pickup,0,lie down,0,0,0,0.761932,0.764797,1,0,1
138,PGD,0.010000,0.001667,10,3,pickup,3,pickup,0,lie down,0,0,0,0.809198,0.756489,1,0,1
139,PGD,0.010000,0.001667,10,3,pickup,3,pickup,0,lie down,0,0,0,0.818520,0.667414,1,0,1
140,PGD,0.010000,0.001667,10,3,pickup,4,run,2,walk,0,0,0,0.428996,0.449905,0,0,1
141,PGD,0.010000,0.001667,10,3,pickup,1,fall,4,run,0,1,0,0.408974,0.399808,0,0,1
142,PGD,0.010000,0.001667,10,3,pickup,3,pickup,0,lie down,0,0,0,0.719089,0.797931,1,0,1
143,PGD,0.010000,0.001667,10,3,pickup,3,pickup,0,lie down,0,0,0,0.848197,0.640271,1,0,1
144,PGD,0.010000,0.001667,10,3,pickup,4,run,4,run,0,0,0,0.672093,0.830305,0,0,0
145,PGD,0.010000,0.001667,10,3,pickup,3,pickup,0,lie down,0,0,0,0.821673,0.732669,1,0,1
146,PGD,0.010000,0.001667,10,3,pickup,3,pickup,0,lie down,0,0,0,0.922735,0.519082,1,0,1
147,PGD,0.010000,0.001667,10,3,pickup,3,pickup,0,lie down,0,0,0,0.726531,0.776581,1,0,1
148,PGD,0.010000,0.001667,10,3,pickup,3,pickup,0,lie down,0,0,0,0.640688,0.770793,1,0,1
149,PGD,0.010000,0.001667,10,3,pickup,4,run,2,walk,0,0,0,0.393390,0.527194,0,0,1
150,PGD,0.010000,0.001667,10,3,pickup,3,pickup,0,lie down,0,0,0,0.589517,0.763841,1,0,1
151,PGD,0.010000,0.001667,10,3,pickup,4,run,2,walk,0,0,0,0.420573,0.488746,0,0,1
152,PGD,0.010000,0.001667,10,3,pickup,0,lie down,0,lie down,0,0,0,0.598125,0.693585,0,0,0
153,PGD,0.010000,0.001667,10,3,pickup,1,fall,1,fall,0,1,1,0.556827,0.533403,0,0,0
154,PGD,0.010000,0.001667,10,3,pickup,2,walk,2,walk,0,0,0,0.334581,0.788947,0,0,0
155,PGD,0.010000,0.001667,10,3,pickup,3,pickup,0,lie down,0,0,0,0.884121,0.561765,1,0,1
156,PGD,0.010000,0.001667,10,3,pickup,3,pickup,0,lie down,0,0,0,0.634090,0.625364,1,0,1
157,PGD,0.010000,0.001667,10,3,pickup,4,run,2,walk,0,0,0,0.583395,0.647007,0,0,1
158,PGD,0.010000,0.001667,10,3,pickup,4,run,4,run,0,0,0,0.504808,0.528263,0,0,0
159,PGD,0.010000,0.001667,10,4,run,4,run,2,walk,0,0,0,0.532024,0.715478,1,0,1
160,PGD,0.010000,0.001667,10,4,run,4,run,2,walk,0,0,0,0.851852,0.566349,1,0,1
161,PGD,0.010000,0.001667,10,4,run,4,run,1,fall,0,0,1,0.830162,0.394686,1,0,1
162,PGD,0.010000,0.001667,10,4,run,4,run,4,run,0,0,0,0.962074,0.773772,1,1,0
163,PGD,0.010000,0.001667,10,4,run,4,run,1,fall,0,0,1,0.809275,0.448831,1,0,1
164,PGD,0.010000,0.001667,10,4,run,4,run,2,walk,0,0,0,0.599473,0.934526,1,0,1
165,PGD,0.010000,0.001667,10,4,run,4,run,2,walk,0,0,0,0.716841,0.438463,1,0,1
166,PGD,0.010000,0.001667,10,4,run,4,run,2,walk,0,0,0,0.517862,0.793355,1,0,1
167,PGD,0.010000,0.001667,10,4,run,4,run,2,walk,0,0,0,0.684612,0.905697,1,0,1
168,PGD,0.010000,0.001667,10,4,run,4,run,2,walk,0,0,0,0.716272,0.593045,1,0,1
169,PGD,0.010000,0.001667,10,4,run,4,run,4,run,0,0,0,0.835901,0.439132,1,1,0
170,PGD,0.010000,0.001667,10,4,run,4,run,4,run,0,0,0,0.975781,0.786154,1,1,0
171,PGD,0.010000,0.001667,10,4,run,2,walk,2,walk,0,0,0,0.546595,0.756603,0,0,0
172,PGD,0.010000,0.001667,10,4,run,4,run,2,walk,0,0,0,0.623572,0.915133,1,0,1
173,PGD,0.010000,0.001667,10,4,run,4,run,2,walk,0,0,0,0.486402,0.656608,1,0,1
174,PGD,0.010000,0.001667,10,4,run,4,run,4,run,0,0,0,0.945847,0.678062,1,1,0
175,PGD,0.010000,0.001667,10,4,run,4,run,2,walk,0,0,0,0.650280,0.751694,1,0,1
176,PGD,0.010000,0.001667,10,4,run,4,run,2,walk,0,0,0,0.581792,0.944846,1,0,1
177,PGD,0.010000,0.001667,10,4,run,2,walk,2,walk,0,0,0,0.573280,0.955630,0,0,0
178,PGD,0.010000,0.001667,10,4,run,4,run,4,run,0,0,0,0.937433,0.634686,1,1,0
179,PGD,0.010000,0.001667,10,4,run,2,walk,2,walk,0,0,0,0.836127,0.961612,0,0,0
180,PGD,0.010000,0.001667,10,4,run,4,run,4,run,0,0,0,0.956893,0.689575,1,1,0
181,PGD,0.010000,0.001667,10,4,run,4,run,4,run,0,0,0,0.985371,0.868851,1,1,0
182,PGD,0.010000,0.001667,10,4,run,4,run,4,run,0,0,0,0.958264,0.764254,1,1,0
183,PGD,0.010000,0.001667,10,4,run,2,walk,2,walk,0,0,0,0.363503,0.524953,0,0,0
184,PGD,0.010000,0.001667,10,4,run,4,run,2,walk,0,0,0,0.767569,0.878944,1,0,1
185,PGD,0.010000,0.001667,10,4,run,2,walk,2,walk,0,0,0,0.508294,0.884940,0,0,0
186,PGD,0.010000,0.001667,10,4,run,4,run,2,walk,0,0,0,0.818234,0.345916,1,0,1
187,PGD,0.010000,0.001667,10,4,run,4,run,2,walk,0,0,0,0.557690,0.548801,1,0,1
188,PGD,0.010000,0.001667,10,4,run,4,run,2,walk,0,0,0,0.604376,0.929575,1,0,1
189,PGD,0.010000,0.001667,10,4,run,4,run,1,fall,0,0,1,0.732274,0.358559,1,0,1
190,PGD,0.010000,0.001667,10,4,run,4,run,0,lie down,0,0,0,0.320496,0.517659,1,0,1
191,PGD,0.010000,0.001667,10,4,run,2,walk,2,walk,0,0,0,0.515408,0.794641,0,0,0
192,PGD,0.010000,0.001667,10,4,run,4,run,2,walk,0,0,0,0.637429,0.916901,1,0,1
193,PGD,0.010000,0.001667,10,4,run,4,run,4,run,0,0,0,0.893793,0.512864,1,1,0
194,PGD,0.010000,0.001667,10,4,run,4,run,4,run,0,0,0,0.895461,0.612416,1,1,0
195,PGD,0.010000,0.001667,10,4,run,4,run,2,walk,0,0,0,0.637443,0.919986,1,0,1
196,PGD,0.010000,0.001667,10,4,run,4,run,4,run,0,0,0,0.966005,0.730886,1,1,0
197,PGD,0.010000,0.001667,10,4,run,4,run,2,walk,0,0,0,0.729653,0.327701,1,0,1
198,PGD,0.010000,0.001667,10,4,run,4,run,4,run,0,0,0,0.882939,0.486615,1,1,0
199,PGD,0.010000,0.001667,10,4,run,4,run,2,walk,0,0,0,0.702015,0.779321,1,0,1
200,PGD,0.010000,0.001667,10,4,run,2,walk,2,walk,0,0,0,0.594257,0.836554,0,0,0
201,PGD,0.010000,0.001667,10,4,run,2,walk,2,walk,0,0,0,0.876644,0.951270,0,0,0
202,PGD,0.010000,0.001667,10,4,run,2,walk,2,walk,0,0,0,0.648255,0.888099,0,0,0
203,PGD,0.010000,0.001667,10,4,run,4,run,4,run,0,0,0,0.902080,0.475123,1,1,0
204,PGD,0.010000,0.001667,10,4,run,2,walk,2,walk,0,0,0,0.558717,0.941418,0,0,0
205,PGD,0.010000,0.001667,10,4,run,4,run,2,walk,0,0,0,0.419068,0.531220,1,0,1
206,PGD,0.010000,0.001667,10,4,run,2,walk,2,walk,0,0,0,0.551895,0.750300,0,0,0
207,PGD,0.010000,0.001667,10,4,run,4,run,2,walk,0,0,0,0.740962,0.410651,1,0,1
208,PGD,0.010000,0.001667,10,4,run,0,lie down,0,lie down,0,0,0,0.553446,0.829715,0,0,0
209,PGD,0.010000,0.001667,10,4,run,4,run,4,run,0,0,0,0.825610,0.425945,1,1,0
210,PGD,0.010000,0.001667,10,4,run,2,walk,2,walk,0,0,0,0.445342,0.846033,0,0,0
211,PGD,0.010000,0.001667,10,4,run,4,run,1,fall,0,0,1,0.764487,0.410393,1,0,1
212,PGD,0.010000,0.001667,10,4,run,4,run,4,run,0,0,0,0.868415,0.478653,1,1,0
213,PGD,0.010000,0.001667,10,4,run,4,run,2,walk,0,0,0,0.774068,0.879462,1,0,1
214,PGD,0.010000,0.001667,10,4,run,4,run,1,fall,0,0,1,0.780506,0.469012,1,0,1
215,PGD,0.010000,0.001667,10,4,run,2,walk,2,walk,0,0,0,0.519745,0.920320,0,0,0
216,PGD,0.010000,0.001667,10,4,run,4,run,4,run,0,0,0,0.894613,0.467188,1,1,0
217,PGD,0.010000,0.001667,10,4,run,4,run,2,walk,0,0,0,0.752859,0.486228,1,0,1
218,PGD,0.010000,0.001667,10,4,run,4,run,2,walk,0,0,0,0.776920,0.475666,1,0,1
219,PGD,0.010000,0.001667,10,4,run,2,walk,2,walk,0,0,0,0.647208,0.960481,0,0,0
220,PGD,0.010000,0.001667,10,4,run,4,run,2,walk,0,0,0,0.640432,0.900342,1,0,1
221,PGD,0.010000,0.001667,10,4,run,4,run,2,walk,0,0,0,0.798997,0.455586,1,0,1
222,PGD,0.010000,0.001667,10,4,run,4,run,2,walk,0,0,0,0.715109,0.897215,1,0,1
223,PGD,0.010000,0.001667,10,4,run,4,run,4,run,0,0,0,0.911646,0.503792,1,1,0
224,PGD,0.010000,0.001667,10,4,run,5,sit down,5,sit down,0,0,0,0.329318,0.421115,0,0,0
225,PGD,0.010000,0.001667,10,4,run,4,run,2,walk,0,0,0,0.403375,0.699196,1,0,1
226,PGD,0.010000,0.001667,10,4,run,4,run,2,walk,0,0,0,0.748511,0.774884,1,0,1
227,PGD,0.010000,0.001667,10,4,run,4,run,4,run,0,0,0,0.875555,0.514116,1,1,0
228,PGD,0.010000,0.001667,10,4,run,4,run,5,sit down,0,0,0,0.793759,0.381177,1,0,1
229,PGD,0.010000,0.001667,10,4,run,4,run,2,walk,0,0,0,0.881282,0.502526,1,0,1
230,PGD,0.010000,0.001667,10,4,run,4,run,0,lie down,0,0,0,0.778118,0.417220,1,0,1
231,PGD,0.010000,0.001667,10,4,run,2,walk,2,walk,0,0,0,0.539763,0.360070,0,0,0
232,PGD,0.010000,0.001667,10,4,run,4,run,4,run,0,0,0,0.978827,0.812254,1,1,0
233,PGD,0.010000,0.001667,10,4,run,4,run,4,run,0,0,0,0.819424,0.421333,1,1,0
234,PGD,0.010000,0.001667,10,4,run,4,run,2,walk,0,0,0,0.578766,0.926441,1,0,1
235,PGD,0.010000,0.001667,10,4,run,4,run,1,fall,0,0,1,0.749004,0.385211,1,0,1
236,PGD,0.010000,0.001667,10,4,run,4,run,2,walk,0,0,0,0.862950,0.590975,1,0,1
237,PGD,0.010000,0.001667,10,4,run,4,run,2,walk,0,0,0,0.871501,0.551059,1,0,1
238,PGD,0.010000,0.001667,10,4,run,4,run,0,lie down,0,0,0,0.465715,0.563057,1,0,1
239,PGD,0.010000,0.001667,10,4,run,4,run,2,walk,0,0,0,0.875848,0.563239,1,0,1
240,PGD,0.010000,0.001667,10,4,run,2,walk,2,walk,0,0,0,0.373840,0.688930,0,0,0
241,PGD,0.010000,0.001667,10,4,run,4,run,2,walk,0,0,0,0.681240,0.909592,1,0,1
242,PGD,0.010000,0.001667,10,4,run,4,run,2,walk,0,0,0,0.860439,0.555954,1,0,1
243,PGD,0.010000,0.001667,10,4,run,2,walk,2,walk,0,0,0,0.490991,0.945397,0,0,0
244,PGD,0.010000,0.001667,10,4,run,2,walk,2,walk,0,0,0,0.649241,0.951844,0,0,0
245,PGD,0.010000,0.001667,10,4,run,2,walk,2,walk,0,0,0,0.499567,0.651045,0,0,0
246,PGD,0.010000,0.001667,10,4,run,4,run,4,run,0,0,0,0.910685,0.523420,1,1,0
247,PGD,0.010000,0.001667,10,4,run,4,run,2,walk,0,0,0,0.739773,0.309544,1,0,1
248,PGD,0.010000,0.001667,10,4,run,4,run,2,walk,0,0,0,0.776005,0.867421,1,0,1
249,PGD,0.010000,0.001667,10,4,run,4,run,2,walk,0,0,0,0.650974,0.926875,1,0,1
250,PGD,0.010000,0.001667,10,4,run,4,run,2,walk,0,0,0,0.909233,0.555774,1,0,1
251,PGD,0.010000,0.001667,10,4,run,4,run,2,walk,0,0,0,0.711868,0.761916,1,0,1
252,PGD,0.010000,0.001667,10,4,run,4,run,2,walk,0,0,0,0.557581,0.899645,1,0,1
253,PGD,0.010000,0.001667,10,4,run,4,run,2,walk,0,0,0,0.637857,0.915829,1,0,1
254,PGD,0.010000,0.001667,10,4,run,2,walk,2,walk,0,0,0,0.852901,0.959844,0,0,0
255,PGD,0.010000,0.001667,10,4,run,4,run,2,walk,0,0,0,0.773816,0.472877,1,0,1
256,PGD,0.010000,0.001667,10,4,run,4,run,2,walk,0,0,0,0.701827,0.770780,1,0,1
257,PGD,0.010000,0.001667,10,4,run,4,run,2,walk,0,0,0,0.433305,0.693089,1,0,1
258,PGD,0.010000,0.001667,10,4,run,4,run,4,run,0,0,0,0.876857,0.431040,1,1,0
259,PGD,0.010000,0.001667,10,4,run,4,run,4,run,0,0,0,0.883713,0.496679,1,1,0
260,PGD,0.010000,0.001667,10,4,run,4,run,2,walk,0,0,0,0.599636,0.927054,1,0,1
261,PGD,0.010000,0.001667,10,4,run,4,run,2,walk,0,0,0,0.646772,0.924027,1,0,1
262,PGD,0.010000,0.001667,10,4,run,4,run,2,walk,0,0,0,0.780018,0.616433,1,0,1
263,PGD,0.010000,0.001667,10,4,run,4,run,2,walk,0,0,0,0.517057,0.862124,1,0,1
264,PGD,0.010000,0.001667,10,4,run,4,run,4,run,0,0,0,0.973223,0.802706,1,1,0
265,PGD,0.010000,0.001667,10,4,run,2,walk,2,walk,0,0,0,0.710244,0.886065,0,0,0
266,PGD,0.010000,0.001667,10,4,run,4,run,4,run,0,0,0,0.961249,0.753399,1,1,0
267,PGD,0.010000,0.001667,10,4,run,0,lie down,0,lie down,0,0,0,0.636203,0.817865,0,0,0
268,PGD,0.010000,0.001667,10,4,run,4,run,2,walk,0,0,0,0.678252,0.911651,1,0,1
269,PGD,0.010000,0.001667,10,4,run,4,run,2,walk,0,0,0,0.446456,0.801290,1,0,1
270,PGD,0.010000,0.001667,10,4,run,4,run,2,walk,0,0,0,0.780714,0.764251,1,0,1
271,PGD,0.010000,0.001667,10,4,run,4,run,2,walk,0,0,0,0.597328,0.918915,1,0,1
272,PGD,0.010000,0.001667,10,4,run,4,run,2,walk,0,0,0,0.833506,0.376995,1,0,1
273,PGD,0.010000,0.001667,10,4,run,4,run,2,walk,0,0,0,0.802400,0.651001,1,0,1
274,PGD,0.010000,0.001667,10,4,run,4,run,0,lie down,0,0,0,0.418132,0.557687,1,0,1
275,PGD,0.010000,0.001667,10,4,run,5,sit down,0,lie down,0,0,0,0.365507,0.441342,0,0,1
276,PGD,0.010000,0.001667,10,4,run,4,run,2,walk,0,0,0,0.813175,0.533299,1,0,1
277,PGD,0.010000,0.001667,10,4,run,4,run,4,run,0,0,0,0.956822,0.705617,1,1,0
278,PGD,0.010000,0.001667,10,4,run,4,run,2,walk,0,0,0,0.654143,0.917319,1,0,1
279,PGD,0.010000,0.001667,10,4,run,4,run,2,walk,0,0,0,0.508057,0.943403,1,0,1
280,PGD,0.010000,0.001667,10,5,sit down,2,walk,4,run,0,0,0,0.599155,0.876831,0,0,1
281,PGD,0.010000,0.001667,10,5,sit down,2,walk,1,fall,0,0,1,0.362454,0.645693,0,0,1
282,PGD,0.010000,0.001667,10,5,sit down,2,walk,2,walk,0,0,0,0.534607,0.913640,0,0,0
283,PGD,0.010000,0.001667,10,5,sit down,2,walk,2,walk,0,0,0,0.777683,0.877448,0,0,0
284,PGD,0.010000,0.001667,10,5,sit down,5,sit down,2,walk,0,0,0,0.493646,0.849980,1,0,1
285,PGD,0.010000,0.001667,10,5,sit down,2,walk,2,walk,0,0,0,0.826563,0.936372,0,0,0
286,PGD,0.010000,0.001667,10,5,sit down,5,sit down,5,sit down,0,0,0,0.809808,0.717538,1,1,0
287,PGD,0.010000,0.001667,10,5,sit down,5,sit down,5,sit down,0,0,0,0.777362,0.566627,1,1,0
288,PGD,0.010000,0.001667,10,5,sit down,6,stand up,2,walk,0,0,0,0.405928,0.602392,0,0,1
289,PGD,0.010000,0.001667,10,5,sit down,2,walk,2,walk,0,0,0,0.329972,0.590998,0,0,0
290,PGD,0.010000,0.001667,10,5,sit down,2,walk,2,walk,0,0,0,0.741978,0.939499,0,0,0
291,PGD,0.010000,0.001667,10,5,sit down,2,walk,2,walk,0,0,0,0.496940,0.837648,0,0,0
292,PGD,0.010000,0.001667,10,5,sit down,2,walk,2,walk,0,0,0,0.598672,0.872933,0,0,0
293,PGD,0.010000,0.001667,10,5,sit down,2,walk,4,run,0,0,0,0.421763,0.435944,0,0,1
294,PGD,0.010000,0.001667,10,5,sit down,5,sit down,2,walk,0,0,0,0.493368,0.629877,1,0,1
295,PGD,0.010000,0.001667,10,5,sit down,2,walk,2,walk,0,0,0,0.599350,0.885568,0,0,0
296,PGD,0.010000,0.001667,10,5,sit down,6,stand up,2,walk,0,0,0,0.344701,0.632634,0,0,1
297,PGD,0.010000,0.001667,10,5,sit down,2,walk,2,walk,0,0,0,0.683447,0.818813,0,0,0
298,PGD,0.010000,0.001667,10,5,sit down,5,sit down,6,stand up,0,0,0,0.527894,0.396770,1,0,1
299,PGD,0.010000,0.001667,10,5,sit down,5,sit down,2,walk,0,0,0,0.541155,0.851817,1,0,1
300,PGD,0.010000,0.001667,10,5,sit down,1,fall,1,fall,0,1,1,0.357617,0.643718,0,0,0
301,PGD,0.010000,0.001667,10,5,sit down,2,walk,2,walk,0,0,0,0.383317,0.552780,0,0,0
302,PGD,0.010000,0.001667,10,5,sit down,5,sit down,2,walk,0,0,0,0.659312,0.550040,1,0,1
303,PGD,0.010000,0.001667,10,5,sit down,0,lie down,3,pickup,0,0,0,0.435093,0.487274,0,0,1
304,PGD,0.010000,0.001667,10,5,sit down,0,lie down,3,pickup,0,0,0,0.645317,0.577269,0,0,1
305,PGD,0.010000,0.001667,10,5,sit down,2,walk,2,walk,0,0,0,0.426660,0.868966,0,0,0
306,PGD,0.010000,0.001667,10,5,sit down,5,sit down,2,walk,0,0,0,0.628157,0.646582,1,0,1
307,PGD,0.010000,0.001667,10,5,sit down,5,sit down,6,stand up,0,0,0,0.468662,0.517587,1,0,1
308,PGD,0.010000,0.001667,10,5,sit down,2,walk,2,walk,0,0,0,0.556440,0.887971,0,0,0
309,PGD,0.010000,0.001667,10,5,sit down,0,lie down,0,lie down,0,0,0,0.389914,0.528877,0,0,0
310,PGD,0.010000,0.001667,10,5,sit down,2,walk,2,walk,0,0,0,0.704595,0.899165,0,0,0
311,PGD,0.010000,0.001667,10,5,sit down,5,sit down,2,walk,0,0,0,0.515076,0.826830,1,0,1
312,PGD,0.010000,0.001667,10,5,sit down,5,sit down,2,walk,0,0,0,0.559625,0.741084,1,0,1
313,PGD,0.010000,0.001667,10,5,sit down,2,walk,2,walk,0,0,0,0.761266,0.887859,0,0,0
314,PGD,0.010000,0.001667,10,5,sit down,3,pickup,3,pickup,0,0,0,0.817090,0.915391,0,0,0
315,PGD,0.010000,0.001667,10,5,sit down,6,stand up,1,fall,0,0,1,0.331385,0.449568,0,0,1
316,PGD,0.010000,0.001667,10,5,sit down,2,walk,2,walk,0,0,0,0.477043,0.915233,0,0,0
317,PGD,0.010000,0.001667,10,5,sit down,2,walk,2,walk,0,0,0,0.638970,0.951333,0,0,0
318,PGD,0.010000,0.001667,10,5,sit down,4,run,4,run,0,0,0,0.379699,0.597810,0,0,0
319,PGD,0.010000,0.001667,10,5,sit down,2,walk,2,walk,0,0,0,0.526564,0.745951,0,0,0
320,PGD,0.010000,0.001667,10,6,stand up,2,walk,2,walk,0,0,0,0.494822,0.568193,0,0,0
321,PGD,0.010000,0.001667,10,6,stand up,1,fall,1,fall,0,1,1,0.339305,0.420688,0,0,0
322,PGD,0.010000,0.001667,10,6,stand up,2,walk,2,walk,0,0,0,0.655459,0.925734,0,0,0
323,PGD,0.010000,0.001667,10,6,stand up,2,walk,2,walk,0,0,0,0.454129,0.773892,0,0,0
324,PGD,0.010000,0.001667,10,6,stand up,2,walk,4,run,0,0,0,0.501929,0.569303,0,0,1
325,PGD,0.010000,0.001667,10,6,stand up,1,fall,1,fall,0,1,1,0.320872,0.477642,0,0,0
326,PGD,0.010000,0.001667,10,6,stand up,2,walk,2,walk,0,0,0,0.309490,0.452564,0,0,0
327,PGD,0.010000,0.001667,10,6,stand up,6,stand up,2,walk,0,0,0,0.436217,0.551793,1,0,1
328,PGD,0.010000,0.001667,10,6,stand up,2,walk,2,walk,0,0,0,0.588234,0.902653,0,0,0
329,PGD,0.010000,0.001667,10,6,stand up,2,walk,2,walk,0,0,0,0.600984,0.721121,0,0,0
330,PGD,0.010000,0.001667,10,6,stand up,4,run,4,run,0,0,0,0.308400,0.464138,0,0,0
331,PGD,0.010000,0.001667,10,6,stand up,2,walk,2,walk,0,0,0,0.477541,0.820400,0,0,0
332,PGD,0.010000,0.001667,10,6,stand up,6,stand up,1,fall,0,0,1,0.439502,0.573020,1,0,1
333,PGD,0.010000,0.001667,10,6,stand up,2,walk,2,walk,0,0,0,0.589892,0.798258,0,0,0
334,PGD,0.010000,0.001667,10,6,stand up,6,stand up,2,walk,0,0,0,0.366374,0.527380,1,0,1
335,PGD,0.010000,0.001667,10,6,stand up,6,stand up,2,walk,0,0,0,0.472283,0.387638,1,0,1
336,PGD,0.010000,0.001667,10,6,stand up,6,stand up,5,sit down,0,0,0,0.426563,0.397540,1,0,1
337,PGD,0.010000,0.001667,10,6,stand up,6,stand up,1,fall,0,0,1,0.496832,0.529054,1,0,1
338,PGD,0.010000,0.001667,10,6,stand up,4,run,4,run,0,0,0,0.556278,0.840637,0,0,0
339,PGD,0.010000,0.001667,10,6,stand up,2,walk,2,walk,0,0,0,0.320926,0.450594,0,0,0
340,PGD,0.010000,0.001667,10,6,stand up,2,walk,2,walk,0,0,0,0.525859,0.586869,0,0,0
341,PGD,0.010000,0.001667,10,6,stand up,5,sit down,4,run,0,0,0,0.263521,0.457397,0,0,1
342,PGD,0.010000,0.001667,10,6,stand up,2,walk,2,walk,0,0,0,0.524713,0.883664,0,0,0
343,PGD,0.010000,0.001667,10,6,stand up,1,fall,1,fall,0,1,1,0.382685,0.674765,0,0,0
344,PGD,0.010000,0.001667,10,6,stand up,2,walk,2,walk,0,0,0,0.466279,0.836815,0,0,0
345,PGD,0.010000,0.001667,10,6,stand up,2,walk,2,walk,0,0,0,0.465437,0.714881,0,0,0
346,PGD,0.010000,0.001667,10,6,stand up,1,fall,1,fall,0,1,1,0.330002,0.571983,0,0,0
347,PGD,0.010000,0.001667,10,6,stand up,2,walk,2,walk,0,0,0,0.473069,0.822168,0,0,0
348,PGD,0.010000,0.001667,10,6,stand up,2,walk,4,run,0,0,0,0.247456,0.599587,0,0,1
349,PGD,0.010000,0.001667,10,6,stand up,2,walk,2,walk,0,0,0,0.398151,0.805012,0,0,0
350,PGD,0.010000,0.001667,10,2,walk,2,walk,4,run,0,0,0,0.728071,0.779577,1,0,1
351,PGD,0.010000,0.001667,10,2,walk,2,walk,2,walk,0,0,0,0.811690,0.311911,1,1,0
352,PGD,0.010000,0.001667,10,2,walk,2,walk,4,run,0,0,0,0.852020,0.455661,1,0,1
353,PGD,0.010000,0.001667,10,2,walk,4,run,4,run,0,0,0,0.840174,0.961210,0,0,0
354,PGD,0.010000,0.001667,10,2,walk,2,walk,4,run,0,0,0,0.668728,0.865682,1,0,1
355,PGD,0.010000,0.001667,10,2,walk,2,walk,0,lie down,0,0,0,0.390675,0.470212,1,0,1
356,PGD,0.010000,0.001667,10,2,walk,2,walk,4,run,0,0,0,0.842364,0.791677,1,0,1
357,PGD,0.010000,0.001667,10,2,walk,2,walk,4,run,0,0,0,0.860570,0.412555,1,0,1
358,PGD,0.010000,0.001667,10,2,walk,2,walk,4,run,0,0,0,0.592827,0.891199,1,0,1
359,PGD,0.010000,0.001667,10,2,walk,2,walk,2,walk,0,0,0,0.927047,0.546026,1,1,0
360,PGD,0.010000,0.001667,10,2,walk,2,walk,1,fall,0,0,1,0.424221,0.400611,1,0,1
361,PGD,0.010000,0.001667,10,2,walk,2,walk,4,run,0,0,0,0.727477,0.867426,1,0,1
362,PGD,0.010000,0.001667,10,2,walk,2,walk,2,walk,0,0,0,0.870122,0.630147,1,1,0
363,PGD,0.010000,0.001667,10,2,walk,2,walk,5,sit down,0,0,0,0.411328,0.357541,1,0,1
364,PGD,0.010000,0.001667,10,2,walk,2,walk,2,walk,0,0,0,0.853198,0.288959,1,1,0
365,PGD,0.010000,0.001667,10,2,walk,2,walk,4,run,0,0,0,0.837477,0.617195,1,0,1
366,PGD,0.010000,0.001667,10,2,walk,2,walk,5,sit down,0,0,0,0.806774,0.464106,1,0,1
367,PGD,0.010000,0.001667,10,2,walk,2,walk,2,walk,0,0,0,0.963442,0.776478,1,1,0
368,PGD,0.010000,0.001667,10,2,walk,2,walk,2,walk,0,0,0,0.862861,0.457313,1,1,0
369,PGD,0.010000,0.001667,10,2,walk,2,walk,1,fall,0,0,1,0.763833,0.326083,1,0,1
370,PGD,0.010000,0.001667,10,2,walk,2,walk,5,sit down,0,0,0,0.736496,0.303194,1,0,1
371,PGD,0.010000,0.001667,10,2,walk,2,walk,2,walk,0,0,0,0.944998,0.668395,1,1,0
372,PGD,0.010000,0.001667,10,2,walk,2,walk,4,run,0,0,0,0.516657,0.887286,1,0,1
373,PGD,0.010000,0.001667,10,2,walk,2,walk,4,run,0,0,0,0.750641,0.846690,1,0,1
374,PGD,0.010000,0.001667,10,2,walk,4,run,4,run,0,0,0,0.888970,0.980131,0,0,0
375,PGD,0.010000,0.001667,10,2,walk,2,walk,1,fall,0,0,1,0.891120,0.476446,1,0,1
376,PGD,0.010000,0.001667,10,2,walk,2,walk,1,fall,0,0,1,0.515128,0.258381,1,0,1
377,PGD,0.010000,0.001667,10,2,walk,2,walk,4,run,0,0,0,0.853154,0.640120,1,0,1
378,PGD,0.010000,0.001667,10,2,walk,2,walk,5,sit down,0,0,0,0.475770,0.471014,1,0,1
379,PGD,0.010000,0.001667,10,2,walk,2,walk,1,fall,0,0,1,0.491028,0.328335,1,0,1
380,PGD,0.010000,0.001667,10,2,walk,2,walk,2,walk,0,0,0,0.932826,0.661260,1,1,0
381,PGD,0.010000,0.001667,10,2,walk,2,walk,2,walk,0,0,0,0.768099,0.437411,1,1,0
382,PGD,0.010000,0.001667,10,2,walk,2,walk,4,run,0,0,0,0.814605,0.407895,1,0,1
383,PGD,0.010000,0.001667,10,2,walk,2,walk,1,fall,0,0,1,0.601235,0.441167,1,0,1
384,PGD,0.010000,0.001667,10,2,walk,2,walk,4,run,0,0,0,0.862999,0.571063,1,0,1
385,PGD,0.010000,0.001667,10,2,walk,2,walk,2,walk,0,0,0,0.845803,0.538552,1,1,0
386,PGD,0.010000,0.001667,10,2,walk,2,walk,2,walk,0,0,0,0.765584,0.388579,1,1,0
387,PGD,0.010000,0.001667,10,2,walk,2,walk,2,walk,0,0,0,0.938916,0.734217,1,1,0
388,PGD,0.010000,0.001667,10,2,walk,2,walk,4,run,0,0,0,0.650094,0.288893,1,0,1
389,PGD,0.010000,0.001667,10,2,walk,2,walk,2,walk,0,0,0,0.984848,0.917192,1,1,0
390,PGD,0.010000,0.001667,10,2,walk,4,run,4,run,0,0,0,0.539209,0.951838,0,0,0
391,PGD,0.010000,0.001667,10,2,walk,2,walk,4,run,0,0,0,0.754865,0.753261,1,0,1
392,PGD,0.010000,0.001667,10,2,walk,2,walk,2,walk,0,0,0,0.954907,0.512964,1,1,0
393,PGD,0.010000,0.001667,10,2,walk,2,walk,4,run,0,0,0,0.754716,0.619062,1,0,1
394,PGD,0.010000,0.001667,10,2,walk,2,walk,4,run,0,0,0,0.723976,0.432350,1,0,1
395,PGD,0.010000,0.001667,10,2,walk,2,walk,4,run,0,0,0,0.726214,0.630209,1,0,1
396,PGD,0.010000,0.001667,10,2,walk,2,walk,0,lie down,0,0,0,0.416859,0.361955,1,0,1
397,PGD,0.010000,0.001667,10,2,walk,2,walk,4,run,0,0,0,0.576738,0.596397,1,0,1
398,PGD,0.010000,0.001667,10,2,walk,2,walk,2,walk,0,0,0,0.942597,0.580360,1,1,0
399,PGD,0.010000,0.001667,10,2,walk,4,run,4,run,0,0,0,0.870389,0.976738,0,0,0
400,PGD,0.010000,0.001667,10,2,walk,4,run,4,run,0,0,0,0.924539,0.986579,0,0,0
401,PGD,0.010000,0.001667,10,2,walk,2,walk,1,fall,0,0,1,0.679128,0.526856,1,0,1
402,PGD,0.010000,0.001667,10,2,walk,2,walk,5,sit down,0,0,0,0.438867,0.372246,1,0,1
403,PGD,0.010000,0.001667,10,2,walk,2,walk,2,walk,0,0,0,0.772382,0.382308,1,1,0
404,PGD,0.010000,0.001667,10,2,walk,4,run,4,run,0,0,0,0.773293,0.971646,0,0,0
405,PGD,0.010000,0.001667,10,2,walk,2,walk,2,walk,0,0,0,0.922396,0.808463,1,1,0
406,PGD,0.010000,0.001667,10,2,walk,2,walk,2,walk,0,0,0,0.779838,0.461103,1,1,0
407,PGD,0.010000,0.001667,10,2,walk,2,walk,4,run,0,0,0,0.795149,0.796505,1,0,1
408,PGD,0.010000,0.001667,10,2,walk,2,walk,5,sit down,0,0,0,0.515040,0.364627,1,0,1
409,PGD,0.010000,0.001667,10,2,walk,2,walk,4,run,0,0,0,0.722046,0.829636,1,0,1
410,PGD,0.010000,0.001667,10,2,walk,2,walk,2,walk,0,0,0,0.935912,0.541981,1,1,0
411,PGD,0.010000,0.001667,10,2,walk,2,walk,5,sit down,0,0,0,0.618477,0.404774,1,0,1
412,PGD,0.010000,0.001667,10,2,walk,2,walk,2,walk,0,0,0,0.952514,0.854800,1,1,0
413,PGD,0.010000,0.001667,10,2,walk,2,walk,4,run,0,0,0,0.892859,0.539478,1,0,1
414,PGD,0.010000,0.001667,10,2,walk,2,walk,2,walk,0,0,0,0.927860,0.824764,1,1,0
415,PGD,0.010000,0.001667,10,2,walk,4,run,4,run,0,0,0,0.422676,0.482556,0,0,0
416,PGD,0.010000,0.001667,10,2,walk,2,walk,4,run,0,0,0,0.840928,0.781771,1,0,1
417,PGD,0.010000,0.001667,10,2,walk,4,run,4,run,0,0,0,0.439374,0.356277,0,0,0
418,PGD,0.010000,0.001667,10,2,walk,2,walk,4,run,0,0,0,0.837516,0.732308,1,0,1
419,PGD,0.010000,0.001667,10,2,walk,2,walk,2,walk,0,0,0,0.867778,0.359263,1,1,0
420,PGD,0.010000,0.001667,10,2,walk,2,walk,4,run,0,0,0,0.651851,0.584639,1,0,1
421,PGD,0.010000,0.001667,10,2,walk,2,walk,5,sit down,0,0,0,0.699262,0.335623,1,0,1
422,PGD,0.010000,0.001667,10,2,walk,2,walk,4,run,0,0,0,0.735754,0.833280,1,0,1
423,PGD,0.010000,0.001667,10,2,walk,2,walk,4,run,0,0,0,0.693302,0.824233,1,0,1
424,PGD,0.010000,0.001667,10,2,walk,2,walk,2,walk,0,0,0,0.858529,0.494670,1,1,0
425,PGD,0.010000,0.001667,10,2,walk,2,walk,2,walk,0,0,0,0.854195,0.367934,1,1,0
426,PGD,0.010000,0.001667,10,2,walk,2,walk,4,run,0,0,0,0.705342,0.688518,1,0,1
427,PGD,0.010000,0.001667,10,2,walk,4,run,4,run,0,0,0,0.840905,0.978358,0,0,0
428,PGD,0.010000,0.001667,10,2,walk,2,walk,2,walk,0,0,0,0.863901,0.557449,1,1,0
429,PGD,0.010000,0.001667,10,2,walk,4,run,4,run,0,0,0,0.697969,0.964147,0,0,0
430,PGD,0.010000,0.001667,10,2,walk,2,walk,1,fall,0,0,1,0.766731,0.309063,1,0,1
431,PGD,0.010000,0.001667,10,2,walk,2,walk,2,walk,0,0,0,0.995592,0.951289,1,1,0
432,PGD,0.010000,0.001667,10,2,walk,4,run,4,run,0,0,0,0.513784,0.938697,0,0,0
433,PGD,0.010000,0.001667,10,2,walk,2,walk,5,sit down,0,0,0,0.898220,0.418402,1,0,1
434,PGD,0.010000,0.001667,10,2,walk,2,walk,5,sit down,0,0,0,0.598188,0.440224,1,0,1
435,PGD,0.010000,0.001667,10,2,walk,4,run,4,run,0,0,0,0.940718,0.992085,0,0,0
436,PGD,0.010000,0.001667,10,2,walk,2,walk,1,fall,0,0,1,0.668941,0.561720,1,0,1
437,PGD,0.010000,0.001667,10,2,walk,2,walk,4,run,0,0,0,0.614690,0.862569,1,0,1
438,PGD,0.010000,0.001667,10,2,walk,2,walk,4,run,0,0,0,0.922484,0.476741,1,0,1
439,PGD,0.010000,0.001667,10,2,walk,2,walk,2,walk,0,0,0,0.965317,0.791279,1,1,0
440,PGD,0.010000,0.001667,10,2,walk,2,walk,1,fall,0,0,1,0.523541,0.387878,1,0,1
441,PGD,0.010000,0.001667,10,2,walk,2,walk,2,walk,0,0,0,0.818684,0.562830,1,1,0
442,PGD,0.010000,0.001667,10,2,walk,2,walk,2,walk,0,0,0,0.685681,0.362734,1,1,0
443,PGD,0.010000,0.001667,10,2,walk,2,walk,2,walk,0,0,0,0.907685,0.724659,1,1,0
444,PGD,0.010000,0.001667,10,2,walk,4,run,4,run,0,0,0,0.505533,0.949841,0,0,0
445,PGD,0.010000,0.001667,10,2,walk,2,walk,2,walk,0,0,0,0.934779,0.747668,1,1,0
446,PGD,0.010000,0.001667,10,2,walk,2,walk,4,run,0,0,0,0.566256,0.926417,1,0,1
447,PGD,0.010000,0.001667,10,2,walk,2,walk,4,run,0,0,0,0.667530,0.352964,1,0,1
448,PGD,0.010000,0.001667,10,2,walk,2,walk,2,walk,0,0,0,0.843184,0.515145,1,1,0
449,PGD,0.010000,0.001667,10,2,walk,2,walk,2,walk,0,0,0,0.972320,0.790136,1,1,0
450,PGD,0.010000,0.001667,10,2,walk,2,walk,2,walk,0,0,0,0.900225,0.347594,1,1,0
451,PGD,0.010000,0.001667,10,2,walk,2,walk,4,run,0,0,0,0.704652,0.515751,1,0,1
452,PGD,0.010000,0.001667,10,2,walk,2,walk,4,run,0,0,0,0.800784,0.433384,1,0,1
453,PGD,0.010000,0.001667,10,2,walk,2,walk,2,walk,0,0,0,0.927249,0.394586,1,1,0
454,PGD,0.010000,0.001667,10,2,walk,2,walk,2,walk,0,0,0,0.800847,0.473284,1,1,0
455,PGD,0.010000,0.001667,10,2,walk,2,walk,2,walk,0,0,0,0.925186,0.466939,1,1,0
456,PGD,0.010000,0.001667,10,2,walk,2,walk,2,walk,0,0,0,0.894936,0.558633,1,1,0
457,PGD,0.010000,0.001667,10,2,walk,2,walk,2,walk,0,0,0,0.863281,0.404074,1,1,0
458,PGD,0.010000,0.001667,10,2,walk,2,walk,4,run,0,0,0,0.655933,0.501080,1,0,1
459,PGD,0.010000,0.001667,10,2,walk,2,walk,4,run,0,0,0,0.583567,0.865244,1,0,1
460,PGD,0.010000,0.001667,10,2,walk,2,walk,4,run,0,0,0,0.654741,0.913963,1,0,1
461,PGD,0.010000,0.001667,10,2,walk,2,walk,2,walk,0,0,0,0.937161,0.559737,1,1,0
462,PGD,0.010000,0.001667,10,2,walk,2,walk,4,run,0,0,0,0.925777,0.526698,1,0,1
463,PGD,0.010000,0.001667,10,2,walk,2,walk,1,fall,0,0,1,0.822410,0.509749,1,0,1
464,PGD,0.010000,0.001667,10,2,walk,2,walk,4,run,0,0,0,0.919169,0.523255,1,0,1
465,PGD,0.010000,0.001667,10,2,walk,2,walk,2,walk,0,0,0,0.777897,0.492064,1,1,0
466,PGD,0.010000,0.001667,10,2,walk,2,walk,4,run,0,0,0,0.778548,0.826775,1,0,1
467,PGD,0.010000,0.001667,10,2,walk,2,walk,2,walk,0,0,0,0.953582,0.579829,1,1,0
468,PGD,0.010000,0.001667,10,2,walk,2,walk,4,run,0,0,0,0.620229,0.883136,1,0,1
469,PGD,0.010000,0.001667,10,2,walk,2,walk,1,fall,0,0,1,0.621685,0.430464,1,0,1
470,PGD,0.010000,0.001667,10,2,walk,2,walk,1,fall,0,0,1,0.827332,0.629813,1,0,1
471,PGD,0.010000,0.001667,10,2,walk,2,walk,2,walk,0,0,0,0.956269,0.659422,1,1,0
472,PGD,0.010000,0.001667,10,2,walk,2,walk,4,run,0,0,0,0.682368,0.833727,1,0,1
473,PGD,0.010000,0.001667,10,2,walk,2,walk,2,walk,0,0,0,0.858771,0.651570,1,1,0
474,PGD,0.010000,0.001667,10,2,walk,2,walk,4,run,0,0,0,0.706782,0.896869,1,0,1
475,PGD,0.010000,0.001667,10,2,walk,2,walk,5,sit down,0,0,0,0.462701,0.485949,1,0,1
476,PGD,0.010000,0.001667,10,2,walk,2,walk,2,walk,0,0,0,0.951609,0.699975,1,1,0
477,PGD,0.010000,0.001667,10,2,walk,2,walk,4,run,0,0,0,0.798842,0.778380,1,0,1
478,PGD,0.010000,0.001667,10,2,walk,2,walk,2,walk,0,0,0,0.929948,0.588447,1,1,0
479,PGD,0.010000,0.001667,10,2,walk,2,walk,4,run,0,0,0,0.841831,0.690484,1,0,1
480,PGD,0.010000,0.001667,10,2,walk,2,walk,6,stand up,0,0,0,0.449724,0.521396,1,0,1
481,PGD,0.010000,0.001667,10,2,walk,2,walk,4,run,0,0,0,0.871698,0.630276,1,0,1
482,PGD,0.010000,0.001667,10,2,walk,4,run,4,run,0,0,0,0.526620,0.917366,0,0,0
483,PGD,0.010000,0.001667,10,2,walk,2,walk,4,run,0,0,0,0.852590,0.681653,1,0,1
484,PGD,0.010000,0.001667,10,2,walk,2,walk,1,fall,0,0,1,0.609819,0.615338,1,0,1
485,PGD,0.010000,0.001667,10,2,walk,2,walk,4,run,0,0,0,0.712732,0.416735,1,0,1
486,PGD,0.010000,0.001667,10,2,walk,2,walk,5,sit down,0,0,0,0.563491,0.407719,1,0,1
487,PGD,0.010000,0.001667,10,2,walk,2,walk,2,walk,0,0,0,0.952231,0.740964,1,1,0
488,PGD,0.010000,0.001667,10,2,walk,2,walk,5,sit down,0,0,0,0.553924,0.524186,1,0,1
489,PGD,0.010000,0.001667,10,2,walk,2,walk,2,walk,0,0,0,0.842104,0.449762,1,1,0
490,PGD,0.010000,0.001667,10,2,walk,2,walk,4,run,0,0,0,0.550200,0.880516,1,0,1
491,PGD,0.010000,0.001667,10,2,walk,2,walk,2,walk,0,0,0,0.969981,0.783345,1,1,0
492,PGD,0.010000,0.001667,10,2,walk,6,stand up,5,sit down,0,0,0,0.429332,0.417893,0,0,1
493,PGD,0.010000,0.001667,10,2,walk,2,walk,2,walk,0,0,0,0.704981,0.414090,1,1,0
494,PGD,0.010000,0.001667,10,2,walk,2,walk,5,sit down,0,0,0,0.844651,0.520502,1,0,1
495,PGD,0.010000,0.001667,10,2,walk,2,walk,2,walk,0,0,0,0.873993,0.411813,1,1,0
496,PGD,0.010000,0.001667,10,0,lie down,5,sit down,2,walk,0,0,0,0.308487,0.749292,0,0,1
497,PGD,0.010000,0.001667,10,0,lie down,3,pickup,3,pickup,0,0,0,0.826047,0.982172,0,0,0
498,PGD,0.010000,0.001667,10,0,lie down,0,lie down,3,pickup,0,0,0,0.599142,0.755943,1,0,1
499,PGD,0.010000,0.001667,10,0,lie down,2,walk,2,walk,0,0,0,0.433403,0.562420,0,0,0
500,PGD,0.010000,0.001667,10,0,lie down,0,lie down,3,pickup,0,0,0,0.912357,0.532443,1,0,1
501,PGD,0.010000,0.001667,10,0,lie down,2,walk,2,walk,0,0,0,0.799654,0.931906,0,0,0
502,PGD,0.010000,0.001667,10,0,lie down,2,walk,2,walk,0,0,0,0.587840,0.861382,0,0,0
503,PGD,0.010000,0.001667,10,0,lie down,5,sit down,2,walk,0,0,0,0.596781,0.691915,0,0,1
504,PGD,0.010000,0.001667,10,0,lie down,6,stand up,2,walk,0,0,0,0.352067,0.505620,0,0,1
505,PGD,0.010000,0.001667,10,0,lie down,3,pickup,3,pickup,0,0,0,0.552089,0.904532,0,0,0
506,PGD,0.010000,0.001667,10,0,lie down,0,lie down,1,fall,0,0,1,0.357108,0.393899,1,0,1
507,PGD,0.010000,0.001667,10,0,lie down,4,run,4,run,0,0,0,0.777960,0.948417,0,0,0
508,PGD,0.010000,0.001667,10,0,lie down,3,pickup,3,pickup,0,0,0,0.694397,0.972146,0,0,0
509,PGD,0.010000,0.001667,10,0,lie down,0,lie down,1,fall,0,0,1,0.459315,0.390163,1,0,1
510,PGD,0.010000,0.001667,10,0,lie down,3,pickup,3,pickup,0,0,0,0.773534,0.975453,0,0,0
511,PGD,0.010000,0.001667,10,0,lie down,2,walk,2,walk,0,0,0,0.894756,0.963679,0,0,0
512,PGD,0.010000,0.001667,10,0,lie down,6,stand up,1,fall,0,0,1,0.433886,0.671196,0,0,1
513,PGD,0.010000,0.001667,10,0,lie down,5,sit down,2,walk,0,0,0,0.487530,0.645817,0,0,1
514,PGD,0.010000,0.001667,10,0,lie down,2,walk,2,walk,0,0,0,0.713051,0.932222,0,0,0
515,PGD,0.010000,0.001667,10,0,lie down,0,lie down,3,pickup,0,0,0,0.742665,0.792136,1,0,1
516,PGD,0.010000,0.001667,10,0,lie down,0,lie down,3,pickup,0,0,0,0.709022,0.879275,1,0,1
517,PGD,0.010000,0.001667,10,0,lie down,2,walk,2,walk,0,0,0,0.407527,0.772416,0,0,0
518,PGD,0.010000,0.001667,10,0,lie down,0,lie down,2,walk,0,0,0,0.659809,0.326733,1,0,1
519,PGD,0.010000,0.001667,10,0,lie down,5,sit down,2,walk,0,0,0,0.441666,0.560081,0,0,1
520,PGD,0.010000,0.001667,10,0,lie down,0,lie down,4,run,0,0,0,0.527193,0.603035,1,0,1
521,PGD,0.010000,0.001667,10,0,lie down,5,sit down,2,walk,0,0,0,0.508288,0.864399,0,0,1
522,PGD,0.010000,0.001667,10,0,lie down,4,run,4,run,0,0,0,0.501467,0.710745,0,0,0
523,PGD,0.010000,0.001667,10,0,lie down,0,lie down,0,lie down,0,0,0,0.769943,0.479790,1,1,0
524,PGD,0.010000,0.001667,10,0,lie down,0,lie down,4,run,0,0,0,0.536707,0.335683,1,0,1
525,PGD,0.010000,0.001667,10,0,lie down,0,lie down,2,walk,0,0,0,0.765215,0.349025,1,0,1
526,PGD,0.010000,0.001667,10,0,lie down,0,lie down,2,walk,0,0,0,0.279339,0.663208,1,0,1
527,PGD,0.010000,0.001667,10,0,lie down,0,lie down,4,run,0,0,0,0.527375,0.861768,1,0,1
528,PGD,0.010000,0.001667,10,0,lie down,0,lie down,2,walk,0,0,0,0.317714,0.591674,1,0,1
529,PGD,0.010000,0.001667,10,0,lie down,2,walk,2,walk,0,0,0,0.830386,0.953995,0,0,0
530,PGD,0.010000,0.001667,10,0,lie down,0,lie down,3,pickup,0,0,0,0.802506,0.739293,1,0,1
531,PGD,0.010000,0.001667,10,0,lie down,2,walk,2,walk,0,0,0,0.352097,0.754578,0,0,0
532,PGD,0.010000,0.001667,10,0,lie down,0,lie down,3,pickup,0,0,0,0.534428,0.707988,1,0,1
533,PGD,0.010000,0.001667,10,0,lie down,2,walk,2,walk,0,0,0,0.540146,0.818795,0,0,0
534,PGD,0.010000,0.001667,10,0,lie down,0,lie down,2,walk,0,0,0,0.324019,0.817790,1,0,1
535,PGD,0.010000,0.001667,10,0,lie down,0,lie down,2,walk,0,0,0,0.331534,0.562925,1,0,1
536,PGD,0.010000,0.001667,10,0,lie down,0,lie down,3,pickup,0,0,0,0.717417,0.832980,1,0,1
537,PGD,0.010000,0.001667,10,0,lie down,0,lie down,5,sit down,0,0,0,0.382466,0.354580,1,0,1
538,PGD,0.010000,0.001667,10,0,lie down,0,lie down,3,pickup,0,0,0,0.854122,0.709439,1,0,1
539,PGD,0.010000,0.001667,10,0,lie down,0,lie down,4,run,0,0,0,0.536991,0.305470,1,0,1
540,PGD,0.010000,0.001667,10,0,lie down,0,lie down,5,sit down,0,0,0,0.686293,0.608804,1,0,1
541,PGD,0.010000,0.001667,10,0,lie down,0,lie down,3,pickup,0,0,0,0.571089,0.724707,1,0,1
542,PGD,0.010000,0.001667,10,0,lie down,4,run,4,run,0,0,0,0.462194,0.811947,0,0,0
543,PGD,0.010000,0.001667,10,0,lie down,0,lie down,2,walk,0,0,0,0.306349,0.642802,1,0,1
544,PGD,0.010000,0.001667,10,0,lie down,0,lie down,3,pickup,0,0,0,0.875320,0.811974,1,0,1
545,PGD,0.010000,0.001667,10,0,lie down,4,run,4,run,0,0,0,0.676182,0.898552,0,0,0
546,PGD,0.010000,0.001667,10,0,lie down,5,sit down,5,sit down,0,0,0,0.588319,0.307735,0,0,0
547,PGD,0.010000,0.001667,10,0,lie down,0,lie down,0,lie down,0,0,0,0.886317,0.533633,1,1,0
548,PGD,0.010000,0.001667,10,0,lie down,6,stand up,2,walk,0,0,0,0.330022,0.479166,0,0,1
549,PGD,0.010000,0.001667,10,0,lie down,2,walk,2,walk,0,0,0,0.528089,0.460723,0,0,0
550,PGD,0.010000,0.001667,10,0,lie down,3,pickup,4,run,0,0,0,0.358047,0.375500,0,0,1
551,PGD,0.010000,0.001667,10,0,lie down,0,lie down,2,walk,0,0,0,0.452218,0.867656,1,0,1
552,PGD,0.010000,0.001667,10,0,lie down,5,sit down,2,walk,0,0,0,0.491645,0.820097,0,0,1
553,PGD,0.010000,0.001667,10,0,lie down,4,run,4,run,0,0,0,0.508457,0.749743,0,0,0
554,PGD,0.010000,0.001667,10,0,lie down,0,lie down,2,walk,0,0,0,0.553784,0.621536,1,0,1
555,PGD,0.010000,0.001667,10,0,lie down,2,walk,2,walk,0,0,0,0.500228,0.883414,0,0,0
556,PGD,0.010000,0.001667,10,0,lie down,4,run,4,run,0,0,0,0.614207,0.815744,0,0,0
557,PGD,0.010000,0.001667,10,0,lie down,6,stand up,1,fall,0,0,1,0.199953,0.426382,0,0,1
558,PGD,0.010000,0.001667,10,0,lie down,5,sit down,2,walk,0,0,0,0.629657,0.745324,0,0,1
559,PGD,0.010000,0.001667,10,0,lie down,0,lie down,5,sit down,0,0,0,0.512670,0.331470,1,0,1
560,PGD,0.010000,0.001667,10,0,lie down,4,run,4,run,0,0,0,0.644823,0.811181,0,0,0
561,PGD,0.010000,0.001667,10,0,lie down,5,sit down,2,walk,0,0,0,0.432317,0.648123,0,0,1
562,PGD,0.010000,0.001667,10,1,fall,1,fall,2,walk,1,1,0,0.595993,0.459266,1,0,1
563,PGD,0.010000,0.001667,10,1,fall,1,fall,0,lie down,1,1,0,0.447534,0.353872,1,0,1
564,PGD,0.010000,0.001667,10,1,fall,4,run,4,run,1,0,0,0.417867,0.356177,0,0,0
565,PGD,0.010000,0.001667,10,1,fall,1,fall,6,stand up,1,1,0,0.462027,0.433551,1,0,1
566,PGD,0.010000,0.001667,10,1,fall,4,run,0,lie down,1,0,0,0.391119,0.533731,0,0,1
567,PGD,0.010000,0.001667,10,1,fall,4,run,0,lie down,1,0,0,0.418090,0.410280,0,0,1
568,PGD,0.010000,0.001667,10,1,fall,4,run,4,run,1,0,0,0.802772,0.969991,0,0,0
569,PGD,0.010000,0.001667,10,1,fall,4,run,4,run,1,0,0,0.682063,0.922904,0,0,0
570,PGD,0.010000,0.001667,10,1,fall,4,run,4,run,1,0,0,0.774381,0.959139,0,0,0
571,PGD,0.010000,0.001667,10,1,fall,4,run,4,run,1,0,0,0.818256,0.967113,0,0,0
572,PGD,0.010000,0.001667,10,1,fall,1,fall,2,walk,1,1,0,0.513589,0.548773,1,0,1
573,PGD,0.010000,0.001667,10,1,fall,1,fall,2,walk,1,1,0,0.475309,0.511596,1,0,1
574,PGD,0.010000,0.001667,10,1,fall,4,run,4,run,1,0,0,0.481027,0.861078,0,0,0
575,PGD,0.010000,0.001667,10,1,fall,1,fall,2,walk,1,1,0,0.457001,0.899147,1,0,1
576,PGD,0.010000,0.001667,10,1,fall,4,run,0,lie down,1,0,0,0.549039,0.769222,0,0,1
577,PGD,0.010000,0.001667,10,1,fall,4,run,4,run,1,0,0,0.448323,0.704569,0,0,0
578,PGD,0.010000,0.001667,10,1,fall,1,fall,2,walk,1,1,0,0.663787,0.757347,1,0,1
579,PGD,0.010000,0.001667,10,1,fall,2,walk,2,walk,1,0,0,0.667852,0.875422,0,0,0
580,PGD,0.010000,0.001667,10,1,fall,1,fall,2,walk,1,1,0,0.502491,0.758617,1,0,1
581,PGD,0.010000,0.001667,10,1,fall,1,fall,2,walk,1,1,0,0.638431,0.717626,1,0,1
582,PGD,0.010000,0.001667,10,1,fall,1,fall,2,walk,1,1,0,0.699729,0.673543,1,0,1
583,PGD,0.010000,0.001667,10,1,fall,2,walk,2,walk,1,0,0,0.684838,0.755974,0,0,0
584,PGD,0.010000,0.001667,10,1,fall,1,fall,2,walk,1,1,0,0.505568,0.750253,1,0,1
585,PGD,0.010000,0.001667,10,1,fall,2,walk,2,walk,1,0,0,0.670601,0.745061,0,0,0
586,PGD,0.010000,0.001667,10,1,fall,1,fall,2,walk,1,1,0,0.569928,0.483774,1,0,1
587,PGD,0.010000,0.001667,10,1,fall,1,fall,2,walk,1,1,0,0.672930,0.712210,1,0,1
588,PGD,0.010000,0.001667,10,1,fall,1,fall,2,walk,1,1,0,0.672904,0.289152,1,0,1
589,PGD,0.010000,0.001667,10,1,fall,1,fall,2,walk,1,1,0,0.612981,0.747184,1,0,1
590,PGD,0.010000,0.001667,10,1,fall,1,fall,2,walk,1,1,0,0.716603,0.660657,1,0,1
591,PGD,0.010000,0.001667,10,1,fall,1,fall,2,walk,1,1,0,0.623029,0.685775,1,0,1
592,PGD,0.010000,0.001667,10,1,fall,2,walk,2,walk,1,0,0,0.387005,0.787885,0,0,0
593,PGD,0.010000,0.001667,10,1,fall,1,fall,2,walk,1,1,0,0.567034,0.833488,1,0,1
594,PGD,0.010000,0.001667,10,1,fall,1,fall,2,walk,1,1,0,0.440145,0.867817,1,0,1
595,PGD,0.010000,0.001667,10,1,fall,4,run,4,run,1,0,0,0.842740,0.973380,0,0,0
596,PGD,0.010000,0.001667,10,1,fall,1,fall,2,walk,1,1,0,0.570561,0.512304,1,0,1
597,PGD,0.010000,0.001667,10,1,fall,1,fall,2,walk,1,1,0,0.564850,0.617019,1,0,1
598,PGD,0.010000,0.001667,10,1,fall,1,fall,2,walk,1,1,0,0.667635,0.644096,1,0,1
599,PGD,0.010000,0.001667,10,1,fall,1,fall,4,run,1,1,0,0.452882,0.661050,1,0,1
600,PGD,0.010000,0.001667,10,1,fall,1,fall,2,walk,1,1,0,0.698250,0.631822,1,0,1
601,PGD,0.010000,0.001667,10,1,fall,2,walk,2,walk,1,0,0,0.928716,0.973008,0,0,0
602,PGD,0.010000,0.001667,10,1,fall,2,walk,2,walk,1,0,0,0.844128,0.953800,0,0,0
603,PGD,0.010000,0.001667,10,1,fall,1,fall,2,walk,1,1,0,0.623092,0.777512,1,0,1
604,PGD,0.010000,0.001667,10,1,fall,1,fall,0,lie down,1,1,0,0.547753,0.278764,1,0,1
605,PGD,0.010000,0.001667,10,1,fall,1,fall,2,walk,1,1,0,0.589608,0.661663,1,0,1
606,PGD,0.010000,0.001667,10,1,fall,1,fall,2,walk,1,1,0,0.611887,0.724494,1,0,1
607,PGD,0.010000,0.001667,10,3,pickup,3,pickup,0,lie down,0,0,0,0.583189,0.793089,1,0,1
608,PGD,0.010000,0.001667,10,3,pickup,2,walk,2,walk,0,0,0,0.377317,0.719339,0,0,0
609,PGD,0.010000,0.001667,10,3,pickup,1,fall,1,fall,0,1,1,0.536664,0.469717,0,0,0
610,PGD,0.010000,0.001667,10,3,pickup,1,fall,2,walk,0,1,0,0.413294,0.468790,0,0,1
611,PGD,0.010000,0.001667,10,3,pickup,2,walk,2,walk,0,0,0,0.647130,0.871117,0,0,0
612,PGD,0.010000,0.001667,10,3,pickup,4,run,2,walk,0,0,0,0.289353,0.685650,0,0,1
613,PGD,0.010000,0.001667,10,3,pickup,3,pickup,0,lie down,0,0,0,0.539309,0.557113,1,0,1
614,PGD,0.010000,0.001667,10,3,pickup,1,fall,1,fall,0,1,1,0.526424,0.527542,0,0,0
615,PGD,0.010000,0.001667,10,3,pickup,3,pickup,0,lie down,0,0,0,0.642212,0.841648,1,0,1
616,PGD,0.010000,0.001667,10,3,pickup,2,walk,2,walk,0,0,0,0.451057,0.805077,0,0,0
617,PGD,0.010000,0.001667,10,3,pickup,1,fall,2,walk,0,1,0,0.327681,0.813458,0,0,1
618,PGD,0.010000,0.001667,10,3,pickup,3,pickup,3,pickup,0,0,0,0.942202,0.546798,1,1,0
619,PGD,0.010000,0.001667,10,3,pickup,4,run,2,walk,0,0,0,0.408699,0.516569,0,0,1
620,PGD,0.010000,0.001667,10,3,pickup,3,pickup,0,lie down,0,0,0,0.799899,0.766978,1,0,1
621,PGD,0.010000,0.001667,10,3,pickup,3,pickup,0,lie down,0,0,0,0.777071,0.773180,1,0,1
622,PGD,0.010000,0.001667,10,3,pickup,3,pickup,0,lie down,0,0,0,0.726323,0.765438,1,0,1
623,PGD,0.010000,0.001667,10,3,pickup,3,pickup,0,lie down,0,0,0,0.663801,0.814476,1,0,1
624,PGD,0.010000,0.001667,10,3,pickup,1,fall,1,fall,0,1,1,0.631032,0.635454,0,0,0
625,PGD,0.010000,0.001667,10,3,pickup,1,fall,2,walk,0,1,0,0.349581,0.470480,0,0,1
626,PGD,0.010000,0.001667,10,3,pickup,3,pickup,0,lie down,0,0,0,0.698213,0.814993,1,0,1
627,PGD,0.010000,0.001667,10,3,pickup,3,pickup,0,lie down,0,0,0,0.571442,0.753219,1,0,1
628,PGD,0.010000,0.001667,10,3,pickup,3,pickup,3,pickup,0,0,0,0.919272,0.499835,1,1,0
629,PGD,0.010000,0.001667,10,3,pickup,3,pickup,0,lie down,0,0,0,0.792115,0.746804,1,0,1
630,PGD,0.010000,0.001667,10,3,pickup,3,pickup,0,lie down,0,0,0,0.798272,0.770369,1,0,1
631,PGD,0.010000,0.001667,10,3,pickup,1,fall,2,walk,0,1,0,0.425192,0.544826,0,0,1
632,PGD,0.010000,0.001667,10,3,pickup,3,pickup,0,lie down,0,0,0,0.674453,0.820377,1,0,1
633,PGD,0.010000,0.001667,10,3,pickup,3,pickup,0,lie down,0,0,0,0.706107,0.736860,1,0,1
634,PGD,0.010000,0.001667,10,3,pickup,3,pickup,0,lie down,0,0,0,0.743968,0.674618,1,0,1
635,PGD,0.010000,0.001667,10,3,pickup,3,pickup,0,lie down,0,0,0,0.669932,0.798746,1,0,1
636,PGD,0.010000,0.001667,10,3,pickup,2,walk,2,walk,0,0,0,0.698238,0.923160,0,0,0
637,PGD,0.010000,0.001667,10,3,pickup,3,pickup,0,lie down,0,0,0,0.751798,0.630843,1,0,1
638,PGD,0.010000,0.001667,10,3,pickup,2,walk,2,walk,0,0,0,0.696670,0.946352,0,0,0
639,PGD,0.010000,0.001667,10,3,pickup,1,fall,2,walk,0,1,0,0.313733,0.758220,0,0,1
640,PGD,0.010000,0.001667,10,3,pickup,3,pickup,0,lie down,0,0,0,0.682283,0.850488,1,0,1
641,PGD,0.010000,0.001667,10,3,pickup,4,run,4,run,0,0,0,0.494597,0.706151,0,0,0
642,PGD,0.010000,0.001667,10,3,pickup,2,walk,2,walk,0,0,0,0.484441,0.773041,0,0,0
643,PGD,0.010000,0.001667,10,3,pickup,4,run,2,walk,0,0,0,0.326038,0.424780,0,0,1
644,PGD,0.010000,0.001667,10,3,pickup,3,pickup,0,lie down,0,0,0,0.768196,0.766282,1,0,1
645,PGD,0.010000,0.001667,10,3,pickup,4,run,4,run,0,0,0,0.718468,0.877608,0,0,0
646,PGD,0.010000,0.001667,10,3,pickup,3,pickup,0,lie down,0,0,0,0.841440,0.596974,1,0,1
647,PGD,0.010000,0.001667,10,3,pickup,1,fall,4,run,0,1,0,0.441865,0.418026,0,0,1
648,PGD,0.010000,0.001667,10,3,pickup,3,pickup,0,lie down,0,0,0,0.641573,0.821099,1,0,1
649,PGD,0.010000,0.001667,10,3,pickup,4,run,2,walk,0,0,0,0.323320,0.568254,0,0,1
650,PGD,0.010000,0.001667,10,3,pickup,4,run,4,run,0,0,0,0.563782,0.721517,0,0,0
651,PGD,0.010000,0.001667,10,3,pickup,1,fall,2,walk,0,1,0,0.325877,0.823872,0,0,1
652,PGD,0.010000,0.001667,10,3,pickup,4,run,4,run,0,0,0,0.608909,0.793640,0,0,0
653,PGD,0.010000,0.001667,10,3,pickup,4,run,4,run,0,0,0,0.891389,0.955372,0,0,0
654,PGD,0.010000,0.001667,10,3,pickup,0,lie down,0,lie down,0,0,0,0.499411,0.838251,0,0,0
655,PGD,0.010000,0.001667,10,3,pickup,0,lie down,0,lie down,0,0,0,0.586645,0.897583,0,0,0
656,PGD,0.010000,0.001667,10,3,pickup,2,walk,2,walk,0,0,0,0.308828,0.807101,0,0,0
657,PGD,0.010000,0.001667,10,4,run,4,run,0,lie down,0,0,0,0.342078,0.344833,1,0,1
658,PGD,0.010000,0.001667,10,4,run,2,walk,2,walk,0,0,0,0.738562,0.952289,0,0,0
659,PGD,0.010000,0.001667,10,4,run,4,run,5,sit down,0,0,0,0.445987,0.286718,1,0,1
660,PGD,0.010000,0.001667,10,4,run,2,walk,2,walk,0,0,0,0.527235,0.955156,0,0,0
661,PGD,0.010000,0.001667,10,4,run,4,run,2,walk,0,0,0,0.740056,0.325599,1,0,1
662,PGD,0.010000,0.001667,10,4,run,2,walk,2,walk,0,0,0,0.504711,0.684745,0,0,0
663,PGD,0.010000,0.001667,10,4,run,4,run,4,run,0,0,0,0.979410,0.812262,1,1,0
664,PGD,0.010000,0.001667,10,4,run,4,run,4,run,0,0,0,0.975251,0.825497,1,1,0
665,PGD,0.010000,0.001667,10,4,run,4,run,2,walk,0,0,0,0.825965,0.842354,1,0,1
666,PGD,0.010000,0.001667,10,4,run,4,run,2,walk,0,0,0,0.872123,0.444338,1,0,1
667,PGD,0.010000,0.001667,10,4,run,5,sit down,5,sit down,0,0,0,0.348227,0.457685,0,0,0
668,PGD,0.010000,0.001667,10,4,run,4,run,4,run,0,0,0,0.971970,0.787854,1,1,0
669,PGD,0.010000,0.001667,10,4,run,4,run,4,run,0,0,0,0.903215,0.523480,1,1,0
670,PGD,0.010000,0.001667,10,4,run,4,run,0,lie down,0,0,0,0.430143,0.325134,1,0,1
671,PGD,0.010000,0.001667,10,4,run,4,run,4,run,0,0,0,0.837645,0.476091,1,1,0
672,PGD,0.010000,0.001667,10,4,run,4,run,1,fall,0,0,1,0.674217,0.403048,1,0,1
673,PGD,0.010000,0.001667,10,4,run,4,run,0,lie down,0,0,0,0.259923,0.538606,1,0,1
674,PGD,0.010000,0.001667,10,4,run,4,run,2,walk,0,0,0,0.682981,0.905174,1,0,1
675,PGD,0.010000,0.001667,10,4,run,4,run,2,walk,0,0,0,0.807237,0.555228,1,0,1
676,PGD,0.010000,0.001667,10,4,run,4,run,4,run,0,0,0,0.962519,0.764500,1,1,0
677,PGD,0.010000,0.001667,10,4,run,4,run,4,run,0,0,0,0.457748,0.294766,1,1,0
678,PGD,0.010000,0.001667,10,4,run,4,run,4,run,0,0,0,0.973115,0.797630,1,1,0
679,PGD,0.010000,0.001667,10,4,run,2,walk,2,walk,0,0,0,0.432448,0.693951,0,0,0
680,PGD,0.010000,0.001667,10,4,run,4,run,1,fall,0,0,1,0.728874,0.537721,1,0,1
681,PGD,0.010000,0.001667,10,4,run,4,run,2,walk,0,0,0,0.689658,0.902159,1,0,1
682,PGD,0.010000,0.001667,10,4,run,4,run,2,walk,0,0,0,0.800602,0.841976,1,0,1
683,PGD,0.010000,0.001667,10,4,run,4,run,4,run,0,0,0,0.819995,0.385364,1,1,0
684,PGD,0.010000,0.001667,10,4,run,4,run,4,run,0,0,0,0.877958,0.413523,1,1,0
685,PGD,0.010000,0.001667,10,4,run,4,run,2,walk,0,0,0,0.810893,0.424800,1,0,1
686,PGD,0.010000,0.001667,10,4,run,4,run,4,run,0,0,0,0.558754,0.315529,1,1,0
687,PGD,0.010000,0.001667,10,4,run,2,walk,2,walk,0,0,0,0.683197,0.970888,0,0,0
688,PGD,0.010000,0.001667,10,4,run,4,run,4,run,0,0,0,0.920579,0.571257,1,1,0
689,PGD,0.010000,0.001667,10,4,run,4,run,4,run,0,0,0,0.974576,0.782348,1,1,0
690,PGD,0.010000,0.001667,10,4,run,4,run,4,run,0,0,0,0.948510,0.597380,1,1,0
691,PGD,0.010000,0.001667,10,4,run,2,walk,2,walk,0,0,0,0.774394,0.976609,0,0,0
692,PGD,0.010000,0.001667,10,4,run,4,run,2,walk,0,0,0,0.498405,0.902950,1,0,1
693,PGD,0.010000,0.001667,10,4,run,4,run,4,run,0,0,0,0.981811,0.837116,1,1,0
694,PGD,0.010000,0.001667,10,4,run,4,run,4,run,0,0,0,0.971943,0.725281,1,1,0
695,PGD,0.010000,0.001667,10,4,run,2,walk,2,walk,0,0,0,0.626712,0.928437,0,0,0
696,PGD,0.010000,0.001667,10,4,run,4,run,2,walk,0,0,0,0.782574,0.617362,1,0,1
697,PGD,0.010000,0.001667,10,4,run,4,run,2,walk,0,0,0,0.498611,0.917711,1,0,1
698,PGD,0.010000,0.001667,10,4,run,4,run,2,walk,0,0,0,0.700348,0.898650,1,0,1
699,PGD,0.010000,0.001667,10,4,run,2,walk,2,walk,0,0,0,0.643609,0.934820,0,0,0
700,PGD,0.010000,0.001667,10,4,run,4,run,2,walk,0,0,0,0.673152,0.900025,1,0,1
701,PGD,0.010000,0.001667,10,4,run,2,walk,2,walk,0,0,0,0.588041,0.815948,0,0,0
702,PGD,0.010000,0.001667,10,4,run,4,run,0,lie down,0,0,0,0.395626,0.270243,1,0,1
703,PGD,0.010000,0.001667,10,4,run,2,walk,2,walk,0,0,0,0.509890,0.950129,0,0,0
704,PGD,0.010000,0.001667,10,4,run,4,run,4,run,0,0,0,0.945639,0.549565,1,1,0
705,PGD,0.010000,0.001667,10,4,run,2,walk,2,walk,0,0,0,0.587504,0.951801,0,0,0
706,PGD,0.010000,0.001667,10,4,run,4,run,4,run,0,0,0,0.960554,0.727272,1,1,0
707,PGD,0.010000,0.001667,10,4,run,4,run,2,walk,0,0,0,0.902939,0.490014,1,0,1
708,PGD,0.010000,0.001667,10,4,run,4,run,2,walk,0,0,0,0.899058,0.567603,1,0,1
709,PGD,0.010000,0.001667,10,4,run,4,run,4,run,0,0,0,0.880935,0.394254,1,1,0
710,PGD,0.010000,0.001667,10,4,run,4,run,4,run,0,0,0,0.971159,0.762180,1,1,0
711,PGD,0.010000,0.001667,10,4,run,1,fall,1,fall,0,1,1,0.365522,0.395268,0,0,0
712,PGD,0.010000,0.001667,10,4,run,4,run,4,run,0,0,0,0.953450,0.701711,1,1,0
713,PGD,0.010000,0.001667,10,4,run,4,run,2,walk,0,0,0,0.631372,0.868751,1,0,1
714,PGD,0.010000,0.001667,10,4,run,2,walk,2,walk,0,0,0,0.395959,0.566492,0,0,0
715,PGD,0.010000,0.001667,10,4,run,4,run,4,run,0,0,0,0.883458,0.457929,1,1,0
716,PGD,0.010000,0.001667,10,4,run,4,run,3,pickup,0,0,0,0.679860,0.313620,1,0,1
717,PGD,0.010000,0.001667,10,4,run,4,run,4,run,0,0,0,0.889367,0.427769,1,1,0
718,PGD,0.010000,0.001667,10,4,run,4,run,2,walk,0,0,0,0.786677,0.335653,1,0,1
719,PGD,0.010000,0.001667,10,4,run,4,run,2,walk,0,0,0,0.790865,0.461997,1,0,1
720,PGD,0.010000,0.001667,10,4,run,4,run,2,walk,0,0,0,0.805372,0.376418,1,0,1
721,PGD,0.010000,0.001667,10,4,run,4,run,4,run,0,0,0,0.978127,0.765630,1,1,0
722,PGD,0.010000,0.001667,10,4,run,4,run,4,run,0,0,0,0.950898,0.608923,1,1,0
723,PGD,0.010000,0.001667,10,4,run,2,walk,2,walk,0,0,0,0.490351,0.654733,0,0,0
724,PGD,0.010000,0.001667,10,4,run,4,run,2,walk,0,0,0,0.872983,0.673377,1,0,1
725,PGD,0.010000,0.001667,10,4,run,2,walk,2,walk,0,0,0,0.662757,0.910180,0,0,0
726,PGD,0.010000,0.001667,10,4,run,2,walk,2,walk,0,0,0,0.697274,0.953225,0,0,0
727,PGD,0.010000,0.001667,10,4,run,4,run,4,run,0,0,0,0.886706,0.499327,1,1,0
728,PGD,0.010000,0.001667,10,4,run,4,run,4,run,0,0,0,0.916340,0.559306,1,1,0
729,PGD,0.010000,0.001667,10,4,run,4,run,4,run,0,0,0,0.917041,0.638115,1,1,0
730,PGD,0.010000,0.001667,10,4,run,4,run,2,walk,0,0,0,0.869621,0.731966,1,0,1
731,PGD,0.010000,0.001667,10,4,run,0,lie down,0,lie down,0,0,0,0.450819,0.806719,0,0,0
732,PGD,0.010000,0.001667,10,4,run,4,run,2,walk,0,0,0,0.609529,0.928347,1,0,1
733,PGD,0.010000,0.001667,10,4,run,4,run,1,fall,0,0,1,0.829555,0.450424,1,0,1
734,PGD,0.010000,0.001667,10,4,run,4,run,4,run,0,0,0,0.907404,0.454726,1,1,0
735,PGD,0.010000,0.001667,10,4,run,4,run,2,walk,0,0,0,0.859994,0.500566,1,0,1
736,PGD,0.010000,0.001667,10,4,run,4,run,2,walk,0,0,0,0.843454,0.800759,1,0,1
737,PGD,0.010000,0.001667,10,4,run,4,run,2,walk,0,0,0,0.545537,0.945850,1,0,1
738,PGD,0.010000,0.001667,10,4,run,2,walk,2,walk,0,0,0,0.618659,0.877492,0,0,0
739,PGD,0.010000,0.001667,10,4,run,4,run,4,run,0,0,0,0.994929,0.945106,1,1,0
740,PGD,0.010000,0.001667,10,4,run,4,run,1,fall,0,0,1,0.812385,0.411087,1,0,1
741,PGD,0.010000,0.001667,10,4,run,1,fall,2,walk,0,1,0,0.320188,0.319763,0,0,1
742,PGD,0.010000,0.001667,10,4,run,4,run,2,walk,0,0,0,0.850352,0.536795,1,0,1
743,PGD,0.010000,0.001667,10,4,run,4,run,4,run,0,0,0,0.986839,0.881713,1,1,0
744,PGD,0.010000,0.001667,10,4,run,4,run,1,fall,0,0,1,0.828091,0.470243,1,0,1
745,PGD,0.010000,0.001667,10,4,run,4,run,4,run,0,0,0,0.982699,0.846036,1,1,0
746,PGD,0.010000,0.001667,10,4,run,4,run,2,walk,0,0,0,0.601450,0.905771,1,0,1
747,PGD,0.010000,0.001667,10,4,run,4,run,2,walk,0,0,0,0.874627,0.630122,1,0,1
748,PGD,0.010000,0.001667,10,4,run,2,walk,2,walk,0,0,0,0.396582,0.707438,0,0,0
749,PGD,0.010000,0.001667,10,4,run,4,run,2,walk,0,0,0,0.719651,0.571789,1,0,1
750,PGD,0.010000,0.001667,10,4,run,4,run,1,fall,0,0,1,0.830879,0.493958,1,0,1
751,PGD,0.010000,0.001667,10,4,run,4,run,2,walk,0,0,0,0.835753,0.635034,1,0,1
752,PGD,0.010000,0.001667,10,4,run,4,run,4,run,0,0,0,0.958782,0.743589,1,1,0
753,PGD,0.010000,0.001667,10,4,run,4,run,2,walk,0,0,0,0.733804,0.885835,1,0,1
754,PGD,0.010000,0.001667,10,4,run,4,run,2,walk,0,0,0,0.574021,0.938027,1,0,1
755,PGD,0.010000,0.001667,10,4,run,4,run,4,run,0,0,0,0.837388,0.454054,1,1,0
756,PGD,0.010000,0.001667,10,4,run,4,run,2,walk,0,0,0,0.685933,0.610440,1,0,1
757,PGD,0.010000,0.001667,10,4,run,4,run,2,walk,0,0,0,0.407285,0.416527,1,0,1
758,PGD,0.010000,0.001667,10,4,run,4,run,1,fall,0,0,1,0.776191,0.470605,1,0,1
759,PGD,0.010000,0.001667,10,4,run,4,run,1,fall,0,0,1,0.692587,0.461000,1,0,1
760,PGD,0.010000,0.001667,10,4,run,2,walk,2,walk,0,0,0,0.378410,0.536446,0,0,0
761,PGD,0.010000,0.001667,10,4,run,4,run,2,walk,0,0,0,0.802873,0.516850,1,0,1
762,PGD,0.010000,0.001667,10,4,run,4,run,4,run,0,0,0,0.828664,0.375666,1,1,0
763,PGD,0.010000,0.001667,10,4,run,2,walk,2,walk,0,0,0,0.635826,0.916540,0,0,0
764,PGD,0.010000,0.001667,10,4,run,4,run,2,walk,0,0,0,0.474528,0.751494,1,0,1
765,PGD,0.010000,0.001667,10,4,run,4,run,4,run,0,0,0,0.953824,0.728989,1,1,0
766,PGD,0.010000,0.001667,10,4,run,2,walk,2,walk,0,0,0,0.415726,0.675326,0,0,0
767,PGD,0.010000,0.001667,10,4,run,4,run,2,walk,0,0,0,0.766212,0.384437,1,0,1
768,PGD,0.010000,0.001667,10,4,run,2,walk,2,walk,0,0,0,0.505610,0.941097,0,0,0
769,PGD,0.010000,0.001667,10,4,run,4,run,4,run,0,0,0,0.969651,0.751915,1,1,0
770,PGD,0.010000,0.001667,10,4,run,4,run,2,walk,0,0,0,0.415776,0.646754,1,0,1
771,PGD,0.010000,0.001667,10,4,run,4,run,4,run,0,0,0,0.925180,0.538395,1,1,0
772,PGD,0.010000,0.001667,10,4,run,2,walk,5,sit down,0,0,0,0.421680,0.381917,0,0,1
773,PGD,0.010000,0.001667,10,4,run,2,walk,2,walk,0,0,0,0.625733,0.962356,0,0,0
774,PGD,0.010000,0.001667,10,4,run,4,run,2,walk,0,0,0,0.721770,0.890681,1,0,1
775,PGD,0.010000,0.001667,10,4,run,4,run,2,walk,0,0,0,0.706622,0.896582,1,0,1
776,PGD,0.010000,0.001667,10,4,run,4,run,2,walk,0,0,0,0.676733,0.423836,1,0,1
777,PGD,0.010000,0.001667,10,4,run,4,run,1,fall,0,0,1,0.805764,0.445205,1,0,1
778,PGD,0.010000,0.001667,10,5,sit down,2,walk,2,walk,0,0,0,0.480751,0.427834,0,0,0
779,PGD,0.010000,0.001667,10,5,sit down,2,walk,2,walk,0,0,0,0.422671,0.930977,0,0,0
780,PGD,0.010000,0.001667,10,5,sit down,6,stand up,1,fall,0,0,1,0.377667,0.461766,0,0,1
781,PGD,0.010000,0.001667,10,5,sit down,5,sit down,6,stand up,0,0,0,0.506872,0.272351,1,0,1
782,PGD,0.010000,0.001667,10,5,sit down,2,walk,4,run,0,0,0,0.374710,0.643621,0,0,1
783,PGD,0.010000,0.001667,10,5,sit down,5,sit down,2,walk,0,0,0,0.337249,0.470381,1,0,1
784,PGD,0.010000,0.001667,10,5,sit down,5,sit down,5,sit down,0,0,0,0.716126,0.522165,1,1,0
785,PGD,0.010000,0.001667,10,5,sit down,2,walk,2,walk,0,0,0,0.381617,0.877254,0,0,0
786,PGD,0.010000,0.001667,10,5,sit down,2,walk,2,walk,0,0,0,0.707284,0.815591,0,0,0
787,PGD,0.010000,0.001667,10,5,sit down,0,lie down,0,lie down,0,0,0,0.589305,0.805205,0,0,0
788,PGD,0.010000,0.001667,10,5,sit down,5,sit down,2,walk,0,0,0,0.477258,0.672435,1,0,1
789,PGD,0.010000,0.001667,10,5,sit down,2,walk,2,walk,0,0,0,0.534431,0.819515,0,0,0
790,PGD,0.010000,0.001667,10,5,sit down,5,sit down,6,stand up,0,0,0,0.361568,0.378631,1,0,1
791,PGD,0.010000,0.001667,10,5,sit down,5,sit down,2,walk,0,0,0,0.426530,0.911123,1,0,1
792,PGD,0.010000,0.001667,10,5,sit down,0,lie down,4,run,0,0,0,0.318653,0.616171,0,0,1
793,PGD,0.010000,0.001667,10,5,sit down,2,walk,2,walk,0,0,0,0.841339,0.903480,0,0,0
794,PGD,0.010000,0.001667,10,5,sit down,2,walk,2,walk,0,0,0,0.554564,0.944544,0,0,0
795,PGD,0.010000,0.001667,10,5,sit down,1,fall,1,fall,0,1,1,0.426151,0.607546,0,0,0
796,PGD,0.010000,0.001667,10,5,sit down,6,stand up,1,fall,0,0,1,0.385163,0.281481,0,0,1
797,PGD,0.010000,0.001667,10,5,sit down,2,walk,2,walk,0,0,0,0.692059,0.944165,0,0,0
798,PGD,0.010000,0.001667,10,5,sit down,2,walk,2,walk,0,0,0,0.407213,0.620793,0,0,0
799,PGD,0.010000,0.001667,10,5,sit down,2,walk,2,walk,0,0,0,0.601609,0.920487,0,0,0
800,PGD,0.010000,0.001667,10,5,sit down,2,walk,2,walk,0,0,0,0.720484,0.963049,0,0,0
801,PGD,0.010000,0.001667,10,5,sit down,5,sit down,2,walk,0,0,0,0.444365,0.739823,1,0,1
802,PGD,0.010000,0.001667,10,5,sit down,2,walk,2,walk,0,0,0,0.872523,0.873047,0,0,0
803,PGD,0.010000,0.001667,10,5,sit down,5,sit down,2,walk,0,0,0,0.462211,0.876315,1,0,1
804,PGD,0.010000,0.001667,10,5,sit down,2,walk,2,walk,0,0,0,0.393473,0.798684,0,0,0
805,PGD,0.010000,0.001667,10,5,sit down,2,walk,2,walk,0,0,0,0.532684,0.923677,0,0,0
806,PGD,0.010000,0.001667,10,5,sit down,2,walk,2,walk,0,0,0,0.740968,0.789904,0,0,0
807,PGD,0.010000,0.001667,10,5,sit down,2,walk,2,walk,0,0,0,0.846218,0.893986,0,0,0
808,PGD,0.010000,0.001667,10,5,sit down,5,sit down,2,walk,0,0,0,0.606751,0.456735,1,0,1
809,PGD,0.010000,0.001667,10,5,sit down,0,lie down,3,pickup,0,0,0,0.356119,0.719828,0,0,1
810,PGD,0.010000,0.001667,10,5,sit down,5,sit down,0,lie down,0,0,0,0.455741,0.593523,1,0,1
811,PGD,0.010000,0.001667,10,5,sit down,2,walk,2,walk,0,0,0,0.629361,0.881397,0,0,0
812,PGD,0.010000,0.001667,10,5,sit down,2,walk,2,walk,0,0,0,0.765547,0.908465,0,0,0
813,PGD,0.010000,0.001667,10,5,sit down,2,walk,4,run,0,0,0,0.453675,0.770418,0,0,1
814,PGD,0.010000,0.001667,10,5,sit down,2,walk,2,walk,0,0,0,0.541745,0.632411,0,0,0
815,PGD,0.010000,0.001667,10,5,sit down,2,walk,2,walk,0,0,0,0.735262,0.927142,0,0,0
816,PGD,0.010000,0.001667,10,5,sit down,2,walk,2,walk,0,0,0,0.759838,0.812291,0,0,0
817,PGD,0.010000,0.001667,10,5,sit down,2,walk,1,fall,0,0,1,0.380907,0.636164,0,0,1
818,PGD,0.010000,0.001667,10,6,stand up,2,walk,2,walk,0,0,0,0.395165,0.674802,0,0,0
819,PGD,0.010000,0.001667,10,6,stand up,6,stand up,2,walk,0,0,0,0.425665,0.695747,1,0,1
820,PGD,0.010000,0.001667,10,6,stand up,4,run,4,run,0,0,0,0.574880,0.856786,0,0,0
821,PGD,0.010000,0.001667,10,6,stand up,5,sit down,0,lie down,0,0,0,0.397562,0.417333,0,0,1
822,PGD,0.010000,0.001667,10,6,stand up,5,sit down,2,walk,0,0,0,0.345618,0.752545,0,0,1
823,PGD,0.010000,0.001667,10,6,stand up,6,stand up,2,walk,0,0,0,0.438269,0.465585,1,0,1
824,PGD,0.010000,0.001667,10,6,stand up,4,run,4,run,0,0,0,0.415508,0.535634,0,0,0
825,PGD,0.010000,0.001667,10,6,stand up,6,stand up,2,walk,0,0,0,0.408587,0.725295,1,0,1
826,PGD,0.010000,0.001667,10,6,stand up,2,walk,2,walk,0,0,0,0.826919,0.878221,0,0,0
827,PGD,0.010000,0.001667,10,6,stand up,1,fall,1,fall,0,1,1,0.457413,0.524702,0,0,0
828,PGD,0.010000,0.001667,10,6,stand up,4,run,4,run,0,0,0,0.364386,0.667866,0,0,0
829,PGD,0.010000,0.001667,10,6,stand up,2,walk,2,walk,0,0,0,0.968116,0.952809,0,0,0
830,PGD,0.010000,0.001667,10,6,stand up,2,walk,2,walk,0,0,0,0.615436,0.852520,0,0,0
831,PGD,0.010000,0.001667,10,6,stand up,6,stand up,1,fall,0,0,1,0.437250,0.477943,1,0,1
832,PGD,0.010000,0.001667,10,6,stand up,2,walk,1,fall,0,0,1,0.340001,0.448097,0,0,1
833,PGD,0.010000,0.001667,10,6,stand up,2,walk,2,walk,0,0,0,0.586532,0.772996,0,0,0
834,PGD,0.010000,0.001667,10,6,stand up,1,fall,1,fall,0,1,1,0.362419,0.638923,0,0,0
835,PGD,0.010000,0.001667,10,6,stand up,2,walk,2,walk,0,0,0,0.502617,0.488904,0,0,0
836,PGD,0.010000,0.001667,10,6,stand up,2,walk,2,walk,0,0,0,0.521652,0.594522,0,0,0
837,PGD,0.010000,0.001667,10,6,stand up,2,walk,2,walk,0,0,0,0.744697,0.842259,0,0,0
838,PGD,0.010000,0.001667,10,6,stand up,6,stand up,1,fall,0,0,1,0.329701,0.492370,1,0,1
839,PGD,0.010000,0.001667,10,6,stand up,1,fall,1,fall,0,1,1,0.378461,0.606092,0,0,0
840,PGD,0.010000,0.001667,10,6,stand up,2,walk,2,walk,0,0,0,0.599951,0.942270,0,0,0
841,PGD,0.010000,0.001667,10,6,stand up,1,fall,1,fall,0,1,1,0.371195,0.524618,0,0,0
842,PGD,0.010000,0.001667,10,6,stand up,2,walk,2,walk,0,0,0,0.379937,0.777565,0,0,0
843,PGD,0.010000,0.001667,10,6,stand up,6,stand up,1,fall,0,0,1,0.378240,0.650270,1,0,1
844,PGD,0.010000,0.001667,10,6,stand up,6,stand up,0,lie down,0,0,0,0.287627,0.544054,1,0,1
845,PGD,0.010000,0.001667,10,6,stand up,6,stand up,2,walk,0,0,0,0.514343,0.468409,1,0,1
846,PGD,0.010000,0.001667,10,6,stand up,1,fall,1,fall,0,1,1,0.388928,0.523758,0,0,0
847,PGD,0.010000,0.001667,10,6,stand up,1,fall,1,fall,0,1,1,0.377051,0.602044,0,0,0
848,PGD,0.010000,0.001667,10,6,stand up,1,fall,1,fall,0,1,1,0.427384,0.655147,0,0,0
849,PGD,0.010000,0.001667,10,2,walk,2,walk,4,run,0,0,0,0.661776,0.593684,1,0,1
850,PGD,0.010000,0.001667,10,2,walk,2,walk,6,stand up,0,0,0,0.711592,0.304642,1,0,1
851,PGD,0.010000,0.001667,10,2,walk,2,walk,5,sit down,0,0,0,0.717009,0.443660,1,0,1
852,PGD,0.010000,0.001667,10,2,walk,2,walk,4,run,0,0,0,0.516895,0.932728,1,0,1
853,PGD,0.010000,0.001667,10,2,walk,2,walk,5,sit down,0,0,0,0.921398,0.427229,1,0,1
854,PGD,0.010000,0.001667,10,2,walk,2,walk,4,run,0,0,0,0.751697,0.837777,1,0,1
855,PGD,0.010000,0.001667,10,2,walk,2,walk,4,run,0,0,0,0.523892,0.914735,1,0,1
856,PGD,0.010000,0.001667,10,2,walk,2,walk,4,run,0,0,0,0.825478,0.732388,1,0,1
857,PGD,0.010000,0.001667,10,2,walk,2,walk,2,walk,0,0,0,0.914725,0.774227,1,1,0
858,PGD,0.010000,0.001667,10,2,walk,2,walk,2,walk,0,0,0,0.950381,0.578223,1,1,0
859,PGD,0.010000,0.001667,10,2,walk,2,walk,4,run,0,0,0,0.754658,0.674121,1,0,1
860,PGD,0.010000,0.001667,10,2,walk,2,walk,1,fall,0,0,1,0.830317,0.390602,1,0,1
861,PGD,0.010000,0.001667,10,2,walk,5,sit down,5,sit down,0,0,0,0.414694,0.577631,0,0,0
862,PGD,0.010000,0.001667,10,2,walk,2,walk,2,walk,0,0,0,0.797585,0.455530,1,1,0
863,PGD,0.010000,0.001667,10,2,walk,2,walk,2,walk,0,0,0,0.966020,0.819490,1,1,0
864,PGD,0.010000,0.001667,10,2,walk,2,walk,2,walk,0,0,0,0.952855,0.721529,1,1,0
865,PGD,0.010000,0.001667,10,2,walk,2,walk,2,walk,0,0,0,0.697800,0.410155,1,1,0
866,PGD,0.010000,0.001667,10,2,walk,2,walk,5,sit down,0,0,0,0.650016,0.705414,1,0,1
867,PGD,0.010000,0.001667,10,2,walk,2,walk,4,run,0,0,0,0.625124,0.514056,1,0,1
868,PGD,0.010000,0.001667,10,2,walk,4,run,4,run,0,0,0,0.809783,0.962739,0,0,0
869,PGD,0.010000,0.001667,10,2,walk,2,walk,4,run,0,0,0,0.658365,0.425676,1,0,1
870,PGD,0.010000,0.001667,10,2,walk,2,walk,2,walk,0,0,0,0.935199,0.518700,1,1,0
871,PGD,0.010000,0.001667,10,2,walk,2,walk,4,run,0,0,0,0.930167,0.488368,1,0,1
872,PGD,0.010000,0.001667,10,2,walk,2,walk,4,run,0,0,0,0.691900,0.370383,1,0,1
873,PGD,0.010000,0.001667,10,2,walk,2,walk,2,walk,0,0,0,0.942042,0.690671,1,1,0
874,PGD,0.010000,0.001667,10,2,walk,2,walk,2,walk,0,0,0,0.835465,0.517049,1,1,0
875,PGD,0.010000,0.001667,10,2,walk,2,walk,2,walk,0,0,0,0.839272,0.493942,1,1,0
876,PGD,0.010000,0.001667,10,2,walk,4,run,4,run,0,0,0,0.700462,0.965277,0,0,0
877,PGD,0.010000,0.001667,10,2,walk,2,walk,2,walk,0,0,0,0.932315,0.643309,1,1,0
878,PGD,0.010000,0.001667,10,2,walk,2,walk,4,run,0,0,0,0.576345,0.873924,1,0,1
879,PGD,0.010000,0.001667,10,2,walk,2,walk,2,walk,0,0,0,0.852277,0.276868,1,1,0
880,PGD,0.010000,0.001667,10,2,walk,2,walk,5,sit down,0,0,0,0.698884,0.238774,1,0,1
881,PGD,0.010000,0.001667,10,2,walk,4,run,4,run,0,0,0,0.686913,0.965738,0,0,0
882,PGD,0.010000,0.001667,10,2,walk,2,walk,5,sit down,0,0,0,0.737141,0.351729,1,0,1
883,PGD,0.010000,0.001667,10,2,walk,2,walk,2,walk,0,0,0,0.905670,0.334097,1,1,0
884,PGD,0.010000,0.001667,10,2,walk,6,stand up,0,lie down,0,0,0,0.282012,0.266848,0,0,1
885,PGD,0.010000,0.001667,10,2,walk,2,walk,5,sit down,0,0,0,0.901199,0.380050,1,0,1
886,PGD,0.010000,0.001667,10,2,walk,2,walk,2,walk,0,0,0,0.959650,0.751939,1,1,0
887,PGD,0.010000,0.001667,10,2,walk,6,stand up,5,sit down,0,0,0,0.401956,0.372081,0,0,1
888,PGD,0.010000,0.001667,10,2,walk,2,walk,2,walk,0,0,0,0.803581,0.479137,1,1,0
889,PGD,0.010000,0.001667,10,2,walk,2,walk,4,run,0,0,0,0.867951,0.476681,1,0,1
890,PGD,0.010000,0.001667,10,2,walk,2,walk,4,run,0,0,0,0.574104,0.909966,1,0,1
891,PGD,0.010000,0.001667,10,2,walk,2,walk,4,run,0,0,0,0.606296,0.593942,1,0,1
892,PGD,0.010000,0.001667,10,2,walk,2,walk,2,walk,0,0,0,0.920501,0.569020,1,1,0
893,PGD,0.010000,0.001667,10,2,walk,2,walk,2,walk,0,0,0,0.970779,0.773785,1,1,0
894,PGD,0.010000,0.001667,10,2,walk,2,walk,0,lie down,0,0,0,0.599441,0.450750,1,0,1
895,PGD,0.010000,0.001667,10,2,walk,2,walk,2,walk,0,0,0,0.958975,0.780918,1,1,0
896,PGD,0.010000,0.001667,10,2,walk,2,walk,5,sit down,0,0,0,0.595218,0.487620,1,0,1
897,PGD,0.010000,0.001667,10,2,walk,2,walk,5,sit down,0,0,0,0.354505,0.376031,1,0,1
898,PGD,0.010000,0.001667,10,2,walk,2,walk,2,walk,0,0,0,0.855126,0.358556,1,1,0
899,PGD,0.010000,0.001667,10,2,walk,2,walk,4,run,0,0,0,0.934736,0.573482,1,0,1
900,PGD,0.010000,0.001667,10,2,walk,2,walk,6,stand up,0,0,0,0.273643,0.248217,1,0,1
901,PGD,0.010000,0.001667,10,2,walk,2,walk,2,walk,0,0,0,0.748317,0.296905,1,1,0
902,PGD,0.010000,0.001667,10,2,walk,2,walk,5,sit down,0,0,0,0.800612,0.375936,1,0,1
903,PGD,0.010000,0.001667,10,2,walk,2,walk,4,run,0,0,0,0.434680,0.859811,1,0,1
904,PGD,0.010000,0.001667,10,2,walk,4,run,4,run,0,0,0,0.499725,0.941052,0,0,0
905,PGD,0.010000,0.001667,10,2,walk,2,walk,1,fall,0,0,1,0.788606,0.614499,1,0,1
906,PGD,0.010000,0.001667,10,2,walk,2,walk,2,walk,0,0,0,0.836695,0.518502,1,1,0
907,PGD,0.010000,0.001667,10,2,walk,2,walk,2,walk,0,0,0,0.982171,0.849108,1,1,0
908,PGD,0.010000,0.001667,10,2,walk,2,walk,4,run,0,0,0,0.654802,0.826758,1,0,1
909,PGD,0.010000,0.001667,10,2,walk,2,walk,2,walk,0,0,0,0.946956,0.606929,1,1,0
910,PGD,0.010000,0.001667,10,2,walk,4,run,4,run,0,0,0,0.918914,0.986808,0,0,0
911,PGD,0.010000,0.001667,10,2,walk,2,walk,1,fall,0,0,1,0.658260,0.705099,1,0,1
912,PGD,0.010000,0.001667,10,2,walk,2,walk,0,lie down,0,0,0,0.547877,0.298958,1,0,1
913,PGD,0.010000,0.001667,10,2,walk,2,walk,4,run,0,0,0,0.909494,0.541413,1,0,1
914,PGD,0.010000,0.001667,10,2,walk,2,walk,4,run,0,0,0,0.597584,0.848405,1,0,1
915,PGD,0.010000,0.001667,10,2,walk,2,walk,0,lie down,0,0,0,0.518305,0.309378,1,0,1
916,PGD,0.010000,0.001667,10,2,walk,2,walk,4,run,0,0,0,0.811516,0.564562,1,0,1
917,PGD,0.010000,0.001667,10,2,walk,4,run,4,run,0,0,0,0.622000,0.923230,0,0,0
918,PGD,0.010000,0.001667,10,2,walk,2,walk,4,run,0,0,0,0.820522,0.729794,1,0,1
919,PGD,0.010000,0.001667,10,2,walk,2,walk,5,sit down,0,0,0,0.875519,0.482578,1,0,1
920,PGD,0.010000,0.001667,10,2,walk,2,walk,4,run,0,0,0,0.857526,0.760804,1,0,1
921,PGD,0.010000,0.001667,10,2,walk,2,walk,2,walk,0,0,0,0.894128,0.520047,1,1,0
922,PGD,0.010000,0.001667,10,2,walk,2,walk,4,run,0,0,0,0.886311,0.631400,1,0,1
923,PGD,0.010000,0.001667,10,2,walk,2,walk,4,run,0,0,0,0.551007,0.915261,1,0,1
924,PGD,0.010000,0.001667,10,2,walk,2,walk,5,sit down,0,0,0,0.765357,0.335949,1,0,1
925,PGD,0.010000,0.001667,10,2,walk,2,walk,4,run,0,0,0,0.853742,0.365381,1,0,1
926,PGD,0.010000,0.001667,10,2,walk,2,walk,4,run,0,0,0,0.597341,0.847004,1,0,1
927,PGD,0.010000,0.001667,10,2,walk,2,walk,4,run,0,0,0,0.895679,0.527532,1,0,1
928,PGD,0.010000,0.001667,10,2,walk,2,walk,3,pickup,0,0,0,0.542346,0.440798,1,0,1
929,PGD,0.010000,0.001667,10,2,walk,2,walk,4,run,0,0,0,0.596630,0.893394,1,0,1
930,PGD,0.010000,0.001667,10,2,walk,2,walk,2,walk,0,0,0,0.797318,0.263443,1,1,0
931,PGD,0.010000,0.001667,10,2,walk,2,walk,2,walk,0,0,0,0.979067,0.809514,1,1,0
932,PGD,0.010000,0.001667,10,2,walk,2,walk,4,run,0,0,0,0.789610,0.520540,1,0,1
933,PGD,0.010000,0.001667,10,2,walk,2,walk,1,fall,0,0,1,0.689743,0.626876,1,0,1
934,PGD,0.010000,0.001667,10,2,walk,2,walk,4,run,0,0,0,0.897918,0.666002,1,0,1
935,PGD,0.010000,0.001667,10,2,walk,2,walk,2,walk,0,0,0,0.970605,0.789490,1,1,0
936,PGD,0.010000,0.001667,10,2,walk,2,walk,1,fall,0,0,1,0.774586,0.449789,1,0,1
937,PGD,0.010000,0.001667,10,2,walk,2,walk,0,lie down,0,0,0,0.707560,0.462821,1,0,1
938,PGD,0.010000,0.001667,10,2,walk,2,walk,4,run,0,0,0,0.606096,0.847078,1,0,1
939,PGD,0.010000,0.001667,10,2,walk,2,walk,4,run,0,0,0,0.759735,0.540305,1,0,1
940,PGD,0.010000,0.001667,10,2,walk,2,walk,4,run,0,0,0,0.805844,0.804685,1,0,1
941,PGD,0.010000,0.001667,10,2,walk,2,walk,4,run,0,0,0,0.716980,0.385355,1,0,1
942,PGD,0.010000,0.001667,10,2,walk,2,walk,4,run,0,0,0,0.800943,0.539403,1,0,1
943,PGD,0.010000,0.001667,10,2,walk,2,walk,2,walk,0,0,0,0.943356,0.634137,1,1,0
944,PGD,0.010000,0.001667,10,2,walk,2,walk,2,walk,0,0,0,0.950700,0.662818,1,1,0
945,PGD,0.010000,0.001667,10,2,walk,4,run,4,run,0,0,0,0.749788,0.966980,0,0,0
946,PGD,0.010000,0.001667,10,2,walk,2,walk,4,run,0,0,0,0.640769,0.849659,1,0,1
947,PGD,0.010000,0.001667,10,2,walk,2,walk,4,run,0,0,0,0.852039,0.368433,1,0,1
948,PGD,0.010000,0.001667,10,2,walk,2,walk,2,walk,0,0,0,0.980709,0.814044,1,1,0
949,PGD,0.010000,0.001667,10,2,walk,2,walk,4,run,0,0,0,0.891567,0.616624,1,0,1
950,PGD,0.010000,0.001667,10,2,walk,2,walk,2,walk,0,0,0,0.915591,0.713987,1,1,0
951,PGD,0.010000,0.001667,10,2,walk,2,walk,6,stand up,0,0,0,0.767296,0.267255,1,0,1
952,PGD,0.010000,0.001667,10,2,walk,2,walk,4,run,0,0,0,0.555149,0.400564,1,0,1
953,PGD,0.010000,0.001667,10,2,walk,2,walk,2,walk,0,0,0,0.828656,0.527812,1,1,0
954,PGD,0.010000,0.001667,10,2,walk,2,walk,2,walk,0,0,0,0.802040,0.584507,1,1,0
955,PGD,0.010000,0.001667,10,2,walk,2,walk,4,run,0,0,0,0.725530,0.381585,1,0,1
956,PGD,0.010000,0.001667,10,2,walk,2,walk,4,run,0,0,0,0.598668,0.502184,1,0,1
957,PGD,0.010000,0.001667,10,2,walk,2,walk,2,walk,0,0,0,0.900147,0.550549,1,1,0
958,PGD,0.010000,0.001667,10,2,walk,2,walk,4,run,0,0,0,0.706759,0.873588,1,0,1
959,PGD,0.010000,0.001667,10,2,walk,2,walk,2,walk,0,0,0,0.918607,0.526123,1,1,0
960,PGD,0.010000,0.001667,10,2,walk,2,walk,4,run,0,0,0,0.834226,0.698458,1,0,1
961,PGD,0.010000,0.001667,10,2,walk,2,walk,4,run,0,0,0,0.932911,0.504137,1,0,1
962,PGD,0.010000,0.001667,10,2,walk,2,walk,4,run,0,0,0,0.726457,0.414204,1,0,1
963,PGD,0.010000,0.001667,10,2,walk,2,walk,4,run,0,0,0,0.891791,0.468305,1,0,1
964,PGD,0.010000,0.001667,10,2,walk,2,walk,4,run,0,0,0,0.805367,0.477466,1,0,1
965,PGD,0.010000,0.001667,10,2,walk,4,run,4,run,0,0,0,0.916655,0.981864,0,0,0
966,PGD,0.010000,0.001667,10,2,walk,6,stand up,5,sit down,0,0,0,0.383855,0.376486,0,0,1
967,PGD,0.010000,0.001667,10,2,walk,4,run,4,run,0,0,0,0.927690,0.986593,0,0,0
968,PGD,0.010000,0.001667,10,2,walk,2,walk,4,run,0,0,0,0.781948,0.552158,1,0,1
969,PGD,0.010000,0.001667,10,2,walk,2,walk,2,walk,0,0,0,0.934191,0.633676,1,1,0
970,PGD,0.010000,0.001667,10,2,walk,2,walk,4,run,0,0,0,0.863933,0.718502,1,0,1
971,PGD,0.010000,0.001667,10,2,walk,2,walk,4,run,0,0,0,0.735049,0.833784,1,0,1
972,PGD,0.010000,0.001667,10,2,walk,2,walk,4,run,0,0,0,0.480162,0.557598,1,0,1
973,PGD,0.010000,0.001667,10,2,walk,2,walk,4,run,0,0,0,0.569049,0.879661,1,0,1
974,PGD,0.010000,0.001667,10,2,walk,2,walk,4,run,0,0,0,0.562719,0.894950,1,0,1
975,PGD,0.010000,0.001667,10,2,walk,2,walk,4,run,0,0,0,0.537927,0.889377,1,0,1
976,PGD,0.010000,0.001667,10,2,walk,2,walk,2,walk,0,0,0,0.975705,0.799323,1,1,0
977,PGD,0.010000,0.001667,10,2,walk,2,walk,2,walk,0,0,0,0.932812,0.596690,1,1,0
978,PGD,0.010000,0.001667,10,2,walk,2,walk,4,run,0,0,0,0.828300,0.748232,1,0,1
979,PGD,0.010000,0.001667,10,2,walk,2,walk,2,walk,0,0,0,0.961358,0.753802,1,1,0
980,PGD,0.010000,0.001667,10,2,walk,2,walk,2,walk,0,0,0,0.955736,0.815940,1,1,0
981,PGD,0.010000,0.001667,10,2,walk,2,walk,4,run,0,0,0,0.929207,0.518862,1,0,1
982,PGD,0.010000,0.001667,10,2,walk,2,walk,2,walk,0,0,0,0.947680,0.615287,1,1,0
983,PGD,0.010000,0.001667,10,2,walk,2,walk,2,walk,0,0,0,0.876629,0.387126,1,1,0
984,PGD,0.010000,0.001667,10,2,walk,2,walk,4,run,0,0,0,0.903299,0.645475,1,0,1
985,PGD,0.010000,0.001667,10,2,walk,2,walk,5,sit down,0,0,0,0.724072,0.411326,1,0,1
986,PGD,0.010000,0.001667,10,2,walk,2,walk,4,run,0,0,0,0.811064,0.630485,1,0,1
987,PGD,0.010000,0.001667,10,2,walk,2,walk,5,sit down,0,0,0,0.536339,0.487639,1,0,1
988,PGD,0.010000,0.001667,10,2,walk,2,walk,4,run,0,0,0,0.774008,0.793720,1,0,1
989,PGD,0.010000,0.001667,10,2,walk,2,walk,2,walk,0,0,0,0.988745,0.921859,1,1,0
990,PGD,0.010000,0.001667,10,2,walk,2,walk,2,walk,0,0,0,0.821018,0.301483,1,1,0
991,PGD,0.010000,0.001667,10,2,walk,2,walk,2,walk,0,0,0,0.803771,0.455377,1,1,0
992,PGD,0.010000,0.001667,10,2,walk,2,walk,4,run,0,0,0,0.760720,0.505132,1,0,1
993,PGD,0.010000,0.001667,10,2,walk,2,walk,4,run,0,0,0,0.596346,0.555487,1,0,1
994,PGD,0.010000,0.001667,10,2,walk,2,walk,0,lie down,0,0,0,0.677089,0.359682,1,0,1
995,PGD,0.010000,0.001667,10,2,walk,2,walk,2,walk,0,0,0,0.932112,0.761505,1,1,0
